"Ticker","Company","Country","Exchange","Industry","Gross Profit Margin","Diluted EPS 1Y Growth","Gross Profit 3Y CAGR","Gross Profit 1Y Growth","Free Cash Flow (M)","Total Enterprise Value (TEV) (M)","Stock-Based Compensation (Cash Flow Statement) (M)","Free Cash Flow Margin","Shares Out Growth 3Y (CAGR)","EPS Normalized Actual vs Estimate (Quarterly)","Revenue Actual vs Estimate (Quarterly)","FCF Yield","Forward FCF Yield","Stock Price","TR 1M Performance","YTD Performance","Revenue Forward 2Y CAGR","CapEx to Revenue","PEG Ratio","Market Cap (M)","Buyback Yield","Revenue 3Y CAGR","Operating Margin","Net Debt / EBITDA","Beta","TR 3Y Performance (CAGR)","Diluted EPS 3Y CAGR","EPS Normalized Forward 2Y CAGR","Return on Invested Capital","TR 5Y Performance (CAGR)"
"BLK","BlackRock, Inc.","US","NYSE","Capital Markets","47.2%","1.2%","15.4%","21.7%","$3,515.00","$195,811.11","$1,461.00","12.9%","1.2%","9.0%","3.0%","1.9%","5.3%","$1,155.61","2.6%","6.5%","16.3%","0.0","1.6","$187,759.11","1.1%","16.3%","35.3%","0.1","1.5","20.6%","6.9%","12.3%","5.2%","6.7%"
"CNM","Core & Main, Inc.","US","NYSE","Trading Companies and Distributors","27.1%","9.2%","4.5%","2.3%","$608.00","$10,683.62","$15.00","8.0%","4.1%","11.7%","0.8%","7.3%","6.5%","$42.96","-2.3%","-19.6%","3.5%","0.0","0.7","$8,313.62","2.5%","4.9%","9.5%","2.5","1.0","9.2%","3.5%","13.5%","10.5%","9.0%"
"HLNE","Hamilton Lane Incorporated","US","NasdaqGS","Capital Markets","60.7%","27.5%","16.7%","22.1%","$366.83","$6,774.78","$51.26","42.7%","3.5%","16.9%","21.4%","6.1%","","$108.82","14.7%","-20.4%","17.7%","0.0","0.6","$5,994.17","0.3%","18.3%","43.6%","0.1","1.3","7.1%","31.2%","9.9%","17.6%","7.0%"
"YOU","Clear Secure, Inc.","US","NYSE","Software","66.7%","-7.7%","27.0%","26.8%","$508.39","$5,160.39","$43.24","50.8%","4.6%","6.7%","3.1%","8.5%","5.7%","$44.15","-20.1%","28.4%","18.8%","0.0","0.8","$5,972.97","0.5%","23.9%","25.1%","-3.1","1.2","31.0%","38.1%","28.3%","14.7%","0.8%"
"HGTY","Hagerty, Inc.","US","NYSE","Insurance","56.8%","-21.5%","19.1%","-14.3%","$278.49","$4,293.03","$19.08","19.7%","6.5%","139.6%","12.9%","6.1%","","$13.30","15.4%","1.1%","2.6%","0.0","-0.9","$4,570.18","0.1%","16.6%","13.4%","-3.5","0.9","14.0%","25.4%","26.5%","26.8%","5.8%"
"DRH","DiamondRock Hospitality Company","US","NasdaqGS","Hotel and Resort REITs","29.5%","158.0%","2.8%","8.4%","$163.44","$3,623.01","$8.35","14.4%","-0.8%","64.6%","1.1%","6.5%","3.8%","$12.31","-8.0%","35.0%","2.1%","0.1","0.2","$2,527.18","0.7%","2.4%","16.4%","3.6","1.1","19.4%","21.6%","7.5%","6.3%","9.1%"
"GSHD","Goosehead Insurance, Inc.","US","NasdaqGS","Insurance","49.6%","20.0%","27.4%","29.5%","$75.04","$2,541.10","$22.10","18.7%","-0.1%","82.1%","9.9%","3.3%","3.8%","$68.65","31.7%","-9.0%","16.2%","0.0","2.8","$2,268.05","5.9%","18.6%","23.2%","3.3","1.5","0.3%","72.7%","21.1%","23.1%","-10.7%"
"NVDA","NVIDIA Corporation","US","NasdaqGS","Semiconductors and Semiconductor Equipment","74.7%","125.3%","120.4%","96.0%","$127,006.00","$5,307,565.66","$7,241.00","41.9%","-0.8%","5.3%","4.4%","2.4%","3.5%","$220.78","6.8%","16.9%","76.4%","0.0","0.3","$5,331,174.66","1.2%","110.1%","65.2%","-0.1","2.3","65.8%","167.3%","53.5%","105.3%","58.1%"
"AAPL","Apple Inc.","US","NasdaqGS","Technology Hardware, Storage and Peripherals","48.7%","32.6%","10.8%","19.1%","$136,683.00","$4,561,992.93","$13,706.00","29.3%","-2.3%","6.2%","0.4%","3.0%","3.5%","$316.85","4.5%","16.9%","12.3%","0.0","2.0","$4,624,165.93","1.9%","6.7%","33.2%","-0.4","1.1","19.2%","13.6%","12.2%","41.4%","16.3%"
"MSFT","Microsoft Corporation","US","NasdaqGS","Software","67.9%","31.6%","15.6%","16.3%","$66,987.00","$3,818,874.97","$12,405.00","20.2%","-0.0%","5.2%","2.7%","1.8%","2.0%","$507.29","4.2%","7.3%","18.7%","0.3","2.0","$3,766,904.97","0.5%","16.1%","46.8%","0.3","1.1","16.5%","22.9%","18.5%","21.0%","11.9%"
"AVGO","Broadcom Inc.","US","NasdaqGS","Semiconductors and Semiconductor Equipment","76.3%","124.6%","30.1%","31.0%","$32,762.00","$1,807,201.25","$8,785.00","43.4%","4.9%","1.3%","0.5%","1.9%","4.0%","$370.34","-5.6%","6.5%","64.8%","0.0","0.9","$1,761,922.25","0.5%","29.1%","44.2%","1.1","1.2","63.9%","23.4%","63.0%","20.3%","52.5%"
"MU","Micron Technology, Inc.","US","NasdaqGS","Semiconductors and Semiconductor Equipment","72.6%","705.7%","241.8%","421.8%","$26,172.00","$1,059,031.10","$1,204.00","29.0%","1.0%","33.2%","15.7%","2.4%","6.8%","$958.73","15.6%","204.0%","154.0%","0.3","0.0","$1,082,783.10","0.1%","70.6%","65.7%","-0.3","1.5","139.7%","155.3%","249.9%","60.9%","67.0%"
"LLY","Eli Lilly and Company","US","NYSE","Pharmaceuticals","83.4%","94.8%","42.5%","51.0%","$18,190.00","$1,076,221.46","$649.00","22.8%","-0.3%","9.1%","11.1%","1.8%","2.9%","$1,156.73","3.3%","7.1%","24.9%","0.1","0.8","$1,031,059.46","0.6%","39.2%","49.7%","1.1","0.4","28.5%","60.7%","31.9%","34.7%","36.3%"
"AMD","Advanced Micro Devices, Inc.","US","NasdaqGS","Semiconductors and Semiconductor Equipment","55.7%","124.8%","28.2%","52.5%","$8,403.00","$759,603.65","$1,895.00","20.3%","0.3%","16.0%","2.0%","1.1%","2.9%","$470.72","-2.9%","110.6%","58.8%","0.0","1.5","$768,438.65","0.1%","23.6%","15.8%","-0.9","1.9","62.6%","529.5%","63.0%","9.2%","33.7%"
"V","Visa Inc.","US","NYSE","Financial Services","97.7%","14.7%","11.8%","14.3%","$21,013.00","$706,953.84","$919.00","47.2%","-1.0%","6.8%","2.0%","3.0%","4.2%","$379.37","3.9%","9.5%","12.7%","0.0","2.1","$696,373.84","3.1%","11.8%","66.9%","0.3","0.8","16.1%","14.2%","13.5%","28.0%","11.4%"
"MA","Mastercard Incorporated","US","NYSE","Financial Services","100.0%","22.6%","14.1%","16.0%","$16,702.00","$529,127.42","$615.00","47.6%","-2.4%","12.3%","2.2%","3.2%","3.6%","$589.31","3.2%","4.6%","13.1%","0.0","1.9","$516,241.42","3.1%","14.1%","59.9%","0.6","0.9","13.0%","19.4%","15.5%","41.7%","11.7%"
"CSCO","Cisco Systems, Inc.","US","NasdaqGS","Communications Equipment","64.6%","30.6%","4.6%","11.1%","$12,767.00","$449,104.12","$3,830.00","20.2%","-1.1%","1.7%","2.5%","2.9%","5.9%","$110.49","-4.6%","45.3%","10.8%","0.0","1.8","$435,489.12","1.6%","3.6%","25.4%","0.7","0.9","27.4%","2.7%","8.8%","11.1%","16.6%"
"KO","The Coca-Cola Company","US","NYSE","Beverages","61.9%","18.0%","6.3%","7.3%","$14,297.00","$411,562.04","$266.00","28.5%","-0.2%","5.9%","1.5%","3.7%","3.4%","$88.67","2.1%","28.3%","1.8%","0.0","2.7","$381,507.04","0.2%","4.3%","31.8%","1.6","0.4","17.8%","11.4%","7.6%","15.8%","12.6%"
"LRCX","Lam Research Corporation","US","NasdaqGS","Semiconductors and Semiconductor Equipment","50.5%","38.8%","14.3%","30.6%","$4,891.25","$375,803.16","$386.38","21.1%","-1.9%","7.9%","0.8%","1.3%","2.1%","$301.49","2.3%","62.9%","32.3%","0.0","0.8","$377,260.77","1.0%","10.1%","35.3%","-0.2","1.8","64.0%","20.2%","38.0%","49.0%","39.6%"
"CAT","Caterpillar Inc.","US","NYSE","Machinery","29.7%","18.0%","5.2%","13.3%","$8,994.00","$405,776.93","","12.0%","-3.4%","9.5%","7.0%","2.5%","2.3%","$797.47","-3.9%","33.3%","14.1%","0.1","0.8","$366,576.93","2.0%","4.9%","18.7%","2.4","1.6","42.7%","13.1%","21.2%","14.2%","33.1%"
"AMAT","Applied Materials, Inc.","US","NasdaqGS","Semiconductors and Semiconductor Equipment","49.4%","38.3%","7.3%","9.8%","$5,623.00","$361,890.13","$701.00","18.2%","-1.7%","7.9%","1.2%","1.5%","2.5%","$458.39","-11.4%","70.5%","27.5%","0.1","1.1","$363,777.13","0.6%","5.1%","31.2%","-0.2","1.7","45.0%","15.2%","22.2%","30.3%","29.1%"
"MRK","Merck & Co., Inc.","US","NYSE","Pharmaceuticals","75.9%","-80.4%","5.8%","2.6%","$16,063.00","$411,370.28","$892.00","24.1%","-0.9%","1.5%","1.5%","4.4%","5.9%","$147.76","15.6%","38.8%","4.0%","0.1","-1.7","$364,549.28","1.1%","4.5%","35.3%","1.6","0.3","13.8%","1.3%","4.0%","12.8%","17.8%"
"NFLX","Netflix, Inc.","US","NasdaqGS","Entertainment","49.1%","35.5%","24.0%","17.5%","$11,152.01","$345,014.06","$487.33","23.1%","-2.2%","-6.9%","-0.2%","3.3%","2.9%","$81.05","10.5%","-10.9%","12.3%","0.0","0.6","$337,487.31","2.9%","14.6%","29.7%","0.5","1.7","22.6%","50.0%","23.2%","23.4%","6.8%"
"DELL","Dell Technologies Inc.","US","NYSE","Technology Hardware, Storage and Peripherals","19.2%","95.8%","5.3%","19.8%","$9,442.00","$314,913.41","$722.00","7.0%","-3.9%","10.7%","22.6%","3.2%","4.8%","$456.01","6.3%","256.8%","31.6%","0.0","0.4","$294,647.41","2.1%","11.3%","8.4%","1.4","1.1","91.4%","68.1%","19.6%","14.6%","59.3%"
"ANET","Arista Networks, Inc.","US","NYSE","Communications Equipment","63.0%","23.9%","28.0%","30.0%","$5,155.30","$233,465.75","$502.30","48.9%","0.6%","8.2%","7.2%","2.1%","2.2%","$195.69","5.8%","46.5%","33.9%","0.0","1.6","$246,809.05","0.2%","26.1%","43.1%","-2.9","1.4","58.3%","32.7%","20.2%","46.2%","54.2%"
"GEV","GE Vernova Inc.","US","NYSE","Electrical Equipment","20.6%","742.9%","27.9%","25.8%","$12,438.00","$231,466.71","","30.1%","","20.4%","3.1%","5.2%","1.9%","$898.53","-10.8%","32.2%","17.6%","0.0","-2.9","$239,308.71","2.3%","8.7%","6.6%","-2.3","","","20.9%","21.3%","5.3%",""
"KLAC","KLA Corporation","US","NasdaqGS","Semiconductors and Semiconductor Equipment","61.3%","20.4%","9.9%","12.4%","$3,767.13","$230,482.94","$310.17","27.7%","-1.5%","2.5%","1.5%","1.6%","2.3%","$175.45","-3.9%","37.7%","25.4%","0.0","1.1","$229,233.63","1.0%","9.0%","41.7%","0.2","1.4","52.5%","14.9%","21.6%","45.1%","40.6%"
"SNDK","Sandisk Corporation","US","NasdaqGS","Technology Hardware, Storage and Peripherals","71.5%","-751.6%","222.9%","554.2%","$11,494.00","$223,056.65","$232.00","56.8%","","75.0%","6.8%","5.0%","13.0%","$1,566.70","21.6%","469.2%","68.9%","0.0","0.1","$229,394.65","2.2%","49.3%","61.6%","-0.5","","","70.9%","539.7%","83.6%",""
"CRM","Salesforce, Inc.","US","NYSE","Software","77.3%","56.8%","11.3%","10.7%","$15,154.00","$242,928.42","$3,665.00","34.5%","-5.4%","24.9%","0.2%","7.1%","10.7%","$257.54","38.5%","1.5%","10.6%","0.0","0.8","$211,955.42","16.5%","9.9%","21.5%","2.4","1.3","5.1%","89.1%","9.2%","7.5%","-0.8%"
"TMUS","T-Mobile US, Inc.","US","NasdaqGS","Wireless Telecommunication Services","63.1%","-9.9%","6.3%","8.6%","$18,399.00","$311,154.87","$866.00","20.0%","-3.0%","31.1%","-0.7%","9.5%","9.1%","$180.44","2.5%","-9.6%","5.7%","0.1","1.5","$193,552.87","6.4%","5.5%","22.1%","3.4","0.4","11.4%","24.1%","13.7%","7.6%","6.6%"
"APH","Amphenol Corporation","US","NYSE","Electronic Equipment, Instruments and Components","39.0%","59.3%","41.0%","70.4%","$4,713.70","$209,012.23","$157.10","16.2%","1.1%","12.0%","5.3%","2.4%","2.9%","$158.55","-2.9%","13.5%","34.3%","0.0","0.7","$195,489.53","0.1%","32.2%","28.1%","1.4","1.2","54.2%","37.4%","27.9%","22.9%","34.2%"
"MRVL","Marvell Technology, Inc.","US","NasdaqGS","Semiconductors and Semiconductor Equipment","52.2%","-2,588.9%","24.6%","37.5%","$1,730.10","$186,963.59","$828.90","18.3%","0.5%","1.1%","1.1%","0.9%","2.2%","$211.66","9.2%","136.8%","49.1%","0.0","1.5","$185,610.29","1.2%","18.9%","16.8%","0.5","1.9","54.5%","88.8%","38.2%","6.7%","28.8%"
"STX","Seagate Technology Holdings plc","SG","NasdaqGS","Technology Hardware, Storage and Peripherals","45.6%","105.3%","57.9%","73.7%","$3,105.00","$189,941.79","$213.00","25.5%","3.0%","16.6%","3.9%","1.7%","3.6%","$828.38","-0.3%","188.1%","43.5%","0.0","0.5","$187,747.79","0.1%","18.2%","34.7%","0.5","1.6","129.3%","75.8%","77.6%","70.4%","61.6%"
"DIS","The Walt Disney Company","US","NYSE","Entertainment","37.6%","-24.1%","8.9%","4.5%","$8,293.00","$233,371.18","$1,519.00","8.4%","-1.9%","3.4%","-0.6%","4.5%","7.9%","$107.55","9.6%","-3.8%","6.0%","0.1","1.4","$185,705.18","4.4%","4.0%","15.6%","1.9","1.5","10.8%","57.8%","11.2%","5.9%","-9.6%"
"T","AT&T Inc.","US","NYSE","Diversified Telecommunication Services","59.7%","72.1%","2.0%","2.7%","$17,654.00","$343,589.26","","13.9%","-1.4%","3.4%","-0.8%","10.0%","10.0%","$25.89","9.7%","5.4%","2.5%","0.2","0.8","$177,408.26","4.5%","1.6%","21.8%","3.3","0.6","27.4%","36.5%","9.8%","6.3%","11.0%"
"ADI","Analog Devices, Inc.","US","NasdaqGS","Semiconductors and Semiconductor Equipment","65.8%","114.3%","2.9%","46.2%","$4,937.50","$182,319.66","$350.10","35.6%","-0.9%","6.6%","2.4%","2.8%","4.1%","$362.14","0.1%","32.3%","28.4%","0.0","0.7","$175,480.54","1.7%","2.6%","35.7%","1.0","1.0","27.5%","4.6%","29.9%","10.0%","19.5%"
"WDC","Western Digital Corporation","US","NasdaqGS","Technology Hardware, Storage and Peripherals","48.9%","372.4%","65.5%","70.9%","$3,511.00","$162,053.72","$204.00","27.2%","3.9%","10.5%","1.3%","2.2%","4.0%","$450.55","-14.5%","140.0%","42.5%","0.0","0.2","$162,441.72","1.8%","27.4%","35.8%","-0.1","1.9","135.3%","65.3%","72.1%","42.3%","57.9%"
"UBER","Uber Technologies, Inc.","US","NYSE","Ground Transportation","40.8%","-22.1%","26.1%","25.3%","$10,116.00","$160,346.67","$1,939.00","18.3%","-0.0%","-9.6%","-0.5%","6.5%","6.8%","$75.65","5.6%","-8.7%","13.3%","0.0","-0.5","$154,519.67","4.3%","16.4%","12.1%","0.6","1.2","17.2%","183.5%","32.4%","18.6%","13.2%"
"BKNG","Booking Holdings Inc.","US","NasdaqGS","Hotels, Restaurants and Leisure","87.2%","56.1%","14.0%","13.4%","$9,539.00","$153,006.34","$601.00","33.8%","-5.6%","5.7%","2.3%","6.4%","7.2%","$199.09","3.3%","-6.5%","9.1%","0.0","1.5","$149,592.34","7.0%","13.4%","34.9%","0.3","1.3","16.9%","24.8%","16.1%","41.2%","16.8%"
"TJX","The TJX Companies, Inc.","US","NYSE","Specialty Retail","31.5%","23.0%","10.4%","10.8%","$5,876.00","$155,610.53","$223.00","9.4%","-1.3%","3.1%","0.1%","4.0%","3.6%","$133.91","-14.7%","-13.2%","6.1%","0.0","2.3","$147,297.53","1.7%","6.8%","12.2%","0.9","0.8","14.5%","16.5%","9.5%","24.7%","14.8%"
"NEM","Newmont Corporation","US","NYSE","Metals and Mining","68.0%","42.3%","65.0%","52.9%","$9,733.00","$128,814.76","$99.00","37.8%","9.8%","33.5%","-3.0%","7.3%","8.6%","$126.06","32.2%","24.5%","12.8%","0.1","0.5","$132,468.76","3.3%","32.0%","55.2%","-0.2","0.4","50.7%","102.2%","28.2%","18.8%","20.3%"
"ISRG","Intuitive Surgical, Inc.","US","NasdaqGS","Health Care Equipment and Supplies","66.7%","21.6%","18.3%","20.8%","$3,222.60","$128,049.46","$826.20","29.2%","0.2%","18.7%","2.4%","2.4%","2.4%","$376.86","0.4%","-32.9%","14.7%","0.0","2.1","$133,136.36","2.7%","18.3%","31.3%","-1.2","1.7","6.7%","29.8%","14.9%","20.2%","1.2%"
"GLW","Corning Incorporated","US","NYSE","Electronic Equipment, Instruments and Components","36.4%","130.9%","12.6%","24.0%","$2,395.00","$135,556.29","$419.00","14.1%","0.3%","1.2%","2.3%","1.9%","1.4%","$148.73","1.6%","64.0%","18.1%","0.1","2.3","$128,114.29","0.2%","8.4%","15.6%","1.7","1.1","68.9%","43.1%","26.4%","9.2%","33.9%"
"FTNT","Fortinet, Inc.","US","NasdaqGS","Software","80.2%","12.8%","16.6%","17.2%","$3,117.00","$121,905.47","$296.10","41.4%","-2.2%","9.0%","8.4%","2.5%","3.8%","$170.93","4.7%","119.5%","15.1%","0.0","2.4","$125,413.67","2.3%","14.7%","32.4%","-1.4","1.1","41.1%","28.5%","9.5%","23.5%","22.6%"
"ACN","Accenture plc","IE","NYSE","IT Services","32.0%","-0.5%","4.5%","6.6%","$12,581.69","$115,956.48","$2,084.07","17.2%","-1.0%","3.3%","-0.2%","10.8%","8.8%","$189.76","14.5%","-27.0%","4.8%","0.0","2.1","$116,122.13","3.7%","4.8%","15.8%","-0.1","1.3","-14.8%","3.7%","7.4%","18.8%","-9.2%"
"ADBE","Adobe Inc.","US","NasdaqGS","Software","89.4%","11.9%","11.7%","11.7%","$10,280.00","$117,835.03","$2,029.00","40.8%","-4.5%","3.2%","2.6%","8.8%","9.7%","$292.79","16.5%","-12.2%","10.3%","0.0","1.0","$116,384.03","7.9%","11.0%","36.7%","0.1","1.5","-19.6%","18.6%","12.3%","25.7%","-15.2%"
"ADP","Automatic Data Processing, Inc.","US","NasdaqGS","Professional Services","48.7%","9.6%","7.9%","7.3%","$5,244.60","$114,826.70","$242.60","23.9%","-1.2%","2.3%","0.6%","4.6%","7.9%","$286.16","6.1%","13.2%","5.8%","0.0","2.6","$113,680.70","1.8%","6.8%","26.5%","0.2","0.9","6.3%","10.0%","9.6%","8.7%","9.1%"
"SPOT","Spotify Technology S.A.","SE","NYSE","Entertainment","32.8%","314.4%","23.8%","12.7%","$3,730.73","$104,311.95","$312.89","18.0%","1.8%","18.0%","-0.3%","3.3%","4.1%","$543.62","11.8%","-5.5%","13.9%","0.0","1.8","$111,759.69","1.0%","13.4%","14.6%","-2.4","1.7","51.1%","46.8%","23.4%","43.3%","17.9%"
"FCX","Freeport-McMoRan Inc.","US","NYSE","Metals and Mining","38.3%","54.6%","6.2%","-1.5%","$1,762.00","$127,155.97","$150.00","6.8%","0.1%","21.9%","4.2%","1.6%","3.9%","$75.74","19.0%","45.9%","17.1%","0.2","0.5","$108,763.97","0.2%","5.7%","27.3%","0.7","1.5","23.8%","11.6%","44.7%","9.9%","17.7%"
"APP","AppLovin Corporation","US","NasdaqGS","Media","88.5%","85.0%","52.9%","64.6%","$4,527.59","$104,892.81","$282.38","66.3%","-1.3%","11.9%","-0.9%","4.3%","3.2%","$312.06","-23.2%","-49.5%","37.4%","0.0","0.4","$104,431.04","2.5%","33.3%","77.4%","0.1","2.5","93.3%","522.7%","38.2%","116.5%","33.2%"
"HWM","Howmet Aerospace Inc.","US","NYSE","Aerospace and Defense","36.0%","35.6%","24.6%","30.8%","$1,791.00","$101,787.40","$91.00","19.6%","-1.1%","8.7%","4.8%","1.8%","1.6%","$244.95","-14.4%","15.7%","17.8%","0.0","1.3","$97,686.40","1.1%","13.7%","27.3%","1.5","1.3","70.7%","54.5%","22.1%","20.1%","50.8%"
"AEM","Agnico Eagle Mines Limited","CA","NYSE","Metals and Mining","74.5%","98.7%","46.6%","64.6%","$4,563.53","$99,690.20","$95.39","31.4%","0.8%","1.9%","-0.7%","4.4%","6.7%","$203.11","37.8%","19.2%","15.4%","0.2","0.4","$102,847.77","1.0%","33.8%","60.0%","-0.3","0.6","64.2%","31.7%","29.6%","18.8%","31.9%"
"GD","General Dynamics Corporation","US","NYSE","Aerospace and Defense","15.4%","10.1%","8.6%","8.9%","$6,436.00","$105,466.28","$214.00","11.7%","-0.3%","1.3%","4.1%","6.4%","5.4%","$371.35","-2.9%","8.1%","5.5%","0.0","2.3","$100,320.28","0.4%","10.3%","10.4%","0.8","0.4","20.3%","10.4%","8.0%","9.2%","15.6%"
"TT","Trane Technologies plc","IE","NYSE","Building Products","35.4%","4.7%","13.5%","4.5%","$3,546.50","$101,099.00","$90.80","16.0%","-1.2%","1.6%","2.5%","3.6%","3.1%","$444.40","-3.6%","11.7%","10.1%","0.0","2.0","$97,778.30","1.4%","9.7%","17.8%","0.8","1.2","30.6%","17.6%","13.6%","18.8%","19.1%"
"CEG","Constellation Energy Corporation","US","NasdaqGS","Electric Utilities","22.1%","7.8%","46.6%","27.2%","$295.00","$121,701.04","","0.9%","3.3%","2.4%","-1.6%","0.3%","3.8%","$274.77","0.5%","-25.0%","19.4%","0.1","0.9","$97,353.04","2.0%","5.8%","15.0%","3.0","1.1","37.7%","63.7%","20.8%","4.5%",""
"MAR","Marriott International, Inc.","US","NasdaqGS","Hotels, Restaurants and Leisure","79.2%","8.9%","6.8%","9.6%","$2,782.00","$106,431.49","$249.00","37.7%","-4.4%","-1.5%","-1.7%","3.1%","3.2%","$341.76","-1.3%","9.0%","6.1%","0.1","2.1","$89,119.49","4.1%","7.3%","58.6%","3.6","1.2","19.5%","2.9%","14.1%","11.5%","21.5%"
"PWR","Quanta Services, Inc.","US","NYSE","Construction and Engineering","15.5%","35.6%","24.2%","29.8%","$2,287.79","$97,472.68","$225.74","7.0%","1.2%","4.7%","11.2%","2.5%","1.9%","$607.09","-10.7%","38.1%","26.3%","0.0","1.2","$91,271.97","0.2%","21.5%","6.1%","2.0","1.1","42.1%","30.7%","19.6%","8.2%","43.2%"
"MCO","Moody's Corporation","US","NYSE","Capital Markets","75.0%","34.0%","16.5%","15.0%","$2,967.00","$93,659.05","$232.00","36.4%","-1.9%","2.6%","4.9%","3.4%","3.6%","$504.64","4.6%","1.1%","7.3%","0.0","2.4","$87,394.05","3.7%","13.9%","46.2%","1.5","1.5","15.1%","26.6%","11.5%","22.3%","6.6%"
"EPD","Enterprise Products Partners L.P.","US","NYSE","Oil, Gas and Consumable Fuels","13.3%","7.7%","5.7%","7.9%","$3,460.00","$118,654.90","","5.9%","-0.2%","-0.8%","29.0%","4.1%","7.2%","$38.82","2.5%","20.7%","10.9%","0.1","1.0","$83,830.90","0.5%","3.8%","12.9%","3.3","0.6","21.3%","5.3%","8.1%","11.1%","19.7%"
"MSI","Motorola Solutions, Inc.","US","NYSE","Communications Equipment","52.1%","2.2%","10.1%","11.6%","$2,677.00","$89,239.14","$357.00","21.9%","-0.3%","5.4%","4.4%","3.3%","3.8%","$485.30","11.0%","27.4%","9.2%","0.0","2.5","$80,314.14","1.3%","8.2%","26.2%","2.4","1.0","20.9%","13.0%","9.0%","17.8%","16.2%"
"LITE","Lumentum Holdings Inc.","US","NasdaqGS","Communications Equipment","44.2%","-25,225.4%","25.7%","146.0%","$300.10","$80,986.77","$170.20","10.0%","10.4%","18.6%","1.9%","0.4%","1.9%","$914.76","17.3%","136.9%","77.0%","0.1","-0.1","$82,053.97","0.3%","19.5%","17.8%","-1.3","1.5","157.0%","263.8%","181.8%","13.2%","59.9%"
"REGN","Regeneron Pharmaceuticals, Inc.","US","NasdaqGS","Biotechnology","44.5%","1.9%","0.5%","2.6%","$3,760.40","$64,675.82","$986.70","24.2%","-2.0%","6.4%","12.2%","4.7%","6.8%","$799.08","5.4%","2.9%","13.3%","0.1","0.9","$79,792.12","3.9%","7.0%","26.9%","-3.2","0.4","-1.3%","2.3%","10.5%","12.2%","3.3%"
"CMI","Cummins Inc.","US","NYSE","Machinery","25.8%","-8.0%","5.4%","2.2%","$3,367.00","$83,118.84","","9.7%","-0.9%","14.3%","1.3%","4.3%","3.3%","$564.40","-12.7%","8.1%","10.2%","0.0","1.2","$77,697.84","0.6%","2.5%","11.3%","0.9","1.1","36.3%","3.1%","15.2%","11.6%","21.9%"
"NOC","Northrop Grumman Corporation","US","NYSE","Aerospace and Defense","20.1%","16.0%","3.9%","9.9%","$3,646.00","$90,988.42","$128.00","8.5%","-2.1%","1.3%","0.7%","4.8%","3.5%","$539.70","-1.2%","-7.8%","5.9%","0.0","1.7","$76,671.42","1.1%","4.2%","13.4%","2.0","0.0","9.2%","1.4%","7.1%","11.2%","9.9%"
"AON","Aon plc","IE","NYSE","Insurance","48.2%","52.0%","12.0%","8.5%","$3,248.00","$83,091.57","$370.00","18.5%","1.5%","2.2%","-0.6%","4.8%","5.8%","$321.52","-10.1%","-6.6%","5.1%","0.0","1.5","$68,202.57","2.5%","10.9%","28.5%","2.5","0.8","-0.4%","12.3%","11.9%","7.7%","3.0%"
"RCL","Royal Caribbean Cruises Ltd.","US","NYSE","Hotels, Restaurants and Leisure","50.3%","20.4%","25.6%","11.8%","-$416.00","$94,742.07","$151.00","-2.2%","1.4%","0.1%","0.1%","-0.6%","3.2%","$268.74","-17.1%","-5.1%","8.2%","0.4","1.2","$71,875.07","2.9%","15.9%","27.4%","3.3","1.9","41.4%","319.1%","12.8%","10.6%","27.4%"
"ROST","Ross Stores, Inc.","US","NasdaqGS","Specialty Retail","34.2%","31.2%","12.2%","25.2%","$2,790.19","$73,762.33","$198.49","11.4%","-2.0%","5.1%","1.6%","3.8%","3.5%","$228.54","-9.6%","25.1%","9.8%","0.0","1.1","$73,311.31","1.8%","8.5%","13.7%","0.1","1.0","24.5%","20.6%","10.9%","28.5%","15.5%"
"SE","Sea Limited","SG","NYSE","Broadline Retail","44.3%","32.8%","28.5%","41.1%","$4,206.93","$64,670.70","$625.00","15.2%","2.6%","-5.5%","9.9%","6.1%","8.7%","$113.48","6.3%","-13.7%","28.6%","0.0","2.4","$69,504.74","0.8%","29.6%","8.2%","-1.9","1.6","43.4%","75.7%","25.6%","8.5%","-19.7%"
"ORLY","O'Reilly Automotive, Inc.","US","NasdaqGS","Specialty Retail","51.6%","12.9%","7.3%","9.0%","$2,156.26","$81,090.03","$33.82","11.6%","-3.6%","3.6%","0.6%","3.0%","2.6%","$88.80","-1.1%","-1.7%","6.8%","0.1","2.7","$71,835.72","4.6%","6.9%","19.6%","2.2","0.6","12.0%","9.5%","9.7%","25.1%","17.6%"
"HPE","Hewlett Packard Enterprise Company","US","NYSE","Technology Hardware, Storage and Peripherals","33.8%","2.8%","9.2%","36.4%","$3,989.00","$85,249.39","$807.00","10.3%","1.1%","10.8%","9.4%","5.8%","3.9%","$52.24","4.0%","116.1%","21.2%","0.1","0.6","$69,176.39","0.6%","9.4%","6.0%","2.8","1.3","46.4%","10.8%","18.4%","5.8%","31.4%"
"BSX","Boston Scientific Corporation","US","NYSE","Health Care Equipment and Supplies","69.2%","46.9%","16.2%","14.4%","$3,625.00","$82,324.79","$320.00","17.3%","-0.3%","1.6%","1.4%","5.2%","4.1%","$48.30","-0.3%","-49.0%","5.5%","0.0","2.5","$69,997.79","2.5%","16.1%","20.5%","2.1","0.7","-3.4%","60.3%","10.9%","10.4%","1.2%"
"URI","United Rentals, Inc.","US","NYSE","Trading Companies and Distributors","38.5%","7.7%","5.0%","4.1%","$2,031.00","$79,880.70","$143.00","12.1%","-3.0%","8.6%","4.7%","3.1%","4.5%","$1,038.00","-6.8%","22.8%","9.4%","0.2","1.5","$64,607.70","3.2%","8.5%","25.2%","3.3","1.7","29.5%","8.2%","13.1%","11.3%","24.5%"
"CRH","CRH plc","IE","NYSE","Construction Materials","36.2%","18.7%","7.4%","7.0%","$2,766.00","$81,017.68","$150.00","7.2%","-2.2%","-1.8%","1.1%","4.4%","4.2%","$94.29","-4.0%","-25.4%","5.8%","0.1","1.0","$62,729.68","1.8%","4.5%","14.1%","2.2","1.2","20.9%","12.8%","8.3%","8.7%","14.7%"
"GWW","W.W. Grainger, Inc.","US","NYSE","Trading Companies and Distributors","39.4%","-0.6%","5.6%","8.2%","$1,510.00","$64,268.21","$68.00","8.0%","-2.0%","-0.2%","1.3%","2.4%","2.9%","$1,309.49","-4.3%","30.5%","8.3%","0.0","1.9","$61,678.21","1.6%","5.6%","15.7%","0.7","1.1","23.6%","4.1%","10.9%","32.4%","26.2%"
"TEL","TE Connectivity plc","IE","NYSE","Electronic Equipment, Instruments and Components","36.1%","111.5%","10.9%","20.3%","$3,315.00","$64,148.59","$174.00","17.2%","-2.7%","1.1%","3.0%","5.6%","5.1%","$205.25","0.5%","-12.0%","12.0%","0.1","0.7","$59,422.59","2.7%","5.7%","20.4%","0.9","1.2","17.3%","16.3%","20.0%","15.5%","8.1%"
"NDAQ","Nasdaq, Inc.","US","NasdaqGS","Capital Markets","100.0%","31.9%","15.6%","14.2%","$1,951.00","$63,887.76","$171.00","34.8%","4.4%","2.8%","2.8%","3.5%","5.0%","$98.61","4.7%","2.0%","10.4%","0.1","1.5","$55,120.76","2.5%","15.6%","48.1%","2.6","1.0","25.5%","15.4%","12.7%","7.7%","9.9%"
"TER","Teradyne, Inc.","US","NasdaqGS","Semiconductors and Semiconductor Equipment","59.2%","152.5%","16.7%","58.2%","$799.93","$54,311.86","$73.93","17.9%","0.5%","20.9%","9.1%","1.5%","1.6%","$349.83","-4.4%","68.5%","40.1%","0.1","0.4","$54,692.68","0.9%","16.0%","30.7%","-0.3","1.8","48.3%","29.1%","54.2%","34.8%","24.4%"
"ADSK","Autodesk, Inc.","US","NasdaqGS","Software","92.5%","60.4%","14.8%","18.5%","$2,839.00","$53,382.13","$706.00","36.4%","-0.7%","7.8%","1.7%","5.3%","5.5%","$258.53","10.1%","-9.8%","13.1%","0.0","1.6","$54,034.13","3.2%","14.3%","28.1%","-0.3","1.5","5.5%","24.2%","16.3%","14.2%","-3.1%"
"GRMN","Garmin Ltd.","CH","NYSE","Household Durables","60.1%","19.7%","17.7%","15.7%","$1,599.84","$50,648.32","$172.52","20.9%","0.2%","13.1%","4.4%","2.9%","3.3%","$284.11","-6.8%","40.3%","11.2%","0.0","1.6","$54,791.33","0.3%","16.0%","27.6%","-1.8","1.0","41.4%","23.3%","9.1%","23.9%","12.5%"
"KEYS","Keysight Technologies, Inc.","US","NYSE","Electronic Equipment, Instruments and Components","64.7%","132.1%","5.8%","30.2%","$1,469.00","$55,096.81","$214.00","22.3%","-1.4%","8.8%","5.6%","2.7%","2.3%","$322.70","0.3%","56.2%","23.0%","0.0","0.7","$54,955.81","1.1%","5.6%","21.2%","0.1","1.2","34.1%","5.0%","20.1%","16.2%","12.5%"
"AME","AMETEK, Inc.","US","NYSE","Electrical Equipment","36.9%","10.1%","8.4%","15.1%","$1,824.95","$55,730.86","$49.05","23.2%","-0.2%","3.4%","4.5%","3.4%","3.5%","$235.17","-3.5%","12.4%","15.7%","0.0","2.8","$53,915.37","0.7%","7.0%","26.5%","0.7","1.0","14.3%","8.6%","8.3%","11.9%","12.6%"
"CIEN","Ciena Corporation","US","NYSE","Communications Equipment","43.0%","311.9%","11.7%","34.0%","$832.66","$54,364.10","$201.06","15.0%","-1.6%","15.5%","4.6%","1.5%","1.4%","$382.80","-2.0%","55.6%","29.6%","0.0","0.9","$54,186.46","1.0%","11.4%","11.2%","0.2","1.2","99.1%","31.0%","78.9%","14.9%","46.4%"
"FIX","Comfort Systems USA, Inc.","US","NYSE","Construction and Engineering","25.7%","109.0%","50.8%","66.7%","$2,159.81","$52,770.92","$38.23","19.2%","-0.5%","54.4%","9.2%","4.0%","2.0%","$1,545.62","-12.7%","54.0%","30.3%","0.0","0.5","$54,307.41","0.2%","33.6%","16.5%","-0.8","1.6","103.2%","81.7%","34.7%","28.5%","84.0%"
"WAB","Westinghouse Air Brake Technologies Corporation","US","NYSE","Machinery","35.7%","10.8%","16.1%","20.7%","$1,714.00","$54,602.68","$94.00","14.3%","-1.9%","7.6%","3.4%","3.5%","3.4%","$285.93","-3.5%","32.2%","9.7%","0.0","1.8","$48,296.68","1.2%","10.1%","17.9%","2.4","1.0","36.8%","25.6%","16.3%","8.8%","27.1%"
"WDAY","Workday, Inc.","US","NasdaqGS","Software","75.8%","125.2%","15.8%","13.7%","$2,844.00","$47,954.45","$1,646.00","28.0%","-2.7%","6.4%","0.5%","6.0%","10.0%","$197.45","19.6%","-4.1%","11.1%","0.0","2.1","$47,585.45","11.7%","14.8%","12.0%","0.2","1.2","-7.4%","117.1%","16.1%","8.8%","-6.3%"
"LHX","L3Harris Technologies, Inc.","US","NYSE","Aerospace and Defense","25.5%","10.6%","6.7%","6.2%","$2,808.00","$60,025.64","$338.00","12.2%","-0.5%","3.6%","1.0%","5.7%","6.2%","$266.25","-4.2%","-12.6%","7.4%","0.0","2.3","$49,579.64","1.7%","8.4%","12.9%","2.3","0.7","16.6%","33.1%","12.2%","6.4%","4.8%"
"CMG","Chipotle Mexican Grill, Inc.","US","NYSE","Hotels, Restaurants and Leisure","39.4%","-4.5%","9.2%","5.2%","$1,568.99","$52,865.19","$98.91","12.6%","-2.8%","1.4%","0.5%","3.3%","3.3%","$38.03","1.5%","1.4%","10.0%","0.1","-19.8","$48,123.85","5.9%","10.2%","15.3%","2.1","1.0","-0.6%","10.3%","7.9%","17.5%","0.0%"
"EBAY","eBay Inc.","US","NasdaqGS","Broadline Retail","72.1%","7.3%","6.3%","14.2%","$2,428.00","$49,915.20","$644.00","20.2%","-5.8%","5.0%","3.9%","5.3%","6.7%","$103.56","-3.0%","19.0%","9.6%","0.1","2.0","$46,084.20","5.0%","6.5%","21.9%","1.2","1.3","34.1%","25.2%","10.0%","14.4%","8.2%"
"VST","Vistra Corp.","US","NYSE","Independent Power and Renewable Electricity Producers","38.3%","-7.9%","11.1%","-1.1%","$2,255.00","$68,667.21","$134.00","11.7%","-3.0%","-0.2%","-27.2%","4.9%","7.3%","$137.37","-11.9%","-16.9%","16.2%","0.1","0.3","$46,106.21","2.5%","4.9%","19.8%","3.0","1.4","64.5%","16.8%","53.4%","7.7%","51.1%"
"IDXX","IDEXX Laboratories, Inc.","US","NasdaqGS","Health Care Equipment and Supplies","62.4%","18.4%","10.5%","14.4%","$1,254.33","$44,755.81","$62.97","27.5%","-1.7%","4.8%","1.4%","2.9%","2.6%","$556.69","-2.0%","-16.9%","9.3%","0.0","2.9","$43,856.66","2.4%","9.0%","32.2%","0.6","1.7","2.9%","14.7%","12.0%","42.5%","-3.8%"
"A","Agilent Technologies, Inc.","US","NYSE","Life Sciences Tools and Services","53.8%","18.7%","3.7%","10.7%","$1,267.00","$45,489.67","$131.00","17.2%","-1.2%","-0.6%","2.0%","2.9%","3.9%","$153.56","9.8%","11.3%","7.2%","0.0","2.8","$43,298.67","0.8%","1.8%","24.8%","1.0","1.3","8.8%","9.9%","8.5%","15.6%","-1.9%"
"MSCI","MSCI Inc.","US","NYSE","Capital Markets","83.0%","21.0%","12.7%","12.7%","$1,597.93","$47,677.03","$121.24","47.9%","-2.8%","2.1%","-0.4%","3.9%","3.6%","$570.64","-0.3%","1.0%","10.4%","0.0","2.3","$41,485.53","6.5%","12.4%","55.7%","3.2","1.3","3.1%","17.0%","14.0%","29.7%","-1.4%"
"FLEX","Flex Ltd.","US","NasdaqGS","Electronic Equipment, Instruments and Components","9.5%","13.6%","12.5%","19.7%","$826.00","$43,447.28","$142.00","2.8%","-6.1%","10.5%","4.6%","2.0%","2.6%","$109.25","-7.0%","71.6%","26.9%","0.0","1.0","$40,357.28","1.7%","1.4%","5.4%","1.5","1.2","58.4%","14.4%","17.7%","10.3%","42.5%"
"EXPE","Expedia Group, Inc.","US","NasdaqGS","Hotels, Restaurants and Leisure","90.4%","95.2%","10.3%","13.0%","$4,459.00","$37,885.53","$412.00","28.4%","-5.8%","12.2%","3.4%","11.7%","11.1%","$317.12","6.6%","12.1%","8.5%","0.0","0.6","$38,060.53","4.9%","8.6%","17.4%","-0.5","1.4","43.2%","42.2%","20.8%","7.8%","17.1%"
"SYY","Sysco Corporation","US","NYSE","Consumer Staples Distribution and Retail","18.5%","-1.9%","3.9%","4.5%","$1,938.00","$52,110.10","$118.00","2.3%","-1.7%","-0.4%","1.1%","5.0%","6.3%","$81.08","-4.6%","11.6%","4.3%","0.0","2.1","$38,845.10","0.2%","3.5%","4.2%","3.0","0.6","7.8%","1.8%","5.7%","15.8%","3.2%"
"MLM","Martin Marietta Materials, Inc.","US","NYSE","Construction Materials","28.2%","125.1%","3.5%","6.7%","$810.00","$43,072.75","$50.00","12.1%","4.7%","-7.2%","1.2%","2.2%","3.2%","$518.70","-4.3%","-18.2%","13.5%","0.1","-13.0","$36,837.75","0.6%","1.1%","21.5%","2.9","1.2","4.8%","38.7%","11.2%","6.0%","7.0%"
"HIG","The Hartford Insurance Group, Inc.","US","NYSE","Insurance","37.9%","40.6%","13.3%","20.9%","$5,789.00","$41,805.40","","19.7%","-4.0%","-8.8%","0.4%","15.6%","","$137.38","-3.9%","0.2%","2.7%","0.0","-1.9","$37,212.40","4.7%","7.5%","18.0%","0.8","0.6","25.8%","35.5%","3.7%","5.2%","17.4%"
"NTAP","NetApp, Inc.","US","NasdaqGS","Technology Hardware, Storage and Peripherals","70.7%","12.0%","5.2%","6.2%","$1,869.00","$35,509.25","$382.00","27.0%","-2.0%","2.8%","4.1%","5.1%","7.3%","$185.29","1.3%","74.0%","7.3%","0.0","2.7","$36,360.25","2.7%","2.9%","24.5%","-0.5","1.4","36.3%","3.1%","8.5%","16.9%","18.4%"
"TWLO","Twilio Inc.","US","NYSE","IT Services","48.6%","5,608.6%","11.7%","14.5%","$1,049.81","$34,596.12","$590.31","18.8%","-5.3%","8.2%","4.8%","2.9%","4.9%","$235.63","19.9%","70.3%","14.6%","0.0","1.5","$36,186.93","2.3%","11.2%","6.1%","-3.2","1.3","53.3%","3.1%","14.3%","30.6%","-8.1%"
"UAL","United Airlines Holdings, Inc.","US","NasdaqGS","Passenger Airlines","31.8%","7.1%","5.5%","-0.4%","$2,544.00","$52,082.80","","4.0%","-0.3%","10.0%","0.6%","7.3%","5.1%","$107.99","-15.9%","-4.4%","9.6%","0.1","-2.5","$35,051.80","0.2%","7.3%","7.0%","2.4","1.3","29.5%","10.1%","15.2%","4.3%","18.5%"
"VMC","Vulcan Materials Company","US","NYSE","Construction Materials","27.5%","18.5%","8.9%","6.7%","$1,027.20","$39,703.64","$54.80","12.7%","-0.8%","22.3%","1.0%","2.9%","3.1%","$269.58","-4.8%","-7.9%","4.2%","0.1","2.2","$34,931.84","2.4%","2.3%","19.9%","2.0","1.1","7.3%","16.0%","15.9%","7.9%","8.6%"
"RMD","ResMed Inc.","US","NYSE","Health Care Equipment and Supplies","61.6%","9.7%","13.4%","12.8%","$1,649.54","$33,991.66","$104.35","29.2%","-0.6%","3.2%","0.2%","4.8%","5.2%","$240.10","11.9%","-1.9%","4.7%","0.0","2.8","$34,634.98","1.9%","10.2%","34.0%","-0.3","0.9","15.8%","19.6%","12.8%","23.3%","-2.7%"
"DXCM","DexCom, Inc.","US","NasdaqGS","Health Care Equipment and Supplies","62.5%","77.4%","14.9%","22.8%","$1,405.00","$33,813.87","$162.40","28.3%","-0.9%","4.5%","1.4%","4.1%","4.6%","$91.06","4.3%","36.9%","11.5%","0.1","1.3","$34,362.47","3.2%","15.8%","22.9%","-0.4","1.5","-3.7%","43.2%","19.7%","29.7%","-7.7%"
"EME","EMCOR Group, Inc.","US","NYSE","Construction and Engineering","19.4%","33.4%","26.3%","18.5%","$1,171.38","$32,025.14","$22.51","6.3%","-2.2%","15.8%","9.4%","3.6%","3.4%","$734.54","-10.1%","15.0%","14.6%","0.0","0.8","$32,400.49","1.4%","16.7%","9.6%","-0.2","1.2","48.5%","47.3%","12.2%","21.2%","44.0%"
"GEHC","GE HealthCare Technologies Inc.","US","NasdaqGS","Health Care Equipment and Supplies","39.5%","-11.1%","3.7%","1.3%","$1,579.00","$40,878.61","$154.00","7.4%","-0.2%","-5.7%","0.7%","4.9%","5.5%","$71.23","4.7%","-14.0%","5.0%","0.0","2.2","$32,173.61","1.3%","3.8%","14.0%","2.4","1.2","1.1%","6.2%","8.6%","7.8%",""
"WTW","Willis Towers Watson Public Limited Company","GB","NasdaqGS","Insurance","42.5%","1,127.7%","1.4%","1.5%","$1,689.00","$36,963.79","$194.00","16.7%","-4.0%","2.4%","2.4%","5.4%","6.6%","$338.55","-0.9%","3.8%","6.6%","0.0","1.3","$31,441.79","5.6%","3.6%","23.7%","1.9","0.6","19.2%","17.9%","14.5%","7.3%","10.1%"
"CPRT","Copart, Inc.","US","NasdaqGS","Commercial Services and Supplies","47.5%","6.6%","9.2%","7.4%","$1,339.23","$26,453.11","$38.11","28.9%","-1.0%","-8.1%","3.5%","4.4%","4.4%","$32.99","12.4%","-12.7%","1.8%","0.1","-40.7","$30,542.52","5.3%","7.3%","37.8%","-2.1","1.1","-9.8%","10.4%","2.8%","29.7%","-1.9%"
"RDDT","Reddit, Inc.","US","NYSE","Interactive Media and Services","91.4%","269.5%","61.2%","67.3%","$1,018.65","$25,672.64","$337.98","36.7%","","16.5%","10.1%","3.6%","4.0%","$147.81","-4.5%","-38.9%","42.1%","0.0","0.3","$28,438.13","1.1%","57.0%","28.2%","-3.5","","","13.6%","36.3%","154.3%",""
"CTSH","Cognizant Technology Solutions Corporation","US","NasdaqGS","IT Services","33.4%","-5.8%","1.9%","3.4%","$2,598.00","$30,132.69","$190.00","12.0%","-3.7%","5.0%","0.0%","8.9%","10.3%","$64.58","17.7%","-20.5%","5.0%","0.0","1.6","$29,089.69","8.1%","3.7%","16.3%","0.3","1.0","-1.7%","2.7%","7.9%","13.0%","-1.7%"
"TDY","Teledyne Technologies Incorporated","US","NYSE","Electronic Equipment, Instruments and Components","43.3%","13.9%","4.7%","9.3%","$1,142.10","$30,100.61","$38.90","17.9%","-0.5%","6.0%","5.3%","4.0%","4.3%","$612.95","-8.6%","18.2%","6.4%","0.0","2.8","$28,413.71","1.3%","4.5%","19.6%","1.1","1.0","13.4%","8.7%","8.7%","7.4%","6.0%"
"ZM","Zoom Communications, Inc.","US","NasdaqGS","Software","77.7%","183.8%","4.7%","6.8%","$1,925.66","$21,020.20","$729.25","38.6%","-1.0%","-3.1%","0.7%","6.8%","6.2%","$96.68","-1.6%","16.0%","4.4%","0.0","2.4","$28,209.65","5.7%","3.8%","24.1%","-5.4","0.8","10.5%","184.6%","1.8%","16.8%","-19.8%"
"ATI","ATI Inc.","US","NYSE","Aerospace and Defense","23.6%","17.8%","13.0%","15.2%","$526.30","$29,336.49","$28.50","11.2%","1.9%","7.9%","3.5%","1.9%","2.5%","$204.20","5.7%","71.3%","10.8%","0.1","1.0","$27,805.99","1.3%","4.5%","16.0%","1.5","1.1","64.2%","2.0%","25.9%","15.0%","63.2%"
"MTD","Mettler-Toledo International Inc.","CH","NYSE","Life Sciences Tools and Services","60.3%","12.5%","2.0%","7.5%","$863.97","$30,240.18","$22.83","20.9%","-2.9%","4.3%","0.1%","3.1%","3.5%","$1,405.14","-2.8%","-0.4%","5.0%","0.0","2.9","$28,154.17","2.7%","1.5%","28.9%","1.6","1.4","4.8%","3.8%","9.5%","34.3%","-2.0%"
"LH","Labcorp Holdings Inc.","US","NYSE","Health Care Providers and Services","28.9%","33.2%","7.1%","9.2%","$1,155.20","$33,676.33","$125.50","8.1%","-2.9%","3.2%","0.5%","4.3%","5.2%","$332.66","8.4%","32.2%","5.3%","0.0","2.4","$26,978.73","2.5%","6.5%","11.3%","2.9","1.0","18.6%","9.2%","8.3%","8.1%","1.8%"
"SN","SharkNinja, Inc.","US","NYSE","Household Durables","48.9%","33.9%","29.3%","18.8%","$804.52","$27,249.55","$98.92","11.6%","0.5%","6.8%","6.8%","3.0%","4.4%","$192.49","19.9%","69.1%","15.1%","0.0","1.6","$27,116.37","0.6%","20.6%","13.9%","0.1","1.4","76.1%","44.6%","14.6%","24.1%",""
"DGX","Quest Diagnostics Incorporated","US","NYSE","Health Care Providers and Services","33.2%","12.8%","6.0%","9.7%","$1,349.00","$32,683.72","$88.00","11.7%","-0.6%","5.6%","2.4%","5.1%","5.5%","$240.30","3.6%","38.3%","6.7%","0.0","1.9","$26,522.72","1.8%","6.8%","14.6%","2.5","0.6","25.0%","11.0%","8.8%","8.9%","11.5%"
"CPAY","Corpay, Inc.","US","NYSE","Financial Services","80.5%","11.5%","12.9%","24.1%","$1,638.41","$34,464.74","$114.91","32.6%","-3.9%","1.7%","3.0%","6.2%","8.8%","$404.30","4.8%","34.5%","13.0%","0.0","0.9","$26,546.18","6.4%","11.5%","49.0%","2.7","0.8","14.0%","9.8%","18.0%","7.9%","8.9%"
"DOV","Dover Corporation","US","NYSE","Machinery","40.1%","-49.9%","4.4%","8.7%","$1,171.68","$27,662.96","$40.86","13.9%","-1.3%","0.4%","-0.7%","4.5%","4.6%","$194.23","-5.3%","-0.8%","6.0%","0.0","2.1","$26,158.94","2.3%","1.2%","18.0%","0.8","1.3","10.5%","4.8%","9.8%","11.7%","3.5%"
"WRB","W. R. Berkley Corporation","US","NYSE","Insurance","43.8%","10.4%","9.8%","4.9%","$3,469.70","$26,760.74","$56.04","23.3%","-1.2%","14.1%","-0.4%","13.2%","","$67.56","-6.3%","-2.6%","3.3%","0.0","1.1","$26,254.24","2.4%","8.6%","16.9%","0.2","0.4","20.7%","17.0%","5.5%","5.2%","17.9%"
"XYL","Xylem Inc.","US","NYSE","Machinery","39.2%","9.5%","16.0%","8.5%","$958.00","$27,733.23","$53.00","10.5%","-1.0%","3.3%","-0.2%","3.7%","3.5%","$110.11","-7.2%","-19.7%","3.2%","0.0","2.3","$25,709.23","4.8%","14.6%","15.5%","0.9","1.2","3.7%","30.9%","9.4%","7.7%","-3.0%"
"TPR","Tapestry, Inc.","US","NYSE","Textiles, Apparel and Luxury Goods","76.6%","786.6%","9.1%","15.9%","$1,812.50","$27,407.04","$104.50","22.6%","-4.3%","20.7%","0.2%","7.4%","4.7%","$123.39","-20.7%","-4.4%","6.1%","0.0","1.3","$24,602.94","6.2%","6.3%","23.3%","1.4","1.7","57.9%","23.3%","19.0%","36.1%","28.2%"
"HUBB","Hubbell Incorporated","US","NYSE","Electrical Equipment","35.3%","9.6%","8.5%","12.2%","$901.40","$29,106.15","$34.20","14.5%","-0.5%","0.2%","1.7%","3.8%","3.5%","$453.00","-4.5%","-2.2%","13.7%","0.0","2.2","$23,933.15","0.9%","6.3%","20.6%","3.4","1.0","12.7%","13.1%","8.9%","12.6%","19.2%"
"NVT","nVent Electric plc","GB","NYSE","Electrical Equipment","36.5%","3.8%","17.1%","36.0%","$577.70","$25,776.98","$40.50","12.0%","-0.8%","0.3%","16.9%","2.4%","2.8%","$150.75","-2.0%","41.1%","28.1%","0.0","0.8","$24,400.08","0.2%","20.7%","16.9%","1.3","1.3","39.4%","10.2%","21.7%","10.4%","36.5%"
"VLTO","Veralto Corporation","US","NYSE","Commercial Services and Supplies","60.2%","10.9%","6.5%","6.8%","$1,047.00","$25,505.71","$74.00","18.4%","","6.4%","1.3%","4.4%","4.7%","$98.57","4.7%","0.1%","6.4%","0.0","1.9","$24,030.71","1.7%","4.8%","22.8%","1.1","1.1","","3.1%","8.9%","21.3%",""
"WST","West Pharmaceutical Services, Inc.","US","NYSE","Life Sciences Tools and Services","36.8%","16.8%","3.8%","17.2%","$436.90","$23,886.58","$32.60","13.1%","-1.6%","27.1%","3.8%","1.8%","2.0%","$341.11","-2.0%","23.4%","8.0%","0.1","1.9","$24,005.88","1.8%","5.1%","22.0%","-0.1","1.2","-5.5%","4.4%","14.5%","18.3%","-5.3%"
"CRS","Carpenter Technology Corporation","US","NYSE","Aerospace and Defense","30.6%","41.8%","41.5%","24.3%","$362.30","$23,944.89","$26.40","11.6%","0.5%","4.8%","-1.4%","1.5%","1.6%","$476.42","-12.3%","40.8%","10.9%","0.1","1.9","$23,610.69","0.9%","7.0%","22.3%","0.4","1.3","96.0%","109.8%","28.6%","19.9%","71.9%"
"EFX","Equifax Inc.","US","NYSE","Professional Services","55.5%","11.1%","7.8%","9.8%","$1,105.00","$27,660.14","$92.30","17.1%","-1.4%","9.7%","0.2%","5.0%","4.5%","$189.16","9.0%","-11.6%","10.0%","0.1","2.8","$22,223.44","6.1%","8.4%","18.3%","2.8","1.6","-2.1%","10.1%","16.0%","7.2%","-6.4%"
"STE","STERIS plc","US","NYSE","Health Care Equipment and Supplies","44.4%","25.3%","10.4%","8.5%","$925.60","$24,259.13","$62.60","15.3%","-0.4%","-0.1%","-0.2%","4.1%","3.8%","$232.64","0%","-7.0%","6.9%","0.1","2.9","$22,682.43","1.4%","9.8%","19.0%","1.0","1.0","1.3%","89.8%","9.0%","8.8%","2.4%"
"ULTA","Ulta Beauty, Inc.","US","NasdaqGS","Specialty Retail","43.1%","5.2%","6.4%","11.9%","$1,149.45","$25,275.62","$38.15","8.9%","-4.6%","-0.4%","1.7%","5.0%","4.2%","$537.10","0.5%","-13.4%","6.1%","0.0","1.5","$22,965.04","5.2%","6.5%","12.5%","1.2","0.9","8.9%","3.3%","11.0%","22.5%","6.7%"
"UTHR","United Therapeutics Corporation","US","NasdaqGS","Biotechnology","86.1%","9.0%","12.7%","-0.8%","$1,093.00","$18,087.15","$155.40","34.6%","-3.0%","6.4%","-2.7%","5.0%","3.8%","$510.38","-1.1%","2.8%","4.0%","0.2","-2.8","$21,890.55","10.1%","14.3%","44.5%","-2.5","0.9","30.8%","16.5%","10.5%","27.6%","19.1%"
"XPO","XPO, Inc.","US","NYSE","Ground Transportation","19.0%","17.3%","13.8%","15.3%","$588.00","$26,460.60","$76.00","6.9%","0.3%","15.3%","3.6%","2.6%","2.4%","$193.99","-1.5%","39.8%","8.0%","0.1","1.2","$22,713.60","1.3%","4.1%","9.9%","2.7","1.8","36.6%","67.8%","24.4%","9.1%","30.3%"
"CW","Curtiss-Wright Corporation","US","NYSE","Aerospace and Defense","37.7%","22.7%","11.1%","11.7%","$625.29","$22,187.25","$25.34","17.1%","-1.2%","2.8%","-0.3%","2.9%","2.2%","$582.53","-22.1%","1.8%","8.4%","0.0","2.6","$21,515.42","2.1%","10.3%","19.8%","0.8","0.9","41.1%","20.5%","12.7%","12.8%","37.5%"
"CDE","Coeur Mining, Inc.","US","NYSE","Metals and Mining","56.3%","187.0%","160.1%","161.6%","$1,156.22","$21,021.37","$27.73","36.5%","42.8%","5.0%","-9.0%","5.4%","14.8%","$20.78","33.5%","18.4%","71.4%","0.1","0.3","$21,360.49","0.8%","61.2%","34.9%","-0.2","1.3","105.1%","72.1%","78.6%","10.1%","24.3%"
"THC","Tenet Healthcare Corporation","US","NYSE","Health Care Providers and Services","41.7%","64.5%","7.3%","7.6%","$3,023.00","$36,530.81","$132.00","13.9%","-7.4%","15.6%","3.5%","14.1%","16.4%","$265.91","6.4%","33.3%","2.8%","0.0","0.4","$21,410.81","8.2%","3.1%","18.1%","2.3","1.4","50.1%","77.1%","2.1%","13.1%","28.8%"
"RL","Ralph Lauren Corporation","US","NYSE","Textiles, Apparel and Luxury Goods","70.3%","26.8%","11.8%","16.7%","$1,043.20","$21,731.38","$114.60","12.5%","-3.0%","7.1%","5.0%","5.0%","4.4%","$346.90","-8.8%","-4.3%","6.0%","0.0","1.6","$20,669.08","3.0%","9.0%","16.2%","0.7","1.5","45.3%","26.6%","20.8%","24.4%","26.4%"
"BR","Broadridge Financial Solutions, Inc.","US","NYSE","Professional Services","31.8%","35.2%","10.0%","11.2%","$1,278.40","$23,912.00","$93.90","17.1%","-1.2%","16.8%","2.4%","6.1%","6.9%","$182.38","15.9%","-17.3%","5.0%","0.0","1.9","$20,795.30","2.8%","7.2%","17.4%","1.7","1.0","0.8%","21.9%","10.0%","12.9%","3.0%"
"TOST","Toast, Inc.","US","NYSE","Financial Services","26.6%","110.8%","37.6%","29.9%","$576.00","$17,991.02","$231.00","8.5%","2.6%","12.9%","1.9%","2.9%","4.4%","$34.09","4.0%","0.2%","19.9%","0.0","1.2","$19,704.02","2.6%","27.0%","6.3%","-3.6","1.9","15.8%","2.8%","28.4%","33.1%",""
"KSPI","Joint Stock Company Kaspi.kz","KZ","NasdaqGS","Consumer Finance","69.4%","-2.0%","29.4%","22.9%","$1,988.55","$19,313.69","","21.5%","0.0%","-8.7%","-3.4%","10.0%","15.5%","$105.14","18.4%","35.6%","17.7%","0.0","1.3","$19,979.47","0.5%","41.6%","54.0%","-0.2","-0.1","6.1%","14.5%","10.6%","20.2%","2.8%"
"WWD","Woodward, Inc.","US","NasdaqGS","Aerospace and Defense","29.6%","42.3%","25.8%","40.1%","$376.53","$20,973.95","$34.84","9.0%","-0.8%","8.6%","0.0%","1.9%","1.7%","$339.82","-6.4%","9.3%","15.0%","0.0","1.0","$20,064.95","2.7%","14.7%","16.3%","1.1","1.0","38.5%","39.4%","22.6%","13.7%","23.5%"
"SSNC","SS&C Technologies Holdings, Inc.","US","NasdaqGS","Professional Services","48.1%","9.7%","7.3%","7.3%","$1,751.60","$26,867.75","$268.50","26.7%","-1.8%","2.3%","2.0%","9.0%","9.8%","$82.97","4.5%","-3.2%","6.3%","0.0","1.6","$19,469.25","5.3%","6.8%","23.6%","3.5","1.2","14.4%","12.7%","10.5%","6.5%","3.2%"
"MTZ","MasTec, Inc.","US","NYSE","Construction and Engineering","12.9%","88.0%","15.6%","26.4%","$244.80","$22,052.38","$37.44","1.5%","0.8%","6.4%","1.5%","1.3%","2.8%","$239.78","-8.2%","5.3%","23.0%","0.0","0.9","$19,009.55","0.2%","13.6%","5.3%","2.2","1.9","34.1%","228.8%","29.2%","8.6%","21.9%"
"PR","Permian Resources Corporation","US","NYSE","Oil, Gas and Consumable Fuels","75.8%","2.8%","29.6%","15.5%","$1,076.85","$22,525.85","$68.80","18.8%","37.6%","37.0%","11.2%","5.5%","12.5%","$23.29","11.4%","61.7%","14.7%","0.5","0.3","$19,506.70","0.1%","31.0%","37.8%","0.7","0.7","21.9%","2.7%","19.4%","9.3%","35.8%"
"NTNX","Nutanix, Inc.","US","NasdaqGS","Software","86.9%","694.1%","17.5%","12.6%","$840.68","$17,693.15","$357.67","29.5%","4.7%","28.1%","2.5%","4.5%","6.6%","$68.57","12.3%","35.5%","13.2%","0.0","1.0","$18,535.88","2.5%","15.3%","11.1%","-2.2","0.5","25.2%","68.0%","15.5%","56.9%","13.2%"
"CDW","CDW Corporation","US","NasdaqGS","Electronic Equipment, Instruments and Components","21.4%","3.5%","2.3%","6.4%","$860.20","$25,017.84","$89.80","3.7%","-2.3%","5.1%","5.9%","4.5%","6.6%","$151.58","3.1%","13.8%","5.9%","0.0","2.0","$18,950.14","4.5%","1.6%","7.3%","3.0","1.1","-9.4%","1.9%","6.4%","11.8%","-4.1%"
"NDSN","Nordson Corporation","US","NasdaqGS","Machinery","55.4%","24.4%","5.5%","8.1%","$724.01","$19,623.89","$23.20","24.3%","-0.8%","-0.1%","4.9%","4.0%","4.3%","$321.72","6.3%","33.5%","7.2%","0.0","2.0","$17,919.60","1.1%","4.7%","27.2%","1.8","1.0","10.7%","4.4%","10.0%","12.1%","7.1%"
"NWSA","News Corporation","US","NasdaqGS","Media","57.2%","-50.2%","7.7%","9.2%","$805.00","$18,799.68","","8.9%","-1.9%","6.9%","4.1%","4.7%","5.6%","$30.71","9.9%","17.3%","3.9%","0.0","2.5","$17,275.68","4.5%","4.1%","12.8%","0.6","1.0","13.9%","59.1%","18.6%","6.9%","7.1%"
"JLL","Jones Lang LaSalle Incorporated","US","NYSE","Real Estate Management and Development","51.2%","79.7%","9.6%","10.4%","$1,120.30","$19,732.14","$126.80","4.1%","-1.2%","18.3%","0.4%","6.7%","5.3%","$365.87","-0.1%","8.9%","9.6%","0.0","0.5","$16,832.84","3.6%","10.1%","4.9%","1.6","1.4","27.7%","48.2%","15.6%","7.5%","8.3%"
"APG","APi Group Corporation","US","NYSE","Construction and Engineering","31.4%","-282.9%","13.3%","15.4%","$676.00","$19,953.29","$46.00","8.0%","6.9%","6.4%","2.3%","4.0%","3.8%","$39.25","-1.1%","0.7%","10.6%","0.0","-4.0","$16,962.29","0.6%","7.3%","8.8%","2.8","1.7","27.5%","50.5%","13.4%","7.4%","20.5%"
"BURL","Burlington Stores, Inc.","US","NYSE","Specialty Retail","44.1%","31.2%","12.6%","12.2%","$412.54","$21,519.31","$120.88","3.4%","-1.1%","2.9%","-0.9%","2.5%","2.9%","$259.76","-29.5%","-12.9%","9.9%","0.1","1.1","$16,316.88","1.8%","10.3%","7.8%","3.8","1.8","16.9%","39.8%","17.5%","8.8%","-3.1%"
"BALL","Ball Corporation","US","NYSE","Containers and Packaging","18.6%","84.3%","5.0%","6.8%","$827.00","$23,770.37","","5.8%","-5.6%","1.5%","8.5%","5.0%","5.7%","$62.97","-3.3%","18.0%","8.7%","0.0","1.4","$16,668.37","2.5%","1.9%","10.0%","3.4","1.1","6.0%","11.6%","12.2%","7.6%","-7.0%"
"MEDP","Medpace Holdings, Inc.","US","NasdaqGS","Life Sciences Tools and Services","72.3%","26.8%","22.8%","31.6%","$706.69","$16,220.67","$21.21","25.4%","-3.0%","8.2%","2.7%","4.3%","3.6%","$593.99","3.6%","4.0%","9.4%","0.0","2.3","$16,579.24","1.5%","18.5%","21.0%","-0.6","1.4","29.5%","26.8%","10.2%","24.8%","25.9%"
"TRU","TransUnion","US","NYSE","Professional Services","58.7%","90.1%","8.6%","11.4%","$787.90","$21,243.96","$151.70","16.1%","-0.3%","6.2%","2.0%","4.8%","6.7%","$84.91","6.3%","1.9%","10.4%","0.1","1.7","$16,268.76","2.6%","9.3%","18.8%","3.2","1.7","2.1%","47.5%","13.9%","7.3%","-6.6%"
"CLH","Clean Harbors, Inc.","US","NYSE","Commercial Services and Supplies","32.3%","16.0%","6.5%","10.2%","$461.72","$19,373.57","$43.40","7.4%","-0.8%","8.6%","5.3%","2.8%","2.9%","$315.25","1.4%","29.5%","6.4%","0.1","1.2","$16,641.18","1.5%","5.3%","11.9%","2.3","1.0","22.1%","3.3%","12.5%","8.8%","24.9%"
"ZTO","ZTO Express (Cayman) Inc.","CN","NYSE","Air Freight and Logistics","25.1%","21.1%","7.2%","6.9%","$1,449.09","$14,738.20","$33.76","18.2%","-2.0%","5.2%","-0.3%","9.0%","7.6%","$21.17","-14.0%","-1.4%","12.8%","0.1","0.7","$16,089.48","5.8%","13.0%","21.1%","-0.6","-0.2","-2.7%","8.4%","13.3%","12.3%","-4.2%"
"TIGO","Millicom International Cellular S.A.","LU","NasdaqGS","Wireless Telecommunication Services","76.5%","-28.7%","11.2%","29.6%","$1,466.00","$26,996.49","$7.00","20.2%","-0.8%","105.0%","2.1%","9.3%","6.9%","$93.76","-0.6%","65.8%","24.7%","0.1","1.8","$15,724.49","0.9%","9.4%","23.1%","3.6","0.9","93.1%","383.8%","13.2%","6.3%","30.2%"
"LECO","Lincoln Electric Holdings, Inc.","US","NasdaqGS","Machinery","36.1%","12.3%","6.1%","8.0%","$542.40","$16,288.33","$22.53","12.1%","-1.7%","4.2%","4.3%","3.5%","4.1%","$281.23","5.0%","15.4%","8.6%","0.0","2.1","$15,328.65","1.5%","4.2%","17.5%","1.1","1.3","14.7%","6.9%","9.7%","20.6%","17.2%"
"YUMC","Yum China Holdings, Inc.","CN","NYSE","Hotels, Restaurants and Leisure","20.3%","12.6%","6.4%","8.7%","$940.00","$16,873.06","$43.00","7.6%","-6.2%","1.9%","2.8%","6.2%","6.8%","$44.61","-7.2%","-7.4%","7.6%","0.1","0.9","$15,277.06","8.5%","6.3%","11.4%","0.5","0.1","-4.6%","15.6%","14.0%","11.0%","-4.9%"
"ULS","UL Solutions Inc.","US","NYSE","Professional Services","50.4%","53.2%","8.6%","11.0%","$436.00","$15,112.45","$61.00","13.9%","","18.0%","0.3%","2.9%","2.2%","$74.52","-18.0%","-7.9%","6.2%","0.1","1.8","$15,045.45","0.2%","7.0%","18.9%","0.1","","","18.7%","11.7%","18.6%",""
"FN","Fabrinet","KY","NYSE","Electronic Equipment, Instruments and Components","12.0%","42.3%","18.3%","34.6%","$4.22","$13,926.25","$34.63","0.1%","-0.3%","3.4%","3.2%","0.0%","2.1%","$412.93","-9.4%","-13.9%","25.5%","0.1","1.1","$14,797.29","0.2%","20.6%","10.0%","-1.6","1.0","37.0%","24.7%","28.1%","25.0%","31.8%"
"HTHT","H World Group Limited","CN","NasdaqGS","Hotels, Restaurants and Leisure","41.0%","31.6%","36.2%","22.0%","$1,183.05","$17,323.34","$64.51","30.2%","-1.2%","67.0%","5.0%","8.1%","6.7%","$47.32","11.0%","-1.4%","6.7%","0.0","1.1","$14,552.03","2.2%","14.3%","28.8%","2.1","0.1","8.8%","61.8%","16.9%","9.0%","1.5%"
"WMG","Warner Music Group Corp.","US","NasdaqGS","Entertainment","45.8%","123.6%","5.9%","10.8%","$836.00","$19,289.93","$44.00","11.4%","0.5%","6.9%","3.0%","5.7%","4.8%","$28.21","13.2%","-7.3%","7.6%","0.0","0.2","$14,756.93","0.6%","7.1%","17.2%","2.6","1.3","-3.5%","15.7%","20.2%","12.3%","-3.8%"
"STRL","Sterling Infrastructure, Inc.","US","NasdaqGS","Construction and Engineering","23.8%","50.6%","39.4%","72.5%","$482.00","$14,284.34","$27.54","14.0%","-0.2%","17.0%","12.1%","3.4%","2.3%","$470.07","-23.1%","47.3%","40.6%","0.0","0.4","$14,378.74","0.6%","22.6%","18.1%","-0.2","1.5","78.2%","52.9%","21.1%","22.2%","82.9%"
"TXT","Textron Inc.","US","NYSE","Aerospace and Defense","17.6%","19.8%","8.6%","7.9%","$759.00","$16,630.27","","5.0%","-4.6%","1.5%","0.5%","5.5%","5.8%","$80.56","-6.7%","-7.5%","4.7%","0.0","2.6","$13,855.27","4.9%","5.1%","8.4%","1.7","1.0","1.1%","6.8%","9.4%","6.9%","2.4%"
"CSL","Carlisle Companies Incorporated","US","NYSE","Building Products","35.3%","-2.8%","3.6%","-2.7%","$866.60","$15,956.49","$33.20","17.0%","-7.3%","8.6%","6.3%","6.3%","5.5%","$346.58","-6.5%","5.5%","5.0%","0.0","2.1","$13,731.89","7.7%","1.7%","19.9%","1.8","1.0","10.1%","7.6%","10.1%","15.3%","11.9%"
"BWXT","BWX Technologies, Inc.","US","NYSE","Aerospace and Defense","22.1%","20.2%","11.3%","11.7%","$316.76","$15,364.50","$32.45","9.0%","0.1%","22.2%","-0.2%","2.3%","1.6%","$152.29","-12.2%","-16.3%","14.6%","0.1","2.2","$13,953.11","0.1%","14.7%","10.2%","3.0","0.9","28.2%","16.5%","13.5%","8.9%","23.0%"
"MLI","Mueller Industries, Inc.","US","NYSE","Machinery","28.8%","22.2%","7.7%","16.1%","$666.37","$12,438.89","$28.67","14.3%","-0.9%","28.5%","12.8%","4.8%","5.0%","$62.41","-6.2%","6.9%","14.3%","0.0","0.5","$13,803.93","0.6%","8.1%","21.9%","-1.3","1.0","49.7%","10.5%","17.5%","33.0%","43.1%"
"RPM","RPM International Inc.","US","NYSE","Chemicals","41.4%","-3.5%","5.8%","6.8%","$675.20","$15,908.24","$32.85","8.6%","-0.3%","61.8%","2.5%","5.1%","6.1%","$104.10","-6.6%","0.3%","4.6%","0.0","2.3","$13,297.88","0.6%","2.7%","12.5%","2.2","","3.1%","11.6%","5.2%","11.7%","6.8%"
"EXEL","Exelixis, Inc.","US","NasdaqGS","Biotechnology","96.5%","53.4%","12.5%","9.1%","$1,172.46","$12,320.41","$112.60","48.1%","-8.0%","16.2%","-1.2%","8.7%","5.9%","$54.64","-0.8%","25.4%","11.8%","0.0","1.1","$13,538.79","8.6%","12.4%","40.7%","-1.2","0.4","33.9%","85.3%","13.4%","54.1%","22.8%"
"AVY","Avery Dennison Corporation","US","NYSE","Containers and Packaging","29.0%","2.4%","6.6%","7.4%","$1,063.10","$16,605.97","$25.40","11.5%","-2.0%","1.8%","7.3%","8.1%","6.4%","$174.11","1.1%","-4.6%","4.3%","0.0","2.8","$13,195.47","3.2%","2.9%","12.9%","2.3","1.0","-0.8%","9.6%","8.2%","12.4%","-3.5%"
"SEIC","SEI Investments Company","US","NasdaqGS","Capital Markets","78.4%","6.6%","9.4%","10.3%","$686.80","$13,313.59","$56.34","28.0%","-3.2%","9.3%","0.8%","5.2%","7.6%","$110.98","6.5%","33.7%","10.0%","0.0","1.8","$13,319.73","3.1%","9.1%","28.7%","-0.5","1.0","22.9%","24.2%","8.4%","25.6%","13.6%"
"ALLE","Allegion plc","IE","NYSE","Building Products","44.8%","5.8%","8.3%","10.6%","$671.10","$15,103.66","$29.80","15.6%","-1.1%","-5.1%","2.8%","5.1%","5.4%","$155.25","-3.7%","-3.5%","6.8%","0.0","2.0","$13,201.96","1.0%","5.9%","21.1%","1.8","1.0","12.2%","9.2%","8.3%","18.9%","2.9%"
"FIVE","Five Below, Inc.","US","NasdaqGS","Specialty Retail","36.8%","65.8%","18.5%","32.3%","$505.27","$14,534.55","$29.95","9.9%","-0.2%","7.6%","4.5%","3.7%","2.5%","$246.84","13.9%","27.6%","12.8%","0.0","0.8","$13,649.10","0.1%","17.1%","11.0%","1.2","1.2","13.4%","18.4%","16.6%","12.4%","2.7%"
"GL","Globe Life Inc.","US","NYSE","Insurance","33.9%","20.2%","11.1%","9.6%","$1,232.38","$16,439.79","","19.9%","-6.8%","-1.4%","0.2%","9.3%","5.5%","$172.67","-6.2%","24.7%","6.6%","0.0","1.4","$13,269.59","5.3%","5.5%","26.6%","1.9","0.5","16.7%","19.1%","7.0%","4.3%","13.5%"
"GGG","Graco Inc.","US","NYSE","Machinery","52.6%","12.8%","2.4%","5.4%","$629.46","$12,084.72","$33.31","27.8%","-1.4%","-11.1%","-2.9%","5.0%","3.5%","$77.43","-3.6%","-6.3%","5.1%","0.0","2.2","$12,540.08","2.7%","1.2%","27.7%","-0.6","1.1","0.4%","2.8%","7.0%","21.4%","1.0%"
"CCK","Crown Holdings, Inc.","US","NYSE","Containers and Packaging","21.0%","46.7%","7.4%","3.7%","$1,199.00","$18,628.01","$45.00","9.0%","-3.5%","6.3%","8.7%","9.6%","7.7%","$116.39","-2.6%","11.7%","6.3%","0.0","2.1","$12,513.01","6.5%","2.4%","12.4%","2.7","0.8","8.7%","20.5%","6.5%","11.6%","2.3%"
"GDDY","GoDaddy Inc.","US","NYSE","IT Services","63.8%","20.3%","7.4%","7.1%","$1,702.90","$15,035.18","$301.90","33.4%","-4.8%","3.7%","0.3%","13.7%","15.9%","$97.88","10.7%","-17.4%","5.5%","0.0","0.8","$12,396.28","12.9%","7.1%","25.2%","1.9","0.9","10.4%","48.3%","14.9%","11.2%","5.8%"
"WTS","Watts Water Technologies, Inc.","US","NYSE","Machinery","48.9%","23.1%","13.0%","18.0%","$349.40","$12,073.75","$25.20","13.1%","0.0%","12.0%","5.1%","2.9%","3.9%","$365.75","4.3%","31.3%","10.9%","0.0","1.5","$12,209.85","0.2%","10.3%","19.5%","-0.2","1.2","25.6%","12.7%","9.7%","20.0%","17.5%"
"DOCU","DocuSign, Inc.","US","NasdaqGS","Software","79.5%","-70.6%","7.9%","8.6%","$1,120.18","$12,023.05","$618.10","34.1%","-1.9%","6.4%","0.7%","8.9%","11.0%","$66.27","20.9%","2.2%","8.1%","0.0","2.4","$12,653.90","9.5%","8.3%","10.6%","-1.6","1.0","8.6%","64.3%","14.5%","6.8%","-25.9%"
"JKHY","Jack Henry & Associates, Inc.","US","NasdaqGS","Financial Services","43.9%","11.9%","9.2%","10.1%","$694.86","$11,838.37","$32.46","27.3%","-1.3%","17.1%","2.0%","5.9%","4.2%","$167.91","7.3%","-5.9%","6.3%","0.0","2.6","$11,772.61","3.8%","7.0%","25.3%","0.1","0.7","3.4%","11.6%","8.4%","17.7%","0.2%"
"HALO","Halozyme Therapeutics, Inc.","US","NasdaqGS","Biotechnology","76.3%","-22.5%","34.5%","37.8%","$806.22","$14,033.93","$63.07","48.5%","-4.9%","-110.9%","19.6%","6.7%","14.0%","$106.49","29.4%","51.5%","21.2%","0.0","0.3","$12,086.40","2.9%","29.1%","56.8%","1.9","0.9","35.5%","25.7%","54.2%","37.4%","20.4%"
"DECK","Deckers Outdoor Corporation","US","NYSE","Textiles, Apparel and Luxury Goods","57.8%","8.7%","19.4%","8.2%","$1,117.81","$10,728.46","$46.84","20.2%","-4.6%","20.4%","0.2%","9.4%","7.1%","$87.08","-12.5%","-18.5%","7.4%","0.0","1.7","$11,858.72","10.5%","14.4%","22.7%","-0.9","1.2","-0.6%","28.2%","7.7%","71.2%","4.6%"
"EHC","Encompass Health Corporation","US","NYSE","Health Care Providers and Services","43.9%","19.9%","13.2%","13.3%","$413.40","$15,457.12","$58.00","6.7%","-0.5%","12.1%","1.7%","3.5%","3.6%","$120.21","6.9%","13.0%","8.6%","0.1","1.7","$11,859.12","2.3%","10.7%","18.0%","1.9","0.6","20.1%","25.3%","9.0%","14.1%","14.9%"
"MOG.A","Moog Inc.","US","NYSE","Aerospace and Defense","28.2%","76.0%","12.6%","18.3%","$350.23","$12,855.86","$19.95","8.1%","-0.2%","11.7%","3.5%","3.0%","2.2%","$371.50","-6.1%","48.7%","10.4%","0.0","1.0","$11,777.14","0.6%","10.3%","12.0%","1.7","1.0","46.8%","32.8%","15.6%","11.1%","37.5%"
"AIT","Applied Industrial Technologies, Inc.","US","NYSE","Trading Companies and Distributors","30.3%","8.2%","5.4%","8.9%","$460.52","$12,215.32","$12.90","9.3%","-1.7%","0.2%","4.7%","3.9%","3.5%","$323.98","-7.8%","24.8%","5.9%","0.0","3.0","$11,889.70","2.8%","4.0%","11.1%","0.5","0.9","28.2%","7.4%","7.7%","17.3%","31.0%"
"HII","Huntington Ingalls Industries, Inc.","US","NYSE","Aerospace and Defense","12.4%","25.7%","4.3%","14.2%","-$85.00","$14,397.62","$52.00","-0.6%","-0.4%","5.0%","8.4%","-0.7%","3.9%","$291.20","-10.2%","-16.7%","6.6%","0.0","0.8","$11,474.62","0.4%","6.6%","6.4%","2.5","0.4","11.9%","8.9%","15.0%","6.1%","9.8%"
"BSY","Bentley Systems, Incorporated","US","NasdaqGS","Software","81.8%","15.5%","12.9%","13.7%","$498.50","$12,521.86","$97.18","31.1%","-0.3%","3.6%","-0.3%","4.4%","5.3%","$36.75","3.7%","-3.7%","11.7%","0.0","2.7","$11,401.41","2.0%","11.2%","25.2%","2.4","1.2","-9.4%","22.3%","14.1%","8.4%","-10.7%"
"GMED","Globus Medical, Inc.","US","NYSE","Health Care Equipment and Supplies","69.0%","51.9%","38.7%","23.1%","$755.59","$10,196.30","$48.96","24.0%","-1.3%","11.0%","0.8%","6.9%","4.4%","$81.37","-0.1%","-6.8%","7.4%","0.0","0.8","$10,924.89","1.0%","42.1%","23.2%","-0.7","1.1","14.5%","25.0%","11.5%","13.3%","-0.3%"
"NVMI","Nova Ltd.","IL","NasdaqGS","Semiconductors and Semiconductor Equipment","57.1%","9.2%","20.0%","15.6%","$189.75","$10,171.80","$27.73","20.2%","3.4%","0.7%","1.8%","1.7%","1.6%","$348.45","-11.5%","0.3%","24.3%","0.0","1.8","$11,074.78","0.1%","19.5%","29.1%","-3.0","1.8","39.7%","23.6%","20.4%","16.3%","28.3%"
"NYT","The New York Times Company","US","NYSE","Media","51.0%","24.3%","11.2%","14.1%","$623.02","$9,633.24","$78.29","21.1%","-0.6%","1.1%","1.4%","5.7%","4.3%","$67.27","-10.8%","-3.7%","8.5%","0.0","1.7","$10,849.55","2.1%","8.1%","16.3%","-2.2","1.2","16.3%","31.2%","13.1%","17.6%","6.6%"
"GNRC","Generac Holdings Inc.","US","NYSE","Electrical Equipment","39.5%","-27.8%","10.4%","-0.4%","$379.25","$12,078.03","$51.03","8.5%","-1.8%","35.5%","-0.4%","3.5%","2.8%","$185.38","-7.9%","31.4%","19.1%","0.0","0.8","$10,938.60","0.3%","3.3%","9.5%","1.8","1.8","15.9%","21.9%","30.4%","7.3%","-15.8%"
"DCI","Donaldson Company, Inc.","US","NYSE","Machinery","35.1%","26.2%","5.4%","5.5%","$426.30","$11,609.56","$24.70","11.0%","-1.5%","-6.6%","0.7%","4.0%","4.7%","$90.89","-5.0%","1.1%","6.3%","0.0","2.7","$10,535.16","0.6%","4.2%","15.7%","1.5","1.0","13.6%","9.9%","9.0%","17.2%","7.8%"
"PAYC","Paycom Software, Inc.","US","NYSE","Professional Services","88.1%","26.3%","11.5%","11.6%","$575.10","$11,373.41","$89.70","26.9%","-8.6%","0.1%","3.5%","5.4%","7.9%","$239.10","42.0%","56.9%","7.5%","0.1","0.8","$10,588.61","16.3%","11.2%","30.3%","1.1","0.8","-6.1%","19.8%","12.3%","11.4%","-13.4%"
"SANM","Sanmina Corporation","US","NasdaqGS","Electronic Equipment, Instruments and Components","9.0%","19.7%","15.7%","65.2%","$594.15","$11,323.37","$88.74","4.7%","-2.2%","31.8%","1.8%","5.6%","-5.4%","$196.72","1.8%","23.5%","42.1%","0.0","0.4","$10,543.67","2.9%","11.9%","5.5%","0.7","1.0","52.0%","3.0%","46.8%","13.0%","37.9%"
"FLS","Flowserve Corporation","US","NYSE","Machinery","35.1%","30.0%","11.9%","5.7%","$411.44","$11,708.53","$40.04","8.9%","-1.1%","6.2%","0.9%","4.1%","4.7%","$79.09","3.3%","11.8%","5.0%","0.0","2.1","$10,053.35","2.5%","5.3%","13.4%","2.2","1.3","27.3%","16.7%","13.1%","10.4%","17.9%"
"CGNX","Cognex Corporation","US","NasdaqGS","Electronic Equipment, Instruments and Components","68.9%","44.8%","5.1%","19.1%","$268.30","$9,923.03","$49.43","24.6%","-0.8%","22.9%","-0.4%","2.6%","3.1%","$60.96","-9.5%","65.1%","12.2%","0.0","0.4","$10,254.93","0.2%","6.8%","21.9%","-1.2","1.5","9.5%","1.7%","22.8%","9.8%","-6.4%"
"UHS","Universal Health Services, Inc.","US","NYSE","Health Care Providers and Services","44.6%","29.7%","14.5%","14.5%","$845.40","$15,303.46","$95.39","4.7%","-5.3%","2.9%","1.3%","8.4%","11.8%","$170.33","0.8%","-22.5%","6.0%","0.1","1.9","$10,038.66","10.5%","9.5%","11.4%","1.9","1.3","8.6%","36.6%","8.1%","12.1%","2.3%"
"PODD","Insulet Corporation","US","NasdaqGS","Health Care Equipment and Supplies","71.1%","59.4%","30.8%","31.1%","$293.70","$10,723.70","$77.90","9.6%","-0.2%","6.0%","1.8%","2.8%","4.0%","$148.66","-12.4%","-47.5%","17.6%","0.1","0.9","$10,310.20","3.2%","27.7%","16.9%","0.7","1.4","-8.2%","80.8%","27.4%","19.8%","-13.1%"
"ENSG","The Ensign Group, Inc.","US","NasdaqGS","Health Care Providers and Services","16.6%","15.6%","16.5%","19.8%","$419.09","$11,888.45","$55.97","7.6%","1.2%","3.0%","-0.1%","4.2%","2.6%","$172.26","-2.8%","-1.0%","13.4%","0.0","1.4","$9,955.32","0.1%","17.4%","8.6%","3.3","0.8","20.4%","14.8%","12.0%","7.9%","16.0%"
"AYI","Acuity Inc.","US","NYSE","Electrical Equipment","48.7%","18.7%","9.0%","11.8%","$639.40","$10,258.36","$50.30","13.9%","-1.3%","3.5%","1.8%","6.5%","6.6%","$331.79","-0.8%","-11.1%","6.0%","0.0","2.2","$9,865.96","2.8%","4.4%","12.6%","0.5","","26.6%","9.1%","8.7%","12.6%","13.2%"
"EAT","Brinker International, Inc.","US","NYSE","Hotels, Restaurants and Leisure","18.6%","30.6%","29.4%","10.2%","$557.50","$11,189.30","$32.20","9.6%","-2.2%","1.3%","0.1%","5.8%","7.3%","$228.50","1.4%","50.8%","5.3%","0.0","0.9","$9,543.30","4.6%","12.0%","10.8%","1.9","1.4","91.2%","68.3%","18.1%","19.6%","33.7%"
"MTCH","Match Group, Inc.","US","NasdaqGS","Interactive Media and Services","74.9%","39.3%","5.4%","5.8%","$1,141.45","$12,415.68","$240.93","32.5%","-6.2%","3.7%","-0.4%","12.2%","12.3%","$40.65","0.3%","28.1%","1.8%","0.0","0.9","$9,331.25","7.9%","3.0%","31.3%","2.6","1.3","-3.0%","20.1%","11.1%","25.4%","-21.1%"
"FCFS","FirstCash Holdings, Inc.","US","NasdaqGS","Consumer Finance","57.9%","34.9%","10.8%","16.6%","$605.95","$11,832.67","$21.95","14.7%","-1.3%","12.4%","4.3%","6.5%","4.6%","$214.47","2.7%","36.8%","14.4%","0.0","0.8","$9,301.95","2.0%","12.0%","16.1%","3.2","0.5","34.3%","20.6%","19.0%","10.4%","21.5%"
"OSK","Oshkosh Corporation","US","NYSE","Machinery","15.9%","-12.2%","7.4%","-10.2%","$1,123.60","$10,213.91","$40.30","10.6%","-1.9%","-2.2%","4.6%","11.8%","8.2%","$154.11","4.3%","16.6%","7.3%","0.0","-65.9","$9,514.71","3.7%","5.8%","7.6%","0.7","1.4","15.2%","12.3%","14.9%","7.6%","8.2%"
"R","Ryder System, Inc.","US","NYSE","Ground Transportation","19.8%","5.0%","3.0%","-0.2%","$1,150.00","$17,608.28","","9.0%","-5.6%","11.7%","1.7%","12.3%","9.2%","$244.46","-6.4%","25.9%","5.1%","0.1","1.5","$9,374.28","6.3%","2.3%","7.9%","3.0","1.0","36.5%","1.5%","16.1%","4.7%","28.4%"
"EDU","New Oriental Education & Technology Group Inc.","CN","NYSE","Diversified Consumer Services","54.6%","30.7%","24.9%","13.8%","$1,027.08","$5,256.66","$59.93","18.1%","-2.2%","12.6%","4.4%","11.2%","7.9%","$57.70","-2.3%","-0.2%","14.4%","0.0","0.9","$9,182.71","5.7%","23.6%","11.4%","-5.4","0.3","0.8%","44.2%","16.0%","8.4%","20.4%"
"RMBS","Rambus Inc.","US","NasdaqGS","Semiconductors and Semiconductor Equipment","80.4%","3.2%","18.3%","15.4%","$299.54","$8,599.39","$55.99","39.6%","-0.2%","-1.0%","4.6%","3.2%","1.9%","$86.69","-6.0%","-12.7%","18.3%","0.0","1.7","$9,402.54","0.6%","17.3%","35.9%","-2.5","1.5","14.8%","8.2%","21.6%","28.2%","29.2%"
"PRI","Primerica, Inc.","US","NYSE","Insurance","72.1%","23.1%","11.6%","11.5%","$842.16","$10,057.36","$24.67","24.2%","-4.9%","8.0%","-0.7%","9.5%","6.6%","$287.65","-9.0%","11.2%","6.2%","0.0","1.1","$8,853.10","5.5%","8.0%","31.7%","1.1","0.9","13.7%","22.8%","6.8%","6.4%","15.3%"
"ACM","AECOM","US","NYSE","Construction and Engineering","5.7%","-52.0%","-1.4%","-25.9%","$203.45","$11,181.41","$41.86","1.3%","-2.5%","10.9%","-17.8%","2.3%","5.0%","$67.43","-9.9%","-30.1%","2.3%","0.0","-1.0","$8,666.30","7.4%","3.3%","4.7%","2.5","1.1","-7.7%","31.5%","12.2%","8.0%","0.6%"
"DY","Dycom Industries, Inc.","US","NYSE","Construction and Engineering","20.5%","23.6%","23.7%","39.0%","$468.67","$11,479.88","$38.13","6.8%","0.9%","14.0%","1.5%","5.3%","5.9%","$291.21","-29.8%","-16.2%","24.3%","0.0","0.6","$8,783.17","0.8%","19.4%","8.1%","2.9","1.4","42.4%","19.8%","19.8%","10.9%","32.5%"
"KNSL","Kinsale Capital Group, Inc.","US","NYSE","Insurance","31.1%","28.6%","39.5%","38.7%","$1,000.77","$8,530.88","$17.88","50.1%","-0.6%","9.3%","15.0%","11.8%","13.5%","$373.90","3.8%","-4.7%","2.8%","0.0","1.8","$8,516.85","2.8%","24.7%","36.3%","0.0","1.0","-2.3%","35.7%","6.0%","9.5%","15.6%"
"ATR","AptarGroup, Inc.","US","NYSE","Containers and Packaging","36.1%","-4.1%","6.0%","2.5%","$310.39","$9,629.00","$40.81","7.9%","-1.1%","1.7%","1.5%","3.7%","5.1%","$131.62","-3.8%","7.4%","4.7%","0.1","-6.1","$8,368.55","4.0%","5.1%","12.5%","1.5","0.5","1.1%","13.7%","5.3%","9.7%","0.8%"
"APPF","AppFolio, Inc.","US","NasdaqGM","Software","63.5%","-20.9%","27.7%","19.9%","$270.02","$8,109.10","$74.58","25.9%","-0.2%","9.2%","1.4%","3.3%","4.8%","$234.21","22.2%","1.7%","17.8%","0.0","1.8","$8,295.01","1.9%","25.0%","17.5%","-1.0","0.8","6.5%","25.7%","24.7%","39.9%","13.9%"
"SARO","StandardAero, Inc.","US","NYSE","Aerospace and Defense","15.0%","131.6%","17.6%","13.0%","$218.79","$10,491.61","$17.09","3.5%","","29.6%","0.4%","2.7%","3.3%","$24.49","-16.4%","-17.4%","7.9%","0.0","0.6","$8,104.22","1.2%","13.5%","9.5%","3.0","","","118.1%","19.5%","8.0%",""
"LEVI","Levi Strauss & Co.","US","NYSE","Textiles, Apparel and Luxury Goods","61.7%","60.5%","5.5%","7.2%","$559.30","$9,307.30","$77.50","8.5%","-1.0%","13.6%","2.8%","7.0%","6.4%","$20.76","-15.3%","-0.3%","6.2%","0.0","1.0","$7,989.50","4.5%","2.6%","11.4%","1.4","1.3","17.5%","14.3%","11.9%","13.4%","-2.3%"
"MORN","Morningstar, Inc.","US","NasdaqGS","Capital Markets","62.2%","11.7%","13.2%","11.7%","$497.50","$9,594.22","$67.00","19.4%","-4.2%","19.5%","2.1%","6.1%","6.9%","$218.94","10.1%","4.0%","7.0%","0.1","0.8","$8,213.22","11.9%","10.0%","22.7%","2.0","1.1","-1.6%","170.3%","14.7%","12.8%","-3.8%"
"HQY","HealthEquity, Inc.","US","NasdaqGS","Health Care Providers and Services","71.2%","67.9%","19.9%","15.1%","$487.73","$8,700.35","$81.28","35.8%","-1.1%","5.8%","0.4%","6.1%","6.0%","$96.54","-7.5%","6.0%","7.7%","0.0","1.9","$7,985.33","5.0%","13.2%","26.1%","1.4","0.2","13.3%","163.6%","15.6%","9.2%","8.3%"
"ZWS","Zurn Elkay Water Solutions Corporation","US","NYSE","Building Products","49.0%","61.4%","15.2%","19.3%","$378.50","$8,113.80","$42.00","21.2%","-1.4%","13.0%","1.6%","4.8%","4.2%","$47.80","-6.4%","2.0%","7.7%","0.0","1.5","$7,928.30","1.8%","5.2%","21.3%","0.4","0.8","18.4%","77.1%","12.4%","13.1%","11.0%"
"FORM","FormFactor, Inc.","US","NasdaqGS","Semiconductors and Semiconductor Equipment","46.2%","155.0%","20.1%","40.6%","$136.12","$7,544.00","$36.11","15.1%","0.2%","28.7%","7.6%","1.7%","-0.0%","$100.61","-7.5%","70.0%","22.1%","0.0","0.5","$7,859.73","0.2%","10.4%","16.6%","-1.7","1.1","42.0%","149.4%","32.3%","15.1%","20.9%"
"FAF","First American Financial Corporation","US","NYSE","Insurance","64.0%","297.4%","9.4%","28.1%","$832.30","$7,734.63","$61.00","10.4%","-0.3%","26.3%","4.4%","11.0%","9.9%","$73.92","-2.0%","21.0%","6.9%","0.0","0.6","$7,547.23","1.2%","6.5%","14.4%","0.1","1.3","9.0%","46.6%","9.6%","4.1%","4.6%"
"SSD","Simpson Manufacturing Co., Inc.","US","NYSE","Building Products","45.8%","16.1%","3.6%","6.3%","$468.37","$7,480.19","$25.82","19.3%","-1.3%","16.3%","1.9%","6.3%","5.2%","$182.61","-5.0%","10.9%","3.9%","0.0","1.5","$7,484.21","2.2%","3.9%","19.8%","-0.0","1.4","4.5%","4.6%","11.2%","15.1%","11.0%"
"AWI","Armstrong World Industries, Inc.","US","NYSE","Building Products","40.3%","8.1%","13.7%","7.8%","$246.70","$7,795.12","$21.90","14.6%","-1.9%","-6.4%","2.2%","3.4%","5.1%","$172.58","-3.7%","-12.3%","8.7%","0.1","1.7","$7,293.72","3.3%","10.3%","19.4%","1.1","1.3","32.0%","15.8%","12.5%","14.8%","11.9%"
"MSA","MSA Safety Incorporated","US","NYSE","Commercial Services and Supplies","47.6%","14.7%","6.7%","8.2%","$354.30","$7,652.29","$18.82","18.2%","-0.6%","5.3%","1.4%","4.9%","5.3%","$186.77","-2.7%","15.1%","10.2%","0.0","1.5","$7,205.27","1.7%","5.2%","23.4%","0.9","1.0","1.5%","188.2%","9.3%","15.7%","4.3%"
"KEX","Kirby Corporation","US","NYSE","Marine Transportation","33.2%","23.5%","11.8%","10.6%","$477.03","$8,680.76","$18.85","13.7%","-3.9%","3.2%","5.8%","6.4%","5.2%","$141.86","8.7%","26.8%","7.2%","0.1","1.8","$7,490.21","4.4%","5.1%","14.5%","1.5","0.9","19.0%","30.9%","13.3%","6.8%","21.3%"
"VCTR","Victory Capital Holdings, Inc.","US","NasdaqGS","Capital Markets","57.3%","36.9%","26.4%","51.1%","$563.60","$8,200.96","$70.09","36.2%","-2.2%","7.5%","12.8%","7.8%","","$118.01","13.7%","84.1%","15.2%","0.0","0.9","$7,258.74","5.6%","24.2%","46.2%","1.2","1.1","55.7%","18.5%","8.4%","13.8%","31.8%"
"FSS","Federal Signal Corporation","US","NYSE","Machinery","29.2%","29.3%","22.1%","24.5%","$339.20","$7,564.87","$15.00","13.9%","0.0%","33.4%","0.5%","4.7%","4.8%","$117.00","-9.3%","5.0%","13.1%","0.0","1.1","$7,141.87","0.2%","16.1%","16.7%","0.8","1.3","25.4%","28.5%","13.1%","16.6%","24.5%"
"HXL","Hexcel Corporation","US","NYSE","Aerospace and Defense","25.0%","84.3%","5.6%","12.5%","$255.60","$7,904.93","$16.50","12.9%","-3.6%","35.6%","0.1%","3.6%","3.1%","$92.67","-9.2%","20.5%","11.1%","0.0","1.3","$7,008.03","4.9%","5.1%","13.5%","2.3","1.1","8.8%","4.2%","34.4%","9.3%","11.2%"
"URBN","Urban Outfitters, Inc.","US","NasdaqGS","Specialty Retail","36.0%","24.6%","14.3%","12.4%","$295.21","$7,178.97","$31.15","4.6%","-2.6%","13.3%","0.7%","4.3%","4.9%","$80.69","3.9%","7.1%","8.1%","0.1","0.8","$6,911.13","4.7%","9.4%","9.9%","0.3","1.2","34.5%","38.1%","9.1%","14.5%","19.0%"
"CHE","Chemed Corporation","US","NYSE","Health Care Providers and Services","33.1%","2.2%","4.8%","1.7%","$323.61","$7,005.63","$39.10","12.5%","-4.6%","6.6%","1.2%","4.8%","6.4%","$518.71","-3.9%","22.4%","6.7%","0.0","1.4","$6,751.06","9.5%","5.9%","13.7%","0.6","0.5","0.8%","9.9%","11.7%","19.5%","2.1%"
"WEX","WEX Inc.","US","NYSE","Financial Services","73.2%","26.7%","4.1%","9.3%","$108.50","$5,750.87","$119.90","3.9%","-7.4%","1.3%","1.8%","1.7%","10.0%","$190.58","1.8%","28.4%","4.9%","0.1","0.8","$6,495.27","1.0%","4.2%","25.8%","-0.8","1.0","-1.7%","28.4%","12.3%","4.0%","0.8%"
"TAL","TAL Education Group","CN","NYSE","Diversified Consumer Services","56.0%","864.4%","45.2%","37.4%","$638.73","$4,041.73","$43.09","20.0%","-4.6%","186.4%","5.2%","9.8%","8.6%","$11.74","-2.8%","2.2%","21.1%","0.0","0.2","$6,511.61","9.9%","43.9%","12.5%","-5.1","0.1","16.3%","95.1%","2.3%","8.6%","17.2%"
"ANF","Abercrombie & Fitch Co.","US","NYSE","Specialty Retail","63.7%","9.9%","14.2%","6.3%","$566.46","$7,021.87","$39.05","10.6%","-4.1%","2.7%","1.5%","8.9%","8.5%","$143.08","31.5%","15.6%","4.7%","0.0","0.4","$6,357.29","8.3%","11.5%","13.3%","0.7","1.2","38.0%","77.2%","9.6%","23.2%","31.9%"
"LNTH","Lantheus Holdings, Inc.","US","NasdaqGM","Health Care Equipment and Supplies","60.1%","10.1%","9.3%","-3.4%","$387.83","$6,621.56","$78.09","24.9%","-1.6%","42.9%","6.9%","5.9%","6.4%","$100.96","-0.2%","50.1%","3.4%","0.0","-3.1","$6,589.90","3.1%","11.4%","19.5%","0.1","-0.1","14.5%","104.9%","1.7%","17.1%","30.4%"
"IBP","Installed Building Products, Inc.","US","NYSE","Household Durables","33.6%","3.4%","4.2%","0.5%","$291.70","$7,217.14","$22.20","9.8%","-2.2%","18.0%","4.6%","4.5%","4.0%","$242.83","6.3%","-9.2%","2.3%","0.0","-3.0","$6,414.44","3.2%","2.4%","12.5%","1.7","1.9","20.2%","3.1%","2.7%","17.9%","16.1%"
"HRB","H&R Block, Inc.","US","NYSE","Diversified Consumer Services","44.3%","29.0%","4.1%","4.4%","$756.08","$7,510.33","$30.48","19.2%","-5.7%","-2.8%","2.4%","11.9%","","$51.65","14.3%","21.2%","4.5%","0.0","0.6","$6,366.68","8.1%","4.4%","23.0%","1.1","0.3","12.4%","17.3%","9.4%","26.1%","18.4%"
"PLXS","Plexus Corp.","US","NasdaqGS","Electronic Equipment, Instruments and Components","10.0%","15.4%","4.5%","12.7%","$61.87","$6,375.29","$44.62","1.3%","-1.0%","8.8%","6.0%","1.0%","1.1%","$239.47","-8.2%","57.3%","17.5%","0.0","2.1","$6,382.38","1.7%","2.2%","5.0%","-0.0","0.8","33.0%","8.6%","8.1%","9.4%","21.4%"
"G","Genpact Limited","BM","NYSE","Professional Services","36.5%","11.6%","7.3%","9.0%","$572.11","$7,275.86","$96.41","10.9%","-2.5%","3.8%","0.8%","9.0%","12.1%","$37.98","8.0%","-17.3%","7.1%","0.0","0.9","$6,381.95","4.7%","6.0%","15.0%","1.0","0.8","1.8%","15.5%","10.3%","14.5%","-4.6%"
"BIRK","Birkenstock Holding plc","GB","NYSE","Textiles, Apparel and Luxury Goods","57.5%","11.9%","13.7%","8.3%","$334.64","$7,627.11","","12.9%","","3.4%","0.8%","5.4%","7.4%","$34.91","-9.8%","-16.4%","12.9%","0.0","3.0","$6,210.06","4.2%","16.3%","25.0%","1.9","1.1","","27.7%","15.0%","9.0%",""
"ROAD","Construction Partners, Inc.","US","NasdaqGS","Construction and Engineering","15.8%","85.7%","47.6%","50.7%","$175.56","$7,824.48","$40.24","5.0%","2.5%","53.4%","5.3%","2.9%","3.4%","$106.20","2.8%","-5.3%","20.6%","0.1","1.0","$6,027.44","0.5%","32.9%","9.5%","3.5","0.9","44.6%","61.9%","28.3%","8.9%","26.1%"
"ESNT","Essent Group Ltd.","BM","NYSE","Financial Services","76.0%","4.3%","2.2%","-3.5%","$825.89","$6,493.69","$18.59","62.4%","-5.6%","-7.8%","6.6%","13.6%","","$67.56","1.8%","4.5%","5.6%","0.0","1.0","$6,072.06","10.1%","9.5%","64.5%","0.5","0.9","12.3%","4.7%","6.0%","11.2%","9.8%"
"LEA","Lear Corporation","US","NYSE","Automobile Components","7.7%","24.5%","1.3%","4.1%","$849.40","$8,716.60","$66.20","3.6%","-5.7%","21.8%","1.0%","13.8%","10.2%","$124.99","-0.1%","5.4%","1.9%","0.0","0.7","$6,165.10","7.3%","1.8%","4.6%","1.4","1.3","-2.7%","6.8%","14.8%","10.4%","-2.4%"
"AMRX","Amneal Pharmaceuticals, Inc.","US","NasdaqGS","Pharmaceuticals","39.8%","4,332.0%","14.8%","16.2%","$83.11","$8,829.04","$35.63","2.7%","31.2%","14.1%","3.3%","1.4%","8.9%","$17.47","-4.6%","38.0%","6.6%","0.0","1.7","$6,084.73","0.7%","10.5%","15.9%","3.9","1.4","60.6%","229.4%","19.4%","17.8%","26.4%"
"VAL","Valaris Limited","US","NYSE","Energy Equipment and Services","24.8%","248.1%","24.4%","-31.7%","-$24.10","$6,618.57","$29.20","-1.1%","-2.1%","-25.5%","8.8%","-0.4%","-0.6%","$86.37","9.1%","65.6%","2.7%","0.2","-0.4","$5,997.17","1.7%","7.6%","12.2%","1.5","1.2","4.2%","103.4%","26.1%","17.4%","24.1%"
"PEGA","Pegasystems Inc.","US","NasdaqGS","Software","75.6%","53.0%","12.9%","3.7%","$492.50","$5,761.86","$159.13","28.4%","-0.4%","-33.6%","-1.8%","8.1%","7.8%","$36.81","17.6%","-34.3%","8.6%","0.0","1.2","$6,051.75","8.5%","10.4%","11.3%","-1.4","1.1","13.4%","32.8%","20.3%","33.2%","-12.0%"
"CROX","Crocs, Inc.","US","NasdaqGS","Textiles, Apparel and Luxury Goods","57.5%","180.5%","4.0%","-5.1%","$704.62","$7,290.55","$41.52","17.4%","-8.0%","19.7%","2.7%","12.2%","12.9%","$120.38","-10.8%","38.4%","2.0%","0.0","0.9","$5,771.63","11.2%","1.4%","20.8%","1.6","1.5","6.4%","2.7%","6.5%","17.5%","-3.4%"
"AGX","Argan, Inc.","US","NYSE","Construction and Engineering","20.7%","59.4%","40.2%","36.4%","$486.89","$4,994.06","$8.72","46.7%","1.5%","75.5%","13.6%","8.2%","1.2%","$424.99","-28.3%","30.4%","30.2%","0.0","1.5","$5,958.04","0.5%","31.5%","14.9%","-6.1","0.6","117.8%","78.4%","23.8%","25.6%","58.5%"
"EXLS","ExlService Holdings, Inc.","US","NasdaqGS","Professional Services","38.5%","8.7%","14.8%","15.0%","$275.04","$5,979.75","$90.62","12.3%","-2.9%","8.4%","3.6%","4.8%","6.0%","$38.08","11.2%","-7.6%","13.5%","0.0","1.4","$5,773.40","7.8%","13.2%","14.8%","0.5","0.9","9.1%","15.9%","13.0%","20.2%","9.2%"
"MKTX","MarketAxess Holdings Inc.","US","NasdaqGS","Capital Markets","61.7%","42.4%","3.4%","2.8%","$194.30","$5,570.46","$33.40","22.3%","-2.2%","2.4%","0.8%","3.4%","6.4%","$162.63","0.7%","-8.9%","6.3%","0.0","2.3","$5,723.42","6.4%","5.9%","41.1%","-0.4","1.0","-10.6%","8.1%","11.0%","18.0%","-18.4%"
"FTDR","Frontdoor, Inc.","US","NasdaqGS","Diversified Consumer Services","55.5%","12.2%","14.4%","10.2%","$386.00","$6,128.40","$38.00","18.0%","-5.0%","74.1%","0.2%","6.9%","8.9%","$80.87","6.4%","41.8%","5.6%","0.0","1.4","$5,571.40","5.4%","7.8%","20.1%","1.1","1.3","34.5%","34.2%","10.1%","18.4%","13.1%"
"BCPC","Balchem Corporation","US","NasdaqGS","Chemicals","36.3%","16.5%","11.1%","11.7%","$171.36","$5,710.57","$19.69","15.8%","-0.4%","1.9%","5.8%","3.1%","3.6%","$175.89","1.3%","14.2%","7.4%","0.0","2.6","$5,607.03","1.8%","4.9%","20.4%","0.4","1.0","8.4%","18.3%","8.6%","11.6%","5.2%"
"RELY","Remitly Global, Inc.","US","NasdaqGS","Financial Services","61.5%","2,119.9%","38.0%","27.9%","$388.00","$5,022.30","$143.28","21.4%","5.3%","147.6%","1.9%","6.9%","5.8%","$26.74","11.5%","102.3%","20.5%","0.0","0.3","$5,660.43","1.6%","31.4%","10.3%","-3.2","0.1","1.8%","34.5%","20.6%","53.2%",""
"LGND","Ligand Pharmaceuticals Incorporated","US","NasdaqGM","Pharmaceuticals","81.2%","-330.0%","30.2%","118.9%","$131.44","$5,437.40","$53.27","45.2%","4.7%","34.9%","4.8%","2.3%","3.0%","$284.10","-2.7%","49.4%","19.1%","0.0","-2.1","$5,663.71","0.8%","17.3%","34.5%","-1.7","0.9","62.2%","80.6%","18.7%","11.3%","15.2%"
"AROC","Archrock, Inc.","US","NYSE","Energy Equipment and Services","67.3%","40.1%","29.3%","19.7%","$291.33","$7,881.87","$24.19","19.4%","3.9%","69.3%","-6.0%","5.3%","4.7%","$31.52","-9.7%","18.4%","4.9%","0.3","-2.8","$5,526.66","1.0%","18.2%","38.3%","2.8","0.9","39.1%","64.2%","9.8%","10.3%","38.7%"
"CRUS","Cirrus Logic, Inc.","US","NasdaqGS","Semiconductors and Semiconductor Equipment","52.8%","28.0%","5.8%","6.0%","$572.10","$4,451.52","$81.59","27.9%","-2.9%","21.9%","-0.1%","10.4%","6.1%","$109.51","-14.0%","-8.5%","3.6%","0.0","-1.5","$5,488.37","4.5%","4.0%","23.0%","-2.0","1.1","9.7%","45.1%","9.8%","26.1%","5.5%"
"ACIW","ACI Worldwide, Inc.","US","NasdaqGS","Software","49.1%","-7.2%","10.6%","4.5%","$311.41","$6,075.09","$78.21","17.1%","-2.4%","-10.7%","-0.0%","5.8%","6.2%","$53.28","-7.1%","16.7%","7.9%","0.0","0.9","$5,378.90","3.5%","9.9%","19.1%","1.8","1.1","29.3%","48.7%","15.7%","9.1%","10.4%"
"GVA","Granite Construction Incorporated","US","NYSE","Construction and Engineering","15.6%","-221.2%","30.8%","22.0%","$471.91","$5,992.63","$48.38","9.5%","-0.1%","1.8%","3.1%","8.9%","6.5%","$120.56","-2.8%","1.6%","15.5%","0.0","-1.9","$5,276.25","1.0%","15.1%","6.0%","1.4","1.3","42.7%","50.3%","6.7%","21.5%","26.0%"
"LAUR","Laureate Education, Inc.","US","NasdaqGS","Diversified Consumer Services","36.8%","32.2%","11.2%","13.6%","$286.58","$5,742.18","$14.14","15.7%","-4.3%","45.3%","1.4%","5.5%","7.0%","$37.53","-0.3%","12.7%","9.9%","0.1","1.7","$5,169.73","6.5%","10.4%","24.4%","1.1","0.7","40.7%","53.9%","14.5%","15.2%","38.4%"
"PSN","Parsons Corporation","US","NYSE","Professional Services","22.0%","-34.8%","9.6%","-3.5%","$308.14","$6,690.70","$120.09","4.9%","0.6%","15.6%","-2.0%","5.9%","7.8%","$48.64","2.2%","-21.8%","2.8%","0.0","-1.4","$5,195.01","2.8%","9.7%","5.4%","2.9","0.7","-5.3%","8.8%","7.8%","6.2%","6.6%"
"CSW","CSW Industrials, Inc.","US","NYSE","Building Products","42.5%","-13.0%","15.4%","23.9%","$144.28","$5,931.44","$14.98","12.3%","1.6%","-24.3%","2.3%","2.9%","4.5%","$308.95","-10.1%","4.7%","11.2%","0.0","2.0","$5,033.87","3.2%","15.4%","18.2%","3.1","0.8","19.0%","5.0%","18.0%","9.5%","19.4%"
"PSMT","PriceSmart, Inc.","US","NasdaqGS","Consumer Staples Distribution and Retail","17.6%","9.6%","10.6%","12.2%","$73.74","$5,129.05","$21.15","1.3%","-0.6%","7.3%","2.0%","1.4%","","$170.01","-13.4%","37.8%","11.0%","0.0","2.2","$5,117.23","0.2%","9.7%","4.6%","0.0","","31.9%","11.4%","20.9%","12.5%","16.7%"
"GOLF","Acushnet Holdings Corp.","US","NYSE","Leisure Products","47.5%","-1.6%","0.9%","6.9%","$183.74","$6,066.54","$32.10","6.8%","-4.3%","81.3%","4.0%","3.6%","3.9%","$86.39","-15.5%","5.2%","3.8%","0.0","0.8","$5,045.61","2.6%","4.4%","12.1%","2.7","0.9","15.1%","5.2%","12.7%","12.3%","13.1%"
"OII","Oceaneering International, Inc.","US","NYSE","Energy Equipment and Services","19.8%","75.1%","16.0%","2.3%","$223.24","$5,341.97","$17.83","7.8%","-0.4%","-8.3%","4.5%","4.3%","2.6%","$51.76","6.2%","108.3%","4.8%","0.0","2.2","$5,151.65","0.7%","8.8%","10.4%","0.5","1.3","29.1%","76.2%","3.4%","24.4%","33.1%"
"IRDM","Iridium Communications Inc.","US","NasdaqGS","Diversified Telecommunication Services","71.9%","-13.4%","4.8%","3.4%","$288.32","$6,583.00","$49.48","32.6%","-5.4%","-26.9%","2.3%","5.8%","7.4%","$46.98","-2.8%","164.5%","6.8%","0.1","-3.7","$4,978.02","1.4%","4.4%","23.8%","3.8","0.6","0.3%","75.9%","15.7%","6.7%","0.5%"
"GHC","Graham Holdings Company","US","NYSE","Diversified Consumer Services","29.9%","-20.4%","5.1%","1.0%","$247.96","$5,053.35","$5.72","4.9%","-3.1%","-18.5%","1.5%","5.2%","6.7%","$1,128.89","-6.9%","3.8%","5.0%","0.0","0.3","$4,780.77","2.6%","6.4%","10.9%","0.3","0.8","25.1%","40.5%","13.2%","6.5%","14.2%"
"INSW","International Seaways, Inc.","US","NYSE","Oil, Gas and Consumable Fuels","72.5%","225.3%","2.0%","97.3%","$269.32","$5,129.14","$7.94","21.4%","0.4%","24.3%","17.6%","5.5%","6.5%","$98.64","3.6%","109.9%","10.3%","0.3","0.0","$4,885.77","0.2%","3.0%","55.4%","0.3","-0.2","47.6%","5.8%","2.0%","27.9%","55.1%"
"ATAT","Atour Lifestyle Holdings Limited","CN","NasdaqGS","Hotels, Restaurants and Leisure","43.7%","43.3%","62.0%","40.2%","$339.33","$4,154.79","$19.36","19.7%","1.6%","10.1%","6.7%","7.1%","6.4%","$34.98","1.9%","-12.3%","24.9%","0.0","0.7","$4,808.36","3.3%","54.7%","24.3%","-1.5","0.8","23.8%","87.6%","19.6%","67.6%",""
"DAVE","Dave Inc.","US","NasdaqGM","Consumer Finance","71.7%","306.3%","61.4%","72.6%","$326.54","$4,600.25","$37.55","50.7%","2.2%","-1.6%","-0.2%","7.1%","9.4%","$359.52","-3.5%","63.8%","26.7%","0.0","-154.4","$4,585.86","5.5%","39.6%","36.0%","0.1","3.9","254.8%","20.4%","15.2%","93.1%","2.6%"
"GNTX","Gentex Corporation","US","NasdaqGS","Automobile Components","35.0%","6.8%","11.2%","15.0%","$496.65","$4,484.21","$40.63","18.9%","-3.4%","6.1%","-2.7%","10.5%","7.5%","$22.37","-4.6%","-5.6%","5.3%","0.0","0.7","$4,712.99","5.1%","7.4%","19.6%","-0.4","0.8","-10.6%","6.6%","10.1%","18.3%","-4.6%"
"DOCS","Doximity, Inc.","US","NYSE","Health Care Technology","88.1%","-27.9%","14.6%","8.6%","$306.28","$4,082.83","$136.51","46.7%","-2.9%","2.9%","3.2%","6.4%","7.3%","$26.71","27.7%","-38.3%","5.8%","0.0","-2.9","$4,760.95","8.9%","14.5%","30.6%","-3.3","1.4","3.1%","14.6%","6.8%","41.8%","-21.7%"
"CHEF","The Chefs' Warehouse, Inc.","US","NasdaqGS","Consumer Staples Distribution and Retail","24.5%","29.6%","14.1%","12.3%","$125.77","$5,399.48","$24.44","2.9%","0.9%","59.9%","3.9%","2.7%","6.7%","$112.47","1.1%","80.3%","9.5%","0.0","1.6","$4,588.34","0.5%","12.9%","4.2%","3.1","1.3","58.3%","58.4%","15.6%","8.8%","30.4%"
"BOOT","Boot Barn Holdings, Inc.","US","NYSE","Specialty Retail","37.8%","24.2%","13.0%","17.0%","$116.71","$5,228.59","$16.94","5.0%","0.3%","-7.2%","1.7%","2.6%","3.5%","$150.63","-5.0%","-19.3%","14.3%","0.1","0.8","$4,561.81","1.6%","11.8%","13.0%","1.7","1.6","17.6%","13.1%","20.2%","11.8%","11.0%"
"CENX","Century Aluminum Company","US","NasdaqGS","Metals and Mining","18.9%","403.5%","580.3%","122.9%","$151.20","$4,798.92","$54.20","5.7%","2.3%","-3.5%","-9.5%","3.3%","15.7%","$45.77","1.3%","11.8%","27.9%","0.1","0.0","$4,530.92","0.5%","5.1%","14.8%","0.3","2.3","80.8%","78.2%","101.3%","20.7%","29.7%"
"TDW","Tidewater Inc.","US","NYSE","Energy Equipment and Services","48.1%","29.3%","27.0%","-3.8%","$271.18","$4,668.08","$13.74","20.1%","-1.9%","-41.4%","2.9%","5.9%","6.6%","$93.12","24.1%","78.3%","11.8%","0.0","-1.2","$4,633.30","0.1%","19.6%","18.4%","0.1","0.6","11.2%","70.2%","33.7%","24.5%","52.0%"
"FHI","Federated Hermes, Inc.","US","NYSE","Capital Markets","69.0%","19.8%","9.3%","19.2%","$366.94","$4,645.92","$30.14","19.0%","-5.3%","14.3%","3.8%","8.1%","8.0%","$63.65","0.1%","21.5%","7.4%","0.0","1.0","$4,530.52","4.5%","7.2%","27.4%","-0.1","0.7","26.7%","21.5%","6.8%","25.4%","18.2%"
"MYRG","MYR Group Inc.","US","NasdaqGS","Construction and Engineering","12.5%","121.2%","11.9%","37.5%","$193.36","$4,466.42","$17.96","4.8%","-2.3%","45.7%","8.7%","4.3%","2.6%","$291.42","-13.8%","28.5%","17.7%","0.0","0.4","$4,537.19","0.2%","6.0%","5.5%","-0.2","1.2","26.9%","26.1%","19.8%","13.7%","22.9%"
"CVSA","Covista Inc.","US","NYSE","Diversified Consumer Services","57.3%","14.0%","11.8%","10.2%","$392.73","$5,003.54","$41.22","20.1%","-6.4%","11.1%","3.0%","8.7%","7.8%","$132.33","3.8%","26.7%","6.7%","0.0","1.8","$4,504.36","6.2%","10.4%","19.9%","1.1","0.7","42.7%","51.0%","14.6%","11.5%","29.0%"
"BCO","The Brink's Company","US","NYSE","Commercial Services and Supplies","26.4%","16.3%","9.3%","13.6%","$393.60","$7,515.69","$27.30","7.2%","-3.9%","2.7%","0.4%","8.8%","13.5%","$108.93","-5.8%","-6.5%","4.9%","0.0","1.8","$4,486.79","2.9%","5.0%","10.3%","3.3","1.1","13.6%","22.6%","14.5%","6.9%","8.0%"
"PAY","Paymentus Holdings, Inc.","US","NYSE","Financial Services","24.9%","50.1%","27.2%","28.5%","$159.14","$4,116.15","$23.02","11.7%","0.7%","22.9%","4.0%","3.5%","3.2%","$35.60","4.4%","25.0%","19.3%","0.0","1.3","$4,483.45","0.3%","34.6%","7.6%","-3.4","1.5","32.4%","129.0%","23.0%","29.6%","6.9%"
"BRC","Brady Corporation","US","NYSE","Commercial Services and Supplies","51.4%","8.5%","9.0%","12.4%","$181.34","$4,183.79","$13.73","11.2%","-1.6%","1.7%","7.2%","4.2%","6.9%","$90.65","-5.6%","15.3%","36.9%","0.0","1.4","$4,270.77","0.6%","7.4%","17.9%","-0.3","0.7","23.0%","9.8%","12.2%","16.7%","12.9%"
"OLLI","Ollie's Bargain Outlet Holdings, Inc.","US","NasdaqGM","Broadline Retail","40.7%","24.3%","17.0%","18.0%","$212.73","$5,020.12","$13.30","7.8%","-0.7%","-1.1%","-0.4%","4.7%","3.6%","$75.42","1.0%","-32.2%","11.4%","0.0","1.3","$4,559.39","2.2%","13.3%","11.4%","1.3","0.4","0.7%","27.7%","15.1%","10.1%","0.8%"
"MAT","Mattel, Inc.","US","NasdaqGS","Leisure Products","47.6%","-11.5%","4.9%","-4.9%","$434.61","$6,493.67","$74.00","7.9%","-6.9%","-4.1%","2.4%","10.2%","6.8%","$14.95","0.5%","-25.4%","5.7%","0.0","-1.5","$4,271.22","16.6%","2.8%","8.7%","3.4","0.7","-12.5%","29.8%","5.2%","9.0%","-7.0%"
"ITGR","Integer Holdings Corporation","US","NYSE","Health Care Equipment and Supplies","26.1%","59.6%","8.1%","-0.9%","$111.98","$5,600.66","$22.73","6.1%","0.7%","3.6%","3.0%","2.6%","3.3%","$125.25","0.6%","63.1%","2.0%","0.1","-9.2","$4,257.50","2.6%","7.9%","11.4%","3.9","0.8","13.8%","20.1%","6.3%","6.2%","4.8%"
"CNS","Cohen & Steers, Inc.","US","NYSE","Capital Markets","47.3%","3.3%","2.6%","7.0%","$68.38","$4,105.95","$44.50","11.7%","1.5%","-3.7%","1.1%","1.6%","4.7%","$80.67","-3.9%","26.9%","10.3%","0.0","1.7","$4,148.18","0.4%","4.5%","32.9%","-0.7","","10.9%","3.6%","10.1%","27.5%","2.0%"
"KLIC","Kulicke and Soffa Industries, Inc.","SG","NasdaqGS","Semiconductors and Semiconductor Equipment","52.6%","1,887.9%","8.1%","45.1%","$41.13","$3,711.01","$27.17","4.3%","-2.5%","33.3%","6.0%","1.0%","7.3%","$80.06","-11.2%","65.6%","52.3%","0.0","0.0","$4,189.47","0.6%","4.8%","18.5%","-2.5","1.6","17.4%","8.5%","295.0%","25.9%","4.0%"
"SEZL","Sezzle Inc.","US","NasdaqCM","Financial Services","75.0%","54.9%","91.1%","54.2%","$274.61","$4,101.88","$7.18","51.6%","-0.4%","26.0%","10.8%","6.8%","-0.6%","$120.55","-22.1%","85.0%","29.7%","0.0","0.6","$4,059.52","1.6%","56.7%","59.2%","0.1","8.7","105.9%","168.3%","28.1%","100.7%",""
"GEO","The GEO Group, Inc.","US","NYSE","Commercial Services and Supplies","26.0%","231.9%","1.1%","16.3%","$26.44","$5,659.07","$24.29","0.9%","1.9%","8.7%","1.5%","0.6%","14.1%","$31.81","1.5%","99.7%","11.4%","0.1","-0.5","$4,108.66","4.4%","5.0%","12.6%","3.2","0.7","62.5%","32.1%","43.9%","7.7%","32.3%"
"AZZ","AZZ Inc.","US","NYSE","Building Products","23.8%","-23.9%","6.2%","2.9%","$169.19","$4,663.62","$13.53","10.1%","6.3%","9.9%","3.2%","4.1%","4.6%","$137.16","-8.1%","25.0%","7.4%","0.0","1.5","$4,121.86","0.7%","3.6%","16.4%","1.5","","42.2%","39.3%","11.0%","10.5%","22.2%"
"CNK","Cinemark Holdings, Inc.","US","NYSE","Entertainment","49.4%","-4.0%","6.5%","5.1%","$313.00","$6,554.29","$38.30","9.3%","-1.3%","-30.5%","5.2%","7.7%","7.4%","$35.61","-5.7%","51.3%","8.4%","0.1","0.2","$4,084.89","3.0%","6.3%","13.4%","3.7","1.1","28.8%","196.5%","32.9%","8.5%","16.4%"
"INDV","Indivior Pharmaceuticals, Inc.","US","NasdaqGS","Pharmaceuticals","85.7%","227.7%","11.2%","13.6%","-$111.00","$4,409.22","$32.00","-8.3%","-5.1%","21.7%","11.5%","-2.7%","9.1%","$34.93","-6.5%","-2.2%","6.3%","0.1","0.2","$4,122.22","7.4%","9.9%","42.6%","0.5","1.1","15.4%","86.0%","16.7%","84.5%","20.6%"
"BMI","Badger Meter, Inc.","US","NYSE","Electronic Equipment, Instruments and Components","41.3%","-6.9%","13.8%","1.1%","$150.30","$3,854.59","$10.13","17.1%","-0.4%","-24.0%","0.6%","3.8%","3.0%","$135.47","-0.8%","-23.2%","4.0%","0.0","-5.3","$3,926.85","2.0%","11.8%","18.6%","-0.4","0.9","-6.1%","17.7%","1.7%","15.0%","5.8%"
"ATMU","Atmus Filtration Technologies Inc.","US","NYSE","Machinery","28.8%","15.5%","10.3%","15.9%","$190.40","$4,651.16","$14.20","10.0%","-0.7%","16.4%","4.0%","4.9%","4.1%","$47.23","-12.2%","-9.9%","9.4%","0.0","2.1","$3,853.76","1.6%","5.5%","16.0%","2.3","1.6","27.1%","5.5%","8.6%","22.5%",""
"LOPE","Grand Canyon Education, Inc.","US","NasdaqGS","Diversified Consumer Services","53.3%","-0.0%","7.5%","7.6%","$242.56","$3,641.67","$13.58","21.2%","-4.8%","0.5%","0.9%","6.4%","5.7%","$148.13","-1.8%","-10.4%","5.9%","0.0","1.4","$3,811.98","9.0%","7.2%","27.8%","-0.5","0.8","7.8%","10.3%","11.2%","39.0%","10.4%"
"SKYW","SkyWest, Inc.","US","NasdaqGS","Passenger Airlines","30.9%","2.7%","19.6%","0.8%","$315.17","$5,458.60","$18.73","7.5%","-2.6%","15.4%","-1.2%","8.6%","9.5%","$94.66","-15.0%","-6.5%","6.3%","0.2","1.9","$3,675.49","6.7%","13.2%","14.0%","1.9","1.6","28.7%","346.4%","7.6%","6.5%","15.5%"
"DORM","Dorman Products, Inc.","US","NasdaqGS","Automobile Components","42.3%","-2.0%","15.1%","6.9%","$214.17","$4,219.97","$21.02","9.9%","-2.0%","2.4%","-6.5%","5.6%","5.8%","$128.85","0.9%","3.8%","4.3%","0.0","-7.7","$3,823.70","3.2%","5.0%","16.9%","0.9","0.9","15.2%","37.8%","2.0%","14.0%","6.4%"
"SRAD","Sportradar Group AG","CH","NasdaqGS","Hotels, Restaurants and Leisure","27.2%","-84.2%","4.6%","29.2%","$481.05","$3,459.85","$66.68","30.4%","-0.1%","-118.8%","-1.0%","13.1%","6.2%","$12.43","0.7%","-46.7%","14.8%","0.0","-8.2","$3,677.01","7.6%","19.6%","13.3%","-0.4","2.0","2.6%","7.0%","40.8%","7.9%",""
"MWA","Mueller Water Products, Inc.","US","NYSE","Machinery","38.1%","51.0%","14.3%","14.5%","$179.60","$3,726.47","$13.90","12.1%","-0.1%","10.1%","1.1%","4.8%","4.8%","$24.14","-6.2%","0.8%","3.6%","0.0","0.9","$3,768.87","0.5%","4.2%","21.2%","-0.1","1.2","21.0%","43.6%","8.8%","20.2%","9.5%"
"IPAR","Interparfums, Inc.","US","NasdaqGS","Personal Care Products","58.9%","4.2%","9.3%","0.1%","$245.89","$3,934.59","$1.47","16.4%","0.1%","12.8%","0.6%","6.5%","6.5%","$117.43","-6.0%","37.4%","3.7%","0.0","-3.4","$3,760.79","0.3%","7.4%","17.3%","-0.2","1.3","-3.3%","4.5%","3.1%","17.9%","12.6%"
"CSTM","Constellium SE","FR","NYSE","Metals and Mining","16.6%","1,656.2%","31.2%","64.8%","$218.00","$5,350.00","","2.3%","-2.6%","101.6%","1.0%","6.1%","8.3%","$26.43","-7.0%","33.7%","12.6%","0.0","0.0","$3,582.00","3.2%","2.6%","9.5%","1.4","1.6","13.5%","33.5%","31.6%","16.7%","4.7%"
"BFAM","Bright Horizons Family Solutions Inc.","US","NYSE","Diversified Consumer Services","25.5%","3.8%","20.5%","11.7%","$235.93","$5,497.78","$30.08","7.8%","-5.6%","2.5%","0.5%","6.5%","7.0%","$74.18","-2.7%","-25.3%","5.6%","0.0","1.9","$3,607.77","17.9%","10.8%","12.5%","4.0","1.4","-8.4%","41.2%","12.3%","6.4%","-12.5%"
"COCO","The Vita Coco Company, Inc.","US","NasdaqGS","Beverages","41.1%","69.1%","27.6%","43.6%","$124.44","$3,181.65","$13.91","17.6%","1.3%","62.1%","2.6%","3.6%","2.6%","$58.72","-7.4%","9.8%","25.6%","0.0","0.5","$3,446.23","0.4%","14.9%","19.1%","-1.9","0.4","29.4%","53.1%","20.5%","72.9%",""
"LRN","Stride, Inc.","US","NYSE","Diversified Consumer Services","37.8%","20.0%","13.7%","0.7%","$433.23","$3,079.82","$40.26","17.2%","-0.8%","4.1%","1.4%","12.1%","14.7%","$86.69","8.2%","34.2%","3.2%","0.0","2.5","$3,568.04","6.3%","11.1%","17.9%","-1.0","0.0","25.3%","34.0%","4.0%","28.3%","20.3%"
"PLMR","Palomar Holdings, Inc.","US","NasdaqGS","Insurance","27.4%","31.0%","48.1%","38.0%","$414.77","$3,722.02","$21.01","38.0%","2.1%","7.1%","-0.0%","11.9%","8.7%","$132.57","-2.5%","0.6%","35.0%","0.0","0.6","$3,488.94","2.8%","46.2%","24.9%","0.8","0.5","36.7%","48.9%","18.8%","6.6%","7.3%"
"NATL","NCR Atleos Corporation","US","NYSE","Financial Services","25.3%","67.9%","5.4%","7.9%","$159.00","$5,907.35","$34.00","3.6%","","9.7%","-2.8%","4.7%","8.9%","$45.92","-2.4%","23.3%","3.4%","0.0","1.3","$3,393.35","1.7%","2.4%","13.2%","2.9","1.0","","4.4%","17.1%","10.0%",""
"EXPO","Exponent, Inc.","US","NasdaqGS","Professional Services","36.4%","11.9%","4.3%","11.3%","$108.56","$3,390.34","$26.11","19.1%","-2.2%","3.6%","0.9%","3.2%","5.6%","$71.01","4.0%","1.2%","10.7%","0.0","1.5","$3,376.25","6.3%","5.3%","22.5%","0.1","0.8","-6.4%","4.2%","14.6%","21.1%","-8.4%"
"AAMI","Acadian Asset Management Inc.","US","NYSE","Capital Markets","40.9%","17.9%","8.8%","11.6%","-$50.10","$3,577.27","$86.30","-7.5%","-5.1%","3.4%","6.0%","-1.5%","","$94.20","4.9%","98.8%","28.8%","0.0","0.5","$3,343.17","0.6%","18.9%","23.6%","1.1","1.3","65.1%","18.9%","31.0%","20.9%","28.5%"
"NMIH","NMI Holdings, Inc.","US","NasdaqGM","Financial Services","76.4%","7.8%","9.2%","4.1%","$441.61","$3,689.94","$20.71","60.4%","-2.9%","0.8%","1.5%","13.2%","","$44.35","-0.5%","9.2%","5.5%","0.0","1.3","$3,335.91","3.9%","10.4%","73.2%","0.6","0.7","15.3%","12.2%","5.6%","12.5%","14.5%"
"CXW","CoreCivic, Inc.","US","NYSE","Commercial Services and Supplies","22.6%","31.8%","10.1%","15.6%","$57.32","$4,549.87","$26.25","2.3%","-4.5%","30.6%","10.7%","1.7%","","$33.22","9.6%","74.7%","15.0%","0.1","0.0","$3,285.24","5.8%","10.2%","10.0%","3.3","0.7","44.5%","6.2%","37.0%","6.6%","27.8%"
"OSIS","OSI Systems, Inc.","US","NasdaqGS","Electronic Equipment, Instruments and Components","33.2%","2.8%","11.3%","1.0%","$245.33","$4,004.50","$26.43","13.7%","-1.7%","2.3%","-8.6%","7.4%","4.8%","$207.91","-7.8%","-18.7%","7.1%","0.0","2.3","$3,314.49","9.1%","11.8%","12.6%","2.6","1.3","15.8%","18.8%","11.0%","10.0%","16.3%"
"DHT","DHT Holdings, Inc.","BM","NYSE","Oil, Gas and Consumable Fuels","76.7%","151.4%","24.8%","95.3%","$36.25","$3,439.55","$3.93","4.5%","-0.2%","1.5%","7.1%","1.1%","14.4%","$19.60","12.8%","67.0%","19.6%","0.5","0.0","$3,160.22","0.6%","11.9%","60.8%","0.5","-0.1","42.2%","43.4%","25.7%","33.0%","38.7%"
"MZTI","The Marzetti Company","US","NasdaqGS","Food Products","24.7%","15.0%","7.1%","4.7%","$206.14","$3,303.02","$10.17","10.7%","-0.3%","-1.1%","-2.3%","6.7%","4.2%","$112.65","1.7%","-31.5%","3.6%","0.0","-11.5","$3,074.33","1.2%","1.9%","12.3%","0.7","0.4","-10.1%","20.0%","4.4%","16.2%","-6.5%"
"SPSC","SPS Commerce, Inc.","US","NasdaqGS","Software","69.8%","-4.2%","18.4%","12.5%","$198.70","$2,907.55","$61.63","25.7%","-0.6%","13.1%","1.2%","6.5%","8.9%","$85.40","13.1%","-2.9%","5.7%","0.0","2.8","$3,074.41","4.6%","16.2%","15.8%","-0.9","0.6","-22.2%","7.9%","9.0%","9.9%","-8.7%"
"YETI","YETI Holdings, Inc.","US","NYSE","Leisure Products","59.2%","9.3%","14.4%","7.8%","$255.44","$3,189.40","$44.68","13.2%","-5.6%","4.1%","-0.0%","8.5%","9.1%","$41.05","-19.1%","-8.5%","7.4%","0.0","0.9","$2,996.19","13.9%","6.8%","12.2%","0.7","1.8","-6.9%","44.0%","14.5%","20.4%","-16.3%"
"HAYW","Hayward Holdings, Inc.","US","NYSE","Building Products","48.0%","20.0%","7.4%","13.5%","$201.86","$3,506.37","$14.67","17.3%","-0.2%","17.3%","4.5%","6.8%","6.3%","$14.05","-9.2%","-10.9%","5.4%","0.0","1.6","$2,980.28","2.3%","5.4%","21.3%","1.7","1.1","-2.0%","27.3%","10.9%","8.4%","-7.9%"
"AVPT","AvePoint, Inc.","US","NasdaqGS","Software","73.4%","-806.5%","24.5%","22.5%","$101.01","$2,554.38","$35.39","21.7%","4.5%","13.5%","2.6%","3.4%","4.5%","$13.92","6.8%","5.3%","21.1%","0.0","1.1","$2,944.99","3.7%","23.0%","9.9%","-7.4","1.1","26.7%","10.2%","23.6%","15.6%","7.6%"
"DXPE","DXP Enterprises, Inc.","US","NasdaqGS","Trading Companies and Distributors","31.8%","8.4%","12.3%","12.8%","$118.66","$3,585.43","$6.18","5.5%","-2.5%","6.9%","6.2%","4.1%","2.0%","$187.73","15.1%","74.3%","10.3%","0.0","1.7","$2,913.03","0.8%","9.1%","8.9%","2.9","1.0","73.4%","22.8%","15.7%","11.2%","44.7%"
"AEO","American Eagle Outfitters, Inc.","US","NYSE","Specialty Retail","38.2%","56.2%","6.8%","10.9%","$185.03","$4,557.02","$40.91","3.3%","-5.3%","17.8%","0.9%","6.6%","11.0%","$16.63","-6.9%","-36.9%","4.5%","0.0","0.6","$2,786.74","3.2%","4.1%","7.6%","2.7","1.4","1.5%","41.3%","14.7%","9.2%","-8.6%"
"ALRM","Alarm.com Holdings, Inc.","US","NasdaqGS","Software","65.8%","-4.5%","9.6%","8.8%","$187.71","$2,957.65","$30.42","17.7%","-0.5%","12.2%","4.8%","6.6%","9.5%","$57.56","3.6%","12.3%","5.9%","0.0","2.4","$2,825.63","2.6%","7.3%","14.1%","0.5","0.9","-1.1%","21.5%","6.9%","9.3%","-7.6%"
"IMAX","IMAX Corporation","CA","NYSE","Entertainment","59.7%","22.0%","9.5%","19.6%","$104.11","$3,025.18","$27.23","25.0%","0.1%","22.9%","9.7%","3.7%","5.2%","$51.20","0.4%","42.1%","7.5%","0.1","2.5","$2,807.92","0.5%","5.8%","22.8%","0.9","0.4","39.2%","107.7%","16.1%","11.1%","26.9%"
"GRND","Grindr Inc.","US","NYSE","Interactive Media and Services","74.9%","-232.9%","32.6%","33.5%","$154.02","$3,073.83","$62.68","30.2%","-0.0%","-11.9%","4.3%","5.7%","6.7%","$15.48","-13.5%","16.3%","20.2%","0.0","2.1","$2,690.74","14.4%","31.9%","30.9%","2.4","0.2","44.4%","98.8%","27.3%","28.7%","8.9%"
"EEFT","Euronet Worldwide, Inc.","US","NasdaqGS","Financial Services","24.0%","-14.1%","-8.7%","4.5%","$268.90","$3,238.22","$60.60","6.1%","-9.0%","8.5%","-2.7%","10.3%","","$69.51","-5.4%","-6.2%","5.0%","0.0","1.0","$2,599.92","19.3%","7.5%","11.5%","0.9","","-7.3%","6.3%","12.6%","6.4%","-12.5%"
"SKWD","Skyward Specialty Insurance Group, Inc.","US","NasdaqGS","Insurance","30.5%","36.0%","37.3%","52.1%","$402.17","$2,766.79","$11.96","23.2%","5.6%","14.9%","3.8%","15.8%","6.9%","$57.41","-5.7%","18.1%","21.9%","0.0","0.5","$2,548.80","0.8%","32.5%","15.9%","0.7","0.5","33.2%","38.2%","16.8%","4.7%",""
"OSW","OneSpaWorld Holdings Limited","BS","NasdaqCM","Diversified Consumer Services","13.4%","16.1%","20.1%","13.5%","$78.23","$2,570.30","$9.45","7.7%","0.7%","5.2%","0.1%","3.1%","7.4%","$24.83","-3.4%","20.3%","8.1%","0.0","2.1","$2,520.21","1.5%","12.2%","9.5%","0.4","1.1","30.1%","68.6%","14.8%","14.6%","19.6%"
"FIGS","FIGS, Inc.","US","NYSE","Textiles, Apparel and Luxury Goods","68.9%","653.9%","9.6%","27.8%","$97.22","$2,309.97","$24.44","13.7%","-0.5%","381.9%","5.6%","3.8%","2.3%","$15.34","43.4%","34.7%","14.1%","0.0","0.5","$2,548.59","1.6%","10.1%","9.6%","-3.0","1.3","35.1%","60.3%","28.5%","24.5%","-19.1%"
"PENG","Penguin Solutions, Inc.","US","NasdaqGS","Semiconductors and Semiconductor Equipment","27.9%","-595.8%","4.2%","8.7%","-$69.43","$2,800.73","$33.01","-4.6%","0.8%","23.1%","13.6%","-2.8%","13.7%","$49.08","-6.7%","142.0%","26.7%","0.0","0.9","$2,514.99","2.4%","9.7%","8.2%","0.4","","23.6%","36.2%","17.5%","11.5%","15.2%"
"KALU","Kaiser Aluminum Corporation","US","NasdaqGS","Metals and Mining","14.5%","201.4%","28.8%","61.5%","$87.00","$3,582.44","$20.40","2.1%","0.6%","90.5%","16.8%","3.4%","8.2%","$158.78","-3.1%","32.0%","14.6%","0.0","0.1","$2,572.04","0.4%","9.5%","8.1%","2.2","1.5","31.3%","176.2%","31.3%","11.7%","8.9%"
"VVX","V2X, Inc.","US","NYSE","Aerospace and Defense","8.5%","32.6%","3.0%","11.3%","$130.45","$3,314.71","$14.16","2.7%","0.2%","16.5%","4.2%","5.4%","11.1%","$77.16","-10.7%","38.9%","8.1%","0.0","1.4","$2,418.61","1.4%","8.3%","4.2%","2.9","0.1","15.4%","26.9%","12.3%","7.1%","8.9%"
"HURN","Huron Consulting Group Inc.","US","NasdaqGS","Professional Services","32.7%","15.9%","14.0%","15.5%","$161.00","$3,215.03","$49.42","9.1%","-5.3%","11.3%","3.7%","6.8%","","$159.89","6.6%","-6.5%","10.8%","0.0","1.4","$2,381.89","10.8%","12.0%","12.1%","3.4","0.2","16.6%","22.3%","13.7%","12.3%","26.5%"
"CALX","Calix, Inc.","US","NYSE","Communications Equipment","56.6%","-278.4%","7.4%","30.3%","$85.42","$2,219.87","$79.87","7.7%","-1.7%","6.7%","1.2%","3.6%","4.4%","$38.12","2.0%","-28.9%","17.4%","0.0","1.9","$2,400.19","8.0%","3.9%","5.5%","-2.3","1.6","-6.7%","4.7%","36.2%","7.5%","-3.3%"
"UFPT","UFP Technologies, Inc.","US","NasdaqCM","Health Care Equipment and Supplies","28.5%","7.3%","18.9%","6.3%","$61.42","$2,435.15","$10.31","9.7%","0.5%","9.2%","9.1%","2.7%","4.7%","$297.95","11.4%","33.4%","7.7%","0.0","2.8","$2,307.86","0.2%","17.8%","15.2%","1.1","1.1","19.3%","12.8%","8.3%","13.2%","34.0%"
"RAMP","LiveRamp Holdings, Inc.","US","NYSE","Software","70.8%","1,021.2%","10.8%","8.7%","$200.03","$1,955.28","$78.52","24.0%","-2.8%","12.8%","0.9%","8.7%","9.1%","$37.72","-0.4%","37.6%","9.4%","0.0","0.5","$2,293.19","8.6%","11.0%","12.9%","-2.8","1.2","5.5%","19.9%","26.7%","21.1%","-5.5%"
"KMT","Kennametal Inc.","US","NYSE","Machinery","41.3%","268.3%","14.6%","62.2%","-$80.91","$2,947.77","$34.85","-3.4%","-1.5%","24.3%","1.5%","-3.6%","7.0%","$29.34","-15.4%","1.2%","22.0%","0.0","0.8","$2,236.27","0.5%","4.3%","20.3%","1.1","1.5","6.5%","44.7%","38.3%","15.6%","-1.8%"
"TILE","Interface, Inc.","US","NasdaqGS","Commercial Services and Supplies","40.5%","52.5%","10.9%","14.6%","$124.03","$2,400.67","$17.11","8.6%","-0.2%","21.5%","1.1%","5.7%","4.7%","$37.92","8.5%","33.4%","5.9%","0.0","0.7","$2,191.79","2.2%","3.8%","13.2%","0.9","1.9","53.2%","210.7%","7.9%","16.5%","21.5%"
"MCRI","Monarch Casino & Resort, Inc.","US","NasdaqGS","Hotels, Restaurants and Leisure","68.0%","47.8%","5.5%","6.9%","$154.30","$2,033.30","$8.47","27.5%","-2.2%","36.5%","-0.9%","7.1%","8.5%","$120.45","-3.7%","25.4%","3.3%","0.0","0.9","$2,158.77","3.0%","4.3%","26.6%","-0.6","1.4","23.0%","10.7%","8.2%","18.3%","13.1%"
"PRDO","Perdoceo Education Corporation","US","NasdaqGS","Diversified Consumer Services","79.9%","19.2%","3.8%","10.0%","$217.98","$1,459.83","$12.44","25.4%","-1.6%","9.3%","0.4%","10.5%","5.0%","$33.24","2.1%","14.2%","2.0%","0.0","0.6","$2,080.06","4.8%","5.7%","24.6%","-2.5","0.9","26.5%","13.9%","11.9%","24.7%","24.8%"
"DV","DoubleVerify Holdings, Inc.","US","NYSE","Media","82.4%","12.2%","15.6%","8.1%","$160.55","$1,978.48","$102.65","20.9%","-2.5%","-4.9%","-4.1%","7.7%","9.4%","$13.40","14.0%","23.4%","8.1%","0.1","2.2","$2,076.82","7.7%","15.3%","12.7%","-0.7","1.0","-25.8%","4.4%","21.8%","6.0%","-18.2%"