"Ticker","Company","Country","Exchange","Industry","Gross Profit Margin","Diluted EPS 1Y Growth","Gross Profit 3Y CAGR","Gross Profit 1Y Growth","Free Cash Flow (M)","Total Enterprise Value (TEV) (M)","Stock-Based Compensation (Cash Flow Statement) (M)","Free Cash Flow Margin","Shares Out Growth 3Y (CAGR)","EPS Normalized Actual vs Estimate (Quarterly)","Revenue Actual vs Estimate (Quarterly)","FCF Yield","Forward FCF Yield","Stock Price","TR 1M Performance","YTD Performance","Revenue Forward 2Y CAGR","CapEx to Revenue","PEG Ratio","Market Cap (M)","Buyback Yield","Revenue 3Y CAGR","Operating Margin","Net Debt / EBITDA","Beta","TR 3Y Performance (CAGR)","Diluted EPS 3Y CAGR","EPS Normalized Forward 2Y CAGR","Return on Invested Capital","TR 5Y Performance (CAGR)"
"BLK","BlackRock, Inc.","US","NYSE","Capital Markets","47.2%","1.2%","15.4%","21.7%","$3,515.00","$190,397.40","$1,461.00","12.9%","1.2%","9.0%","3.0%","1.9%","5.3%","$1,122.29","-1.2%","3.4%","16.3%","0.0","1.6","$182,345.40","1.1%","16.3%","35.3%","0.1","1.5","20.1%","6.9%","12.3%","5.2%","6.4%"
"CNM","Core & Main, Inc.","US","NYSE","Trading Companies and Distributors","27.1%","9.2%","4.5%","2.3%","$608.00","$10,946.81","$15.00","8.0%","3.4%","11.7%","0.8%","7.1%","6.9%","$44.32","-4.8%","-17.0%","3.5%","0.0","0.7","$8,576.81","2.4%","4.9%","9.5%","2.5","1.0","14.2%","3.5%","13.5%","10.5%","10.4%"
"YOU","Clear Secure, Inc.","US","NYSE","Software","66.7%","-7.7%","27.0%","26.8%","$508.39","$5,184.74","$43.24","50.8%","4.6%","6.7%","3.1%","8.5%","5.7%","$44.33","-13.6%","28.9%","18.8%","0.0","0.8","$5,997.32","0.5%","23.9%","25.1%","-3.1","1.2","32.7%","38.1%","28.3%","14.7%","0.5%"
"HLNE","Hamilton Lane Incorporated","US","NasdaqGS","Capital Markets","60.7%","27.5%","16.7%","22.1%","$366.83","$6,458.54","$51.26","42.7%","3.5%","16.9%","21.4%","6.5%","","$103.06","2.0%","-24.6%","17.7%","0.0","0.5","$5,677.93","0.3%","18.3%","43.6%","0.1","1.3","5.9%","31.2%","9.9%","17.6%","5.4%"
"DRH","DiamondRock Hospitality Company","US","NasdaqGS","Hotel and Resort REITs","29.5%","158.0%","2.8%","8.4%","$163.44","$3,575.80","$8.35","14.4%","-0.8%","64.6%","1.1%","6.6%","3.8%","$12.08","-3.6%","32.5%","2.1%","0.1","0.2","$2,479.97","0.7%","2.4%","16.4%","3.6","1.1","19.6%","21.6%","7.5%","6.3%","9.0%"
"GSHD","Goosehead Insurance, Inc.","US","NasdaqGS","Insurance","49.6%","20.0%","27.4%","29.5%","$75.04","$2,541.10","$22.10","18.7%","-0.1%","82.1%","9.9%","3.3%","3.8%","$65.21","31.7%","-9.0%","16.2%","0.0","2.8","$2,268.05","5.9%","18.6%","23.2%","3.3","1.5","0.3%","72.7%","21.1%","23.1%","-10.7%"
"NVDA","NVIDIA Corporation","US","NasdaqGS","Semiconductors and Semiconductor Equipment","74.7%","125.3%","120.4%","96.0%","$127,006.00","$5,538,893.92","$7,241.00","41.9%","-0.8%","5.3%","4.4%","2.3%","3.5%","$230.36","2.9%","22.0%","77.2%","0.0","0.3","$5,562,502.92","1.1%","110.1%","65.2%","-0.1","2.3","72.0%","167.3%","53.5%","105.3%","59.7%"
"AAPL","Apple Inc.","US","NasdaqGS","Technology Hardware, Storage and Peripherals","48.7%","32.6%","10.8%","19.1%","$136,683.00","$4,607,526.77","$13,706.00","29.3%","-2.3%","6.2%","0.4%","2.9%","3.5%","$319.97","2.2%","18.1%","12.5%","0.0","2.0","$4,669,699.77","1.9%","6.7%","33.2%","-0.4","1.1","22.2%","13.6%","12.2%","41.4%","16.2%"
"MSFT","Microsoft Corporation","US","NasdaqGS","Software","67.9%","31.6%","15.6%","16.3%","$66,987.00","$3,762,515.08","$12,405.00","20.2%","-0.0%","5.2%","2.7%","1.8%","2.0%","$499.70","0.1%","5.7%","18.7%","0.3","1.9","$3,710,545.08","0.5%","16.1%","46.8%","0.3","1.1","15.3%","22.9%","18.5%","21.0%","11.7%"
"AVGO","Broadcom Inc.","US","NasdaqGS","Semiconductors and Semiconductor Equipment","75.5%","100.0%","36.7%","45.5%","$39,403.00","$1,738,158.16","$8,482.00","44.2%","4.9%","1.3%","0.5%","2.3%","4.4%","$357.90","-16.3%","3.0%","64.8%","0.0","0.6","$1,702,714.16","0.5%","36.0%","48.6%","0.7","1.2","63.2%","33.8%","63.0%","26.2%","51.5%"
"LLY","Eli Lilly and Company","US","NYSE","Pharmaceuticals","83.4%","94.8%","42.5%","51.0%","$18,190.00","$1,069,652.16","$649.00","22.8%","-0.3%","9.1%","11.1%","1.8%","2.9%","$1,149.36","-2.9%","6.4%","25.0%","0.1","0.7","$1,024,490.16","0.6%","39.2%","49.7%","1.1","0.4","26.1%","60.7%","31.9%","34.7%","36.5%"
"AMD","Advanced Micro Devices, Inc.","US","NasdaqGS","Semiconductors and Semiconductor Equipment","55.7%","124.8%","28.2%","52.5%","$8,403.00","$770,786.11","$1,895.00","20.3%","0.3%","16.0%","2.0%","1.1%","2.9%","$477.57","-1.2%","113.7%","59.1%","0.0","1.5","$779,621.11","0.1%","23.6%","15.8%","-0.9","1.9","65.3%","529.5%","63.0%","9.2%","35.2%"
"V","Visa Inc.","US","NYSE","Financial Services","97.7%","14.7%","11.8%","14.3%","$21,013.00","$699,060.74","$919.00","47.2%","-1.0%","6.8%","2.0%","3.1%","4.2%","$375.07","3.7%","8.3%","12.7%","0.0","2.1","$688,480.74","3.1%","11.8%","66.9%","0.3","0.8","15.8%","14.2%","13.5%","28.0%","11.2%"
"MA","Mastercard Incorporated","US","NYSE","Financial Services","100.0%","22.6%","14.1%","16.0%","$16,702.00","$520,279.72","$615.00","47.6%","-2.4%","12.3%","2.2%","3.3%","3.6%","$579.21","2.9%","2.9%","13.1%","0.0","1.9","$507,393.72","3.1%","14.1%","59.9%","0.6","0.9","12.5%","19.4%","15.5%","41.7%","11.2%"
"CSCO","Cisco Systems, Inc.","US","NasdaqGS","Communications Equipment","64.5%","30.6%","4.6%","11.1%","$12,767.00","$445,797.49","$3,830.00","20.2%","-0.9%","1.7%","2.5%","3.0%","5.9%","$109.20","-10.1%","43.6%","10.8%","0.0","1.7","$430,530.49","1.7%","3.6%","25.4%","0.8","0.9","27.9%","2.7%","8.8%","11.1%","16.5%"
"LRCX","Lam Research Corporation","US","NasdaqGS","Semiconductors and Semiconductor Equipment","50.5%","38.8%","14.3%","30.6%","$4,891.25","$383,511.30","$386.38","21.1%","-1.9%","7.9%","0.8%","1.3%","2.1%","$307.65","-1.2%","66.2%","32.4%","0.0","0.9","$384,968.91","1.0%","10.1%","35.3%","-0.2","1.8","68.0%","20.2%","38.0%","49.0%","41.0%"
"KO","The Coca-Cola Company","US","NYSE","Beverages","61.9%","18.0%","6.3%","7.3%","$14,297.00","$408,980.51","$266.00","28.5%","-0.2%","5.9%","1.5%","3.8%","3.5%","$88.07","1.2%","27.4%","1.8%","0.0","2.6","$378,925.51","0.2%","4.3%","31.8%","1.6","0.4","18.2%","11.4%","7.6%","15.8%","12.6%"
"CAT","Caterpillar Inc.","US","NYSE","Machinery","29.7%","18.0%","5.2%","13.3%","$8,994.00","$413,347.78","","12.0%","-3.4%","9.5%","7.0%","2.4%","2.3%","$813.94","-3.4%","36.0%","14.1%","0.1","0.8","$374,147.78","1.9%","4.9%","18.7%","2.4","1.6","44.5%","13.1%","21.2%","14.2%","33.9%"
"MRK","Merck & Co., Inc.","US","NYSE","Pharmaceuticals","75.9%","-80.4%","5.8%","2.6%","$16,063.00","$417,710.91","$892.00","24.1%","-0.9%","1.5%","1.5%","4.3%","5.9%","$150.33","16.9%","41.2%","4.0%","0.1","-1.7","$370,889.91","1.1%","4.5%","35.3%","1.6","0.3","14.8%","1.3%","4.0%","12.8%","18.5%"
"AMAT","Applied Materials, Inc.","US","NasdaqGS","Semiconductors and Semiconductor Equipment","49.4%","38.3%","7.3%","9.8%","$5,623.00","$358,969.69","$701.00","18.2%","-1.7%","7.9%","1.2%","1.6%","2.5%","$454.71","-15.6%","69.1%","27.4%","0.1","1.1","$360,856.69","0.6%","5.1%","31.2%","-0.2","1.7","46.8%","15.2%","22.2%","30.3%","28.9%"
"DELL","Dell Technologies Inc.","US","NYSE","Technology Hardware, Storage and Peripherals","19.9%","149.5%","10.9%","39.4%","$8,560.00","$361,566.09","$723.00","5.7%","-3.9%","10.7%","5.6%","2.5%","4.8%","$524.14","15.5%","310.1%","39.7%","0.0","0.2","$338,669.09","2.7%","17.3%","9.8%","1.3","1.1","98.7%","87.9%","19.6%","18.1%","64.6%"
"NFLX","Netflix, Inc.","US","NasdaqGS","Entertainment","49.1%","35.5%","24.0%","17.5%","$11,152.01","$333,355.03","$487.33","23.1%","-2.2%","-6.9%","-0.2%","3.4%","2.9%","$78.25","5.5%","-14.0%","12.3%","0.0","0.6","$325,828.28","3.0%","14.6%","29.7%","0.5","1.7","21.0%","50.0%","23.2%","23.4%","5.3%"
"SNDK","Sandisk Corporation","US","NasdaqGS","Technology Hardware, Storage and Peripherals","71.5%","-751.6%","222.9%","554.2%","$11,494.00","$248,431.06","$232.00","56.8%","","75.0%","6.8%","4.5%","11.7%","$1,740.00","40.6%","532.2%","68.9%","0.0","0.1","$254,769.06","2.0%","49.3%","61.6%","-0.5","","","70.9%","539.7%","83.6%",""
"GEV","GE Vernova Inc.","US","NYSE","Electrical Equipment","20.6%","742.9%","27.9%","25.8%","$12,438.00","$243,030.92","","30.1%","","20.4%","3.1%","5.0%","1.9%","$941.95","-4.9%","38.6%","17.7%","0.0","-3.1","$250,872.92","2.2%","8.7%","6.6%","-2.3","","","20.9%","21.3%","5.3%",""
"ANET","Arista Networks, Inc.","US","NYSE","Communications Equipment","63.0%","23.9%","28.0%","30.0%","$5,155.30","$231,056.81","$502.30","48.9%","0.6%","8.2%","7.2%","2.1%","2.2%","$193.78","2.7%","45.0%","33.9%","0.0","1.6","$244,400.11","0.2%","26.1%","43.1%","-2.9","1.4","58.2%","32.7%","20.2%","46.2%","54.0%"
"KLAC","KLA Corporation","US","NasdaqGS","Semiconductors and Semiconductor Equipment","61.3%","20.4%","9.9%","12.4%","$3,767.13","$243,744.39","$310.17","27.7%","-1.5%","2.5%","1.5%","1.6%","2.3%","$185.60","-6.2%","45.6%","25.5%","0.0","1.1","$242,495.08","1.0%","9.0%","41.7%","0.2","1.4","56.5%","14.9%","21.6%","45.1%","42.1%"
"CRM","Salesforce, Inc.","US","NYSE","Software","77.3%","56.8%","11.3%","10.7%","$15,154.00","$244,319.29","$3,665.00","34.5%","-5.4%","24.9%","0.2%","7.1%","10.7%","$259.23","34.5%","2.2%","10.6%","0.0","0.7","$213,346.29","16.4%","9.9%","21.5%","2.4","1.3","4.9%","89.1%","9.2%","7.5%","-0.3%"
"APH","Amphenol Corporation","US","NYSE","Electronic Equipment, Instruments and Components","39.0%","59.3%","41.0%","70.4%","$4,713.70","$217,655.44","$157.10","16.2%","1.1%","12.0%","5.3%","2.3%","2.9%","$82.78","-2.1%","18.5%","34.3%","0.0","0.7","$204,132.74","0.1%","32.2%","28.1%","1.4","1.2","58.3%","37.4%","27.9%","22.9%","35.7%"
"MRVL","Marvell Technology, Inc.","US","NasdaqGS","Semiconductors and Semiconductor Equipment","52.2%","-2,588.9%","24.6%","37.5%","$1,730.10","$197,390.24","$828.90","18.3%","0.5%","1.1%","1.1%","0.9%","2.0%","$223.55","2.2%","150.1%","49.1%","0.0","1.6","$196,036.94","1.2%","18.9%","16.8%","0.5","1.9","59.6%","88.8%","38.2%","6.7%","30.5%"
"TMUS","T-Mobile US, Inc.","US","NasdaqGS","Wireless Telecommunication Services","63.1%","-9.9%","6.3%","8.6%","$18,399.00","$312,313.35","$866.00","20.0%","-3.0%","31.1%","-0.7%","9.4%","9.1%","$181.52","3.0%","-9.0%","5.7%","0.1","1.5","$194,711.35","6.4%","5.5%","22.1%","3.4","0.4","11.6%","24.1%","13.7%","7.6%","7.4%"
"STX","Seagate Technology Holdings plc","SG","NasdaqGS","Technology Hardware, Storage and Peripherals","45.6%","105.3%","57.9%","73.7%","$3,105.00","$194,678.66","$213.00","25.5%","2.9%","16.6%","3.9%","1.6%","3.5%","$849.28","4.5%","195.4%","43.5%","0.0","0.5","$192,484.66","0.1%","18.2%","34.7%","0.5","1.6","141.2%","75.8%","77.6%","70.4%","63.7%"
"DIS","The Walt Disney Company","US","NYSE","Entertainment","37.6%","-24.1%","8.9%","4.5%","$8,293.00","$229,503.40","$1,519.00","8.4%","-1.9%","3.4%","-0.6%","4.6%","7.9%","$105.31","0.4%","-5.8%","6.0%","0.1","1.3","$181,837.40","4.5%","4.0%","15.6%","1.9","1.5","10.0%","57.8%","11.2%","5.9%","-10.1%"
"T","AT&T Inc.","US","NYSE","Diversified Telecommunication Services","59.7%","72.1%","2.0%","2.7%","$17,654.00","$342,150.26","","13.9%","-1.4%","3.4%","-0.8%","10.0%","10.0%","$25.68","7.9%","4.6%","2.5%","0.2","0.8","$175,969.26","4.5%","1.6%","21.8%","3.3","0.6","27.9%","36.5%","9.8%","6.3%","10.5%"
"ADI","Analog Devices, Inc.","US","NasdaqGS","Semiconductors and Semiconductor Equipment","65.8%","114.3%","2.9%","46.2%","$4,937.50","$182,372.97","$350.10","35.6%","-0.9%","6.6%","2.4%","2.8%","4.1%","$362.25","-6.8%","32.3%","28.4%","0.0","0.7","$175,533.84","1.7%","2.6%","35.7%","1.0","1.0","28.9%","4.6%","29.9%","10.0%","19.2%"
"WDC","Western Digital Corporation","US","NasdaqGS","Technology Hardware, Storage and Peripherals","48.9%","372.4%","65.5%","70.9%","$3,511.00","$168,150.47","$204.00","27.2%","3.9%","10.5%","1.3%","2.1%","3.9%","$467.46","7.6%","149.0%","42.5%","0.0","0.2","$168,538.47","1.7%","27.4%","35.8%","-0.1","1.9","143.3%","65.3%","72.1%","42.3%","60.8%"
"UBER","Uber Technologies, Inc.","US","NYSE","Ground Transportation","40.8%","-22.1%","26.1%","25.3%","$10,116.00","$160,571.35","$1,939.00","18.3%","-0.0%","-9.6%","-0.5%","6.5%","6.8%","$75.76","-2.9%","-8.6%","13.3%","0.0","-0.5","$154,744.35","4.3%","16.4%","12.1%","0.6","1.2","17.1%","183.5%","32.4%","18.6%","13.6%"
"TJX","The TJX Companies, Inc.","US","NYSE","Specialty Retail","31.5%","23.0%","10.4%","10.8%","$5,876.00","$153,597.57","$223.00","9.4%","-1.3%","3.1%","0.1%","4.0%","3.7%","$132.08","-17.9%","-14.4%","6.2%","0.0","2.2","$145,284.57","1.7%","6.8%","12.2%","0.9","0.8","14.6%","16.5%","9.5%","24.7%","15.3%"
"BKNG","Booking Holdings Inc.","US","NasdaqGS","Hotels, Restaurants and Leisure","87.2%","56.1%","14.0%","13.4%","$9,539.00","$148,648.34","$601.00","33.8%","-5.6%","5.7%","2.3%","6.6%","7.2%","$193.29","-9.9%","-9.2%","9.1%","0.0","1.5","$145,234.34","7.2%","13.4%","34.9%","0.3","1.3","15.5%","24.8%","16.1%","41.2%","15.9%"
"VRTX","Vertex Pharmaceuticals Incorporated","US","NasdaqGS","Biotechnology","55.0%","22.1%","8.0%","15.3%","$3,796.10","$126,756.18","$689.10","30.2%","-0.6%","-2.3%","3.4%","2.7%","4.4%","$546.12","10.1%","20.8%","10.1%","0.0","-3.4","$138,420.08","1.6%","9.8%","39.0%","-2.3","0.3","16.8%","9.9%","8.8%","27.3%","23.4%"
"NEM","Newmont Corporation","US","NYSE","Metals and Mining","68.0%","42.3%","65.0%","52.9%","$9,733.00","$130,947.96","$99.00","37.8%","9.8%","33.5%","-3.0%","7.2%","8.6%","$128.09","13.6%","26.5%","13.0%","0.1","0.5","$134,601.96","3.3%","32.0%","55.2%","-0.2","0.4","52.1%","102.2%","28.2%","18.8%","20.7%"
"GLW","Corning Incorporated","US","NYSE","Electronic Equipment, Instruments and Components","36.4%","130.9%","12.6%","24.0%","$2,395.00","$140,354.22","$419.00","14.1%","0.3%","1.2%","2.3%","1.8%","1.4%","$154.30","-6.7%","70.2%","18.1%","0.1","2.4","$132,912.22","0.2%","8.4%","15.6%","1.7","1.1","73.9%","43.1%","26.4%","9.2%","35.1%"
"ISRG","Intuitive Surgical, Inc.","US","NasdaqGS","Health Care Equipment and Supplies","66.7%","21.6%","18.3%","20.8%","$3,222.60","$124,460.16","$826.20","29.2%","0.2%","18.7%","2.4%","2.5%","2.4%","$366.70","-3.2%","-34.7%","14.8%","0.0","2.0","$129,547.06","2.8%","18.3%","31.3%","-1.2","1.7","7.2%","29.8%","14.9%","20.2%","0.3%"
"MDT","Medtronic plc","IE","NYSE","Health Care Equipment and Supplies","65.3%","12.1%","5.6%","9.6%","$6,132.00","$140,245.42","$496.00","16.3%","-1.3%","1.9%","2.2%","5.1%","5.2%","$94.17","8.0%","-2.0%","5.5%","0.1","2.9","$120,456.42","0.5%","6.0%","20.1%","1.8","0.7","9.2%","14.4%","5.1%","7.9%","-4.0%"
"FTNT","Fortinet, Inc.","US","NasdaqGS","Software","80.2%","12.8%","16.6%","17.2%","$3,117.00","$111,163.91","$296.10","41.4%","-2.2%","9.0%","8.4%","2.7%","3.8%","$156.29","-2.1%","100.7%","15.3%","0.0","2.2","$114,672.11","2.5%","14.7%","32.4%","-1.4","1.1","34.7%","28.5%","9.5%","23.5%","20.4%"
"ACN","Accenture plc","IE","NYSE","IT Services","32.0%","-0.5%","4.5%","6.6%","$12,581.69","$114,096.18","$2,084.07","17.2%","-1.0%","3.3%","-0.2%","11.0%","8.8%","$186.72","6.3%","-28.2%","4.8%","0.0","2.1","$114,261.83","3.8%","4.8%","15.8%","-0.1","1.3","-15.1%","3.7%","7.4%","18.8%","-9.6%"
"SPOT","Spotify Technology S.A.","SE","NYSE","Entertainment","32.8%","314.4%","23.8%","12.7%","$3,730.73","$104,067.31","$312.89","18.0%","1.8%","18.0%","-0.3%","3.3%","4.1%","$542.43","11.1%","-5.7%","13.9%","0.0","1.8","$111,515.04","1.0%","13.4%","14.6%","-2.4","1.7","51.8%","46.8%","23.4%","43.3%","16.8%"
"ADP","Automatic Data Processing, Inc.","US","NasdaqGS","Professional Services","48.7%","9.6%","7.9%","7.3%","$5,244.60","$111,434.08","$242.60","23.9%","-1.2%","2.3%","0.6%","4.8%","7.9%","$277.62","2.3%","9.8%","5.8%","0.0","2.5","$110,288.08","1.9%","6.8%","26.5%","0.2","0.9","5.9%","10.0%","9.6%","8.7%","8.6%"
"APP","AppLovin Corporation","US","NasdaqGS","Media","88.5%","85.0%","52.9%","64.6%","$4,527.59","$107,737.34","$282.38","66.3%","-1.3%","11.9%","-0.9%","4.2%","3.2%","$320.56","-7.6%","-48.2%","37.2%","0.0","0.4","$107,275.57","2.4%","33.3%","77.4%","0.1","2.5","97.1%","522.7%","38.2%","116.5%","36.4%"
"ADBE","Adobe Inc.","US","NasdaqGS","Software","89.4%","11.9%","11.7%","11.7%","$10,280.00","$107,388.73","$2,029.00","40.8%","-4.5%","3.2%","2.6%","9.7%","9.7%","$266.51","0.5%","-20.0%","10.3%","0.0","0.9","$105,937.73","8.7%","11.0%","36.7%","0.1","1.5","-22.0%","18.6%","12.3%","25.7%","-16.7%"
"CEG","Constellation Energy Corporation","US","NasdaqGS","Electric Utilities","22.1%","7.8%","46.6%","27.2%","$295.00","$130,271.73","","0.9%","3.3%","2.4%","-1.6%","0.3%","3.8%","$298.96","10.7%","-18.4%","19.4%","0.1","1.0","$105,923.73","1.9%","5.8%","15.0%","3.0","1.1","41.2%","63.7%","20.8%","4.5%",""
"FCX","Freeport-McMoRan Inc.","US","NYSE","Metals and Mining","38.3%","54.6%","6.2%","-1.5%","$1,762.00","$122,833.55","$150.00","6.8%","0.1%","21.9%","4.2%","1.7%","3.9%","$72.73","4.5%","40.1%","17.1%","0.2","0.5","$104,441.55","0.2%","5.7%","27.3%","0.7","1.5","24.5%","11.6%","44.7%","9.9%","17.8%"
"AEM","Agnico Eagle Mines Limited","CA","NYSE","Metals and Mining","74.5%","98.7%","46.6%","64.6%","$4,563.53","$100,510.51","$95.39","31.4%","0.8%","1.9%","-0.7%","4.4%","6.7%","$204.73","14.7%","20.1%","15.4%","0.2","0.4","$103,668.08","1.0%","33.8%","60.0%","-0.3","0.6","65.9%","31.7%","29.6%","18.8%","32.2%"
"HWM","Howmet Aerospace Inc.","US","NYSE","Aerospace and Defense","36.0%","35.6%","24.6%","30.8%","$1,791.00","$107,498.24","$91.00","19.6%","-1.1%","8.7%","4.8%","1.7%","1.6%","$259.27","-8.0%","22.5%","17.8%","0.0","1.3","$103,397.24","1.0%","13.7%","27.3%","1.5","1.3","76.6%","54.5%","22.1%","20.1%","53.4%"
"TT","Trane Technologies plc","IE","NYSE","Building Products","35.4%","4.7%","13.5%","4.5%","$3,546.50","$101,869.08","$90.80","16.0%","-1.2%","1.6%","2.5%","3.6%","3.1%","$447.90","-6.9%","12.5%","10.2%","0.0","2.0","$98,548.38","1.4%","9.7%","17.8%","0.8","1.2","31.0%","17.6%","13.6%","18.8%","19.8%"
"GD","General Dynamics Corporation","US","NYSE","Aerospace and Defense","15.4%","10.1%","8.6%","8.9%","$6,436.00","$102,235.28","$214.00","11.7%","-0.3%","1.3%","4.1%","6.6%","5.6%","$359.39","-8.3%","4.7%","5.6%","0.0","2.2","$97,089.28","0.4%","10.3%","10.4%","0.8","0.4","20.6%","10.4%","8.0%","9.2%","14.3%"
"PWR","Quanta Services, Inc.","US","NYSE","Construction and Engineering","15.5%","35.6%","24.2%","29.8%","$2,287.79","$100,076.62","$225.74","7.0%","1.2%","4.7%","11.2%","2.4%","1.9%","$624.41","-7.1%","42.0%","26.3%","0.0","1.3","$93,875.92","0.2%","21.5%","6.1%","2.0","1.1","44.9%","30.7%","19.6%","8.2%","40.4%"
"INTU","Intuit Inc.","US","NasdaqGS","Software","81.0%","20.4%","15.1%","14.7%","$8,617.00","$92,141.76","$2,056.00","40.2%","-0.8%","12.7%","2.0%","9.5%","6.4%","$332.70","2.3%","-47.1%","9.2%","0.0","-54.9","$91,005.76","6.5%","14.3%","28.8%","0.2","1.3","-14.8%","25.0%","14.6%","15.4%","-9.5%"
"MAR","Marriott International, Inc.","US","NasdaqGS","Hotels, Restaurants and Leisure","79.2%","8.9%","6.8%","9.6%","$2,782.00","$105,062.46","$249.00","37.7%","-4.4%","-1.5%","-1.7%","3.2%","3.2%","$336.51","-4.7%","7.4%","6.1%","0.1","2.1","$87,750.46","4.2%","7.3%","58.6%","3.6","1.2","19.0%","2.9%","14.1%","11.5%","21.3%"
"HCA","HCA Healthcare, Inc.","US","NYSE","Health Care Providers and Services","42.6%","25.9%","11.5%","11.7%","$5,997.00","$141,538.11","$375.00","7.7%","-7.3%","0.3%","2.5%","6.8%","7.1%","$405.00","-2.0%","-13.9%","3.9%","0.1","3.0","$87,683.11","9.9%","8.0%","15.5%","3.2","1.4","14.9%","13.7%","8.4%","18.9%","10.7%"
"MCO","Moody's Corporation","US","NYSE","Capital Markets","75.0%","34.0%","16.5%","15.0%","$2,967.00","$91,738.47","$232.00","36.4%","-1.9%","2.6%","4.9%","3.5%","3.6%","$493.55","3.5%","-1.1%","7.3%","0.0","2.3","$85,473.47","3.7%","13.9%","46.2%","1.5","1.5","14.2%","26.6%","11.5%","22.3%","6.2%"
"EPD","Enterprise Products Partners L.P.","US","NYSE","Oil, Gas and Consumable Fuels","13.3%","7.7%","5.7%","7.9%","$3,460.00","$118,914.04","","5.9%","-0.2%","-0.8%","29.0%","4.1%","7.2%","$38.94","3.2%","21.1%","10.9%","0.1","1.0","$84,090.04","0.5%","3.8%","12.9%","3.3","0.6","21.5%","5.3%","8.1%","11.1%","20.0%"
"REGN","Regeneron Pharmaceuticals, Inc.","US","NasdaqGS","Biotechnology","44.5%","1.9%","0.5%","2.6%","$3,760.40","$67,535.67","$986.70","24.2%","-2.0%","6.4%","12.2%","4.5%","6.8%","$827.72","5.7%","6.6%","13.3%","0.1","1.0","$82,651.97","3.8%","7.0%","26.9%","-3.2","0.4","-0.1%","2.3%","10.5%","12.2%","4.4%"
"LITE","Lumentum Holdings Inc.","US","NasdaqGS","Communications Equipment","44.2%","-25,225.4%","25.7%","146.0%","$300.10","$77,981.37","$170.20","10.0%","10.4%","18.6%","1.9%","0.4%","1.9%","$881.26","-1.0%","128.2%","77.0%","0.1","-0.1","$79,048.57","0.3%","19.5%","17.8%","-1.3","1.5","161.5%","263.8%","181.8%","13.2%","58.6%"
"MSI","Motorola Solutions, Inc.","US","NYSE","Communications Equipment","52.1%","2.2%","10.1%","11.6%","$2,677.00","$86,384.37","$357.00","21.9%","-0.3%","5.4%","4.4%","3.5%","3.9%","$468.05","0.1%","22.8%","9.2%","0.0","2.5","$77,459.37","1.3%","8.2%","26.2%","2.4","1.0","19.7%","13.0%","9.0%","17.8%","15.1%"
"CMI","Cummins Inc.","US","NYSE","Machinery","25.8%","-8.0%","5.4%","2.2%","$3,367.00","$82,616.36","","9.7%","-0.9%","14.3%","1.3%","4.4%","3.3%","$560.75","-12.6%","7.4%","10.2%","0.0","1.2","$77,195.36","0.6%","2.5%","11.3%","0.9","1.1","36.5%","3.1%","15.2%","11.6%","21.9%"
"ROST","Ross Stores, Inc.","US","NasdaqGS","Specialty Retail","33.4%","31.2%","11.4%","16.6%","$2,790.19","$74,145.66","$198.49","11.4%","-1.9%","5.1%","1.6%","3.8%","3.5%","$230.69","-9.6%","26.2%","9.8%","0.0","1.0","$73,694.64","1.8%","8.5%","12.7%","0.1","1.0","25.8%","20.6%","10.9%","26.3%","16.3%"
"NOC","Northrop Grumman Corporation","US","NYSE","Aerospace and Defense","20.1%","16.0%","3.9%","9.9%","$3,646.00","$87,476.62","$128.00","8.5%","-2.1%","1.3%","0.7%","5.0%","3.5%","$514.98","-9.5%","-12.1%","5.9%","0.0","1.6","$73,159.62","1.2%","4.2%","13.4%","2.0","0.0","8.6%","1.4%","7.1%","11.2%","9.2%"
"ORLY","O'Reilly Automotive, Inc.","US","NasdaqGS","Specialty Retail","51.6%","12.9%","7.3%","9.0%","$2,156.26","$80,353.88","$33.82","11.6%","-3.6%","3.6%","0.6%","3.0%","2.6%","$87.89","-6.0%","-2.7%","6.8%","0.1","2.7","$71,099.56","4.6%","6.9%","19.6%","2.2","0.6","11.2%","9.5%","9.7%","25.1%","17.4%"
"RCL","Royal Caribbean Cruises Ltd.","US","NYSE","Hotels, Restaurants and Leisure","50.3%","20.4%","25.6%","11.8%","-$416.00","$93,792.62","$151.00","-2.2%","1.4%","0.1%","0.1%","-0.6%","3.2%","$265.19","-17.1%","-6.4%","8.2%","0.4","1.2","$70,925.62","2.9%","15.9%","27.4%","3.3","1.9","41.1%","319.1%","12.8%","10.6%","27.8%"
"BSX","Boston Scientific Corporation","US","NYSE","Health Care Equipment and Supplies","69.2%","46.9%","16.2%","14.4%","$3,625.00","$81,600.17","$320.00","17.3%","-0.3%","1.6%","1.4%","5.2%","4.1%","$47.80","-3.1%","-49.5%","5.5%","0.0","2.4","$69,273.17","2.6%","16.1%","20.5%","2.1","0.7","-3.9%","60.3%","10.9%","10.4%","1.0%"
"HPE","Hewlett Packard Enterprise Company","US","NYSE","Technology Hardware, Storage and Peripherals","36.6%","127.9%","14.3%","55.2%","$4,156.00","$83,195.17","$795.00","9.9%","1.1%","10.8%","1.8%","6.0%","3.9%","$52.00","-2.3%","115.1%","25.6%","0.1","0.3","$69,028.17","0.8%","12.2%","8.1%","2.0","1.3","48.1%","33.3%","18.4%","5.8%","32.8%"
"SE","Sea Limited","SG","NYSE","Broadline Retail","44.3%","32.8%","28.5%","41.1%","$4,206.93","$63,819.35","$625.00","15.2%","2.6%","-5.5%","9.9%","6.1%","8.7%","$112.09","-2.4%","-14.8%","29.0%","0.0","2.4","$68,653.39","0.8%","29.6%","8.2%","-1.9","1.6","43.2%","75.7%","25.6%","8.5%","-20.1%"
"AON","Aon plc","IE","NYSE","Insurance","48.2%","52.0%","12.0%","8.5%","$3,248.00","$83,424.61","$370.00","18.5%","1.5%","2.2%","-0.6%","4.7%","5.8%","$323.09","-9.8%","-6.2%","12.8%","0.0","1.8","$68,535.61","2.5%","10.9%","28.5%","2.5","0.8","-0.2%","12.3%","11.9%","7.7%","3.1%"
"URI","United Rentals, Inc.","US","NYSE","Trading Companies and Distributors","38.5%","7.7%","5.0%","4.1%","$2,031.00","$78,129.20","$143.00","12.1%","-3.0%","8.6%","4.7%","3.2%","4.5%","$1,009.86","-13.0%","19.5%","9.4%","0.2","1.4","$62,856.20","3.3%","8.5%","25.2%","3.3","1.7","30.9%","8.2%","13.1%","11.3%","24.4%"
"CRH","CRH plc","IE","NYSE","Construction Materials","36.2%","18.7%","7.4%","7.0%","$2,766.00","$80,997.72","$150.00","7.2%","-2.1%","-1.8%","1.1%","4.4%","4.2%","$94.26","-5.8%","-25.5%","5.8%","0.1","1.0","$62,709.72","1.8%","4.5%","14.1%","2.2","1.2","22.1%","12.8%","8.3%","8.7%","14.7%"
"GWW","W.W. Grainger, Inc.","US","NYSE","Trading Companies and Distributors","39.4%","-0.6%","5.6%","8.2%","$1,510.00","$64,974.73","$68.00","8.0%","-2.0%","-0.2%","1.3%","2.4%","2.9%","$1,324.49","3.9%","31.9%","8.3%","0.0","1.9","$62,384.73","1.6%","5.6%","15.7%","0.7","1.1","25.4%","4.1%","10.9%","32.4%","27.2%"
"TEL","TE Connectivity plc","IE","NYSE","Electronic Equipment, Instruments and Components","36.1%","111.5%","10.9%","20.3%","$3,315.00","$65,132.94","$174.00","17.2%","-2.7%","1.1%","3.0%","5.5%","5.1%","$208.65","-3.2%","-10.5%","12.0%","0.1","0.7","$60,406.94","2.7%","5.7%","20.4%","0.9","1.2","19.7%","16.3%","20.0%","15.5%","9.0%"
"FIX","Comfort Systems USA, Inc.","US","NYSE","Construction and Engineering","25.7%","109.0%","50.8%","66.7%","$2,159.81","$55,044.95","$38.23","19.2%","-0.5%","54.4%","9.2%","3.8%","2.0%","$1,610.34","-4.9%","60.5%","30.3%","0.0","0.6","$56,581.44","0.2%","33.6%","16.5%","-0.8","1.6","106.1%","81.7%","34.7%","28.5%","86.3%"
"TER","Teradyne, Inc.","US","NasdaqGS","Semiconductors and Semiconductor Equipment","59.2%","152.5%","16.7%","58.2%","$799.93","$55,437.51","$73.93","17.9%","0.5%","20.9%","9.1%","1.4%","1.6%","$357.03","-5.8%","72.0%","40.1%","0.1","0.4","$55,818.34","0.8%","16.0%","30.7%","-0.3","1.8","53.7%","29.1%","54.2%","34.8%","25.1%"
"KEYS","Keysight Technologies, Inc.","US","NYSE","Electronic Equipment, Instruments and Components","63.3%","132.1%","5.0%","27.4%","$1,469.00","$55,866.78","$214.00","22.3%","-1.4%","8.8%","5.6%","2.6%","2.3%","$327.21","-4.0%","58.4%","23.0%","0.0","0.7","$55,705.78","1.1%","5.6%","19.8%","0.1","1.2","35.3%","5.0%","20.1%","15.1%","12.5%"
"AME","AMETEK, Inc.","US","NYSE","Electrical Equipment","36.9%","10.1%","8.4%","15.1%","$1,824.95","$56,315.48","$49.05","23.2%","-0.2%","3.4%","4.5%","3.3%","3.5%","$237.72","-6.3%","13.7%","15.7%","0.0","2.9","$54,499.98","0.7%","7.0%","26.5%","0.7","1.0","16.4%","8.6%","8.3%","11.9%","13.1%"
"NDAQ","Nasdaq, Inc.","US","NasdaqGS","Capital Markets","100.0%","31.9%","15.6%","14.2%","$1,951.00","$62,920.73","$171.00","34.8%","4.4%","2.8%","2.8%","3.6%","5.0%","$96.88","2.4%","0.2%","10.4%","0.1","1.5","$54,153.73","2.5%","15.6%","48.1%","2.6","1.0","25.3%","15.4%","12.7%","7.7%","9.4%"
"GRMN","Garmin Ltd.","CH","NYSE","Household Durables","60.1%","19.7%","17.7%","15.7%","$1,599.84","$49,282.93","$172.52","20.9%","0.2%","13.1%","4.4%","3.0%","3.3%","$277.03","-10.9%","36.8%","11.2%","0.0","1.6","$53,425.94","0.3%","16.0%","27.6%","-1.8","1.0","41.8%","23.3%","9.1%","23.9%","12.3%"
"VST","Vistra Corp.","US","NYSE","Independent Power and Renewable Electricity Producers","38.3%","-7.9%","11.1%","-1.1%","$2,255.00","$72,671.33","$134.00","11.7%","-3.0%","-0.2%","-27.2%","4.5%","7.3%","$149.30","6.2%","-9.6%","16.2%","0.1","0.3","$50,110.33","2.3%","4.9%","19.8%","3.0","1.4","65.5%","16.8%","53.4%","7.7%","53.6%"
"WAB","Westinghouse Air Brake Technologies Corporation","US","NYSE","Machinery","35.7%","10.8%","16.1%","20.7%","$1,714.00","$54,084.12","$94.00","14.3%","-1.9%","7.6%","3.4%","3.6%","3.4%","$282.86","-3.0%","30.8%","9.7%","0.0","1.8","$47,778.12","1.2%","10.1%","17.9%","2.4","1.0","39.3%","25.6%","16.3%","8.8%","26.7%"
"LHX","L3Harris Technologies, Inc.","US","NYSE","Aerospace and Defense","25.5%","10.6%","6.7%","6.2%","$2,808.00","$58,200.74","$338.00","12.2%","-0.5%","3.6%","1.0%","5.9%","6.3%","$256.45","-10.1%","-15.8%","7.4%","0.0","2.2","$47,754.74","1.8%","8.4%","12.9%","2.3","0.7","17.4%","33.1%","12.2%","6.4%","4.2%"
"WDAY","Workday, Inc.","US","NasdaqGS","Software","75.8%","125.2%","15.8%","13.7%","$2,844.00","$47,554.39","$1,646.00","28.0%","-2.7%","6.4%","0.5%","6.0%","10.0%","$195.79","9.0%","-4.9%","11.1%","0.0","2.0","$47,185.39","11.8%","14.8%","12.0%","0.2","1.2","-7.9%","117.1%","16.1%","8.8%","-6.4%"
"CMG","Chipotle Mexican Grill, Inc.","US","NYSE","Hotels, Restaurants and Leisure","39.4%","-4.5%","9.2%","5.2%","$1,568.99","$51,511.19","$98.91","12.6%","-2.8%","1.4%","0.5%","3.4%","3.3%","$36.96","12.7%","-1.4%","10.0%","0.1","-19.5","$46,769.85","6.1%","10.2%","15.3%","2.1","1.0","-1.7%","10.3%","7.9%","17.5%","-0.6%"
"EBAY","eBay Inc.","US","NasdaqGS","Broadline Retail","72.1%","7.3%","6.3%","14.2%","$2,428.00","$49,848.45","$644.00","20.2%","-5.8%","5.0%","3.9%","5.3%","6.7%","$103.41","-7.4%","18.8%","9.6%","0.1","2.0","$46,017.45","5.0%","6.5%","21.9%","1.2","1.3","35.9%","25.2%","10.0%","14.4%","8.9%"
"ADSK","Autodesk, Inc.","US","NasdaqGS","Software","92.5%","60.4%","14.8%","18.5%","$2,839.00","$44,890.24","$706.00","36.4%","-0.7%","7.8%","1.7%","6.2%","5.5%","$217.90","-12.5%","-24.0%","13.2%","0.0","1.3","$45,542.24","3.8%","14.3%","28.1%","-0.3","1.5","-0.2%","24.2%","16.3%","14.2%","-5.5%"
"CIEN","Ciena Corporation","US","NYSE","Communications Equipment","44.1%","356.8%","13.3%","40.6%","$814.36","$45,962.86","$212.01","13.5%","-1.4%","15.5%","2.1%","1.8%","2.8%","$321.00","-22.2%","30.5%","32.4%","0.0","0.4","$45,520.54","1.5%","12.5%","14.1%","0.4","1.2","88.4%","44.8%","78.9%","19.3%","41.8%"
"PAYX","Paychex, Inc.","US","NasdaqGS","Professional Services","74.3%","6.8%","10.8%","20.0%","$2,321.80","$46,812.98","$96.10","35.7%","-0.5%","2.3%","-0.0%","5.4%","5.8%","$121.71","1.4%","12.1%","5.4%","0.0","2.9","$43,326.38","1.4%","9.2%","39.5%","1.2","0.9","3.8%","4.4%","8.8%","14.3%","4.9%"
"A","Agilent Technologies, Inc.","US","NYSE","Life Sciences Tools and Services","53.6%","18.4%","3.6%","10.5%","$1,267.00","$44,921.79","$131.00","17.2%","-1.2%","-0.6%","2.0%","3.0%","3.9%","$150.86","3.4%","9.4%","7.2%","0.0","2.7","$42,531.79","0.8%","1.8%","24.5%","1.1","1.3","10.7%","9.9%","8.5%","15.4%","-2.6%"
"IDXX","IDEXX Laboratories, Inc.","US","NasdaqGS","Health Care Equipment and Supplies","62.4%","18.4%","10.5%","14.4%","$1,254.33","$43,076.98","$62.97","27.5%","-1.7%","4.8%","1.4%","3.0%","2.6%","$535.38","-8.7%","-20.1%","9.3%","0.0","2.8","$42,177.83","2.5%","9.0%","32.2%","0.6","1.7","4.8%","14.7%","12.0%","42.5%","-4.9%"
"MSCI","MSCI Inc.","US","NYSE","Capital Markets","83.0%","21.0%","12.7%","12.7%","$1,597.93","$47,849.33","$121.24","47.9%","-2.8%","2.1%","-0.4%","3.8%","3.6%","$573.01","2.1%","1.4%","10.4%","0.0","2.2","$41,657.83","6.5%","12.4%","55.7%","3.2","1.3","3.7%","17.0%","14.0%","29.7%","-1.6%"
"FLEX","Flex Ltd.","US","NasdaqGS","Electronic Equipment, Instruments and Components","9.5%","13.6%","12.5%","19.7%","$826.00","$43,543.32","$142.00","2.8%","-6.1%","10.5%","4.6%","2.0%","2.6%","$109.51","-9.8%","72.0%","26.9%","0.0","1.0","$40,453.32","1.7%","1.4%","5.4%","1.5","1.2","61.2%","14.4%","17.7%","10.3%","43.0%"
"SYY","Sysco Corporation","US","NYSE","Consumer Staples Distribution and Retail","18.5%","-1.9%","3.9%","4.5%","$1,938.00","$51,616.64","$118.00","2.3%","-1.7%","-0.4%","1.1%","5.1%","6.3%","$80.05","-5.0%","10.2%","4.3%","0.0","2.1","$38,351.64","0.2%","3.5%","4.2%","3.0","0.6","7.6%","1.8%","5.7%","15.8%","3.6%"
"HIG","The Hartford Insurance Group, Inc.","US","NYSE","Insurance","37.9%","40.6%","13.3%","20.9%","$5,789.00","$42,073.56","","19.7%","-4.0%","-8.8%","0.4%","15.4%","","$138.37","-3.0%","0.9%","2.7%","0.0","-1.9","$37,480.56","4.6%","7.5%","18.0%","0.8","0.6","27.0%","35.5%","3.7%","5.2%","17.4%"
"MLM","Martin Marietta Materials, Inc.","US","NYSE","Construction Materials","28.2%","125.1%","3.5%","6.7%","$810.00","$42,793.65","$50.00","12.1%","4.7%","-7.2%","1.2%","2.2%","3.2%","$514.77","-6.0%","-18.9%","14.1%","0.1","-12.9","$36,558.65","0.6%","1.1%","21.5%","2.9","1.2","6.1%","38.7%","11.2%","6.0%","7.6%"
"NTAP","NetApp, Inc.","US","NasdaqGS","Technology Hardware, Storage and Peripherals","70.6%","25.2%","7.9%","13.2%","$1,650.00","$35,411.40","$397.00","22.3%","-2.0%","2.8%","10.2%","4.5%","7.3%","$185.59","-2.1%","74.3%","11.0%","0.0","1.1","$36,453.40","2.5%","6.0%","26.0%","-0.5","1.4","35.7%","8.5%","8.5%","19.3%","18.3%"
"UAL","United Airlines Holdings, Inc.","US","NasdaqGS","Passenger Airlines","31.8%","7.1%","5.5%","-0.4%","$2,544.00","$53,183.14","","4.0%","-0.3%","10.0%","0.6%","7.0%","5.1%","$111.38","-14.0%","-1.4%","9.7%","0.1","-2.3","$36,152.14","0.2%","7.3%","7.0%","2.4","1.3","33.0%","10.1%","15.2%","4.3%","19.6%"
"TWLO","Twilio Inc.","US","NYSE","IT Services","48.6%","5,608.6%","11.7%","14.5%","$1,049.81","$34,189.14","$590.31","18.8%","-5.3%","8.2%","4.8%","2.9%","4.9%","$232.98","-3.4%","68.4%","14.8%","0.0","1.5","$35,779.95","2.3%","11.2%","6.1%","-3.2","1.3","51.7%","3.1%","14.3%","30.6%","-8.3%"
"EXPE","Expedia Group, Inc.","US","NasdaqGS","Hotels, Restaurants and Leisure","90.4%","95.2%","10.3%","13.0%","$4,459.00","$35,595.56","$412.00","28.4%","-5.8%","12.2%","3.4%","12.5%","11.1%","$298.04","-3.9%","5.3%","8.5%","0.0","0.6","$35,770.56","5.2%","8.6%","17.4%","-0.5","1.4","40.3%","42.2%","20.8%","7.8%","15.7%"
"VMC","Vulcan Materials Company","US","NYSE","Construction Materials","27.5%","18.5%","8.9%","6.7%","$1,027.20","$38,803.06","$54.80","12.7%","-0.8%","22.3%","1.0%","3.0%","3.1%","$262.63","-7.6%","-10.3%","4.2%","0.1","2.1","$34,031.26","2.5%","2.3%","19.9%","2.0","1.1","7.5%","16.0%","15.9%","7.9%","9.2%"
"EME","EMCOR Group, Inc.","US","NYSE","Construction and Engineering","19.4%","33.4%","26.3%","18.5%","$1,171.38","$32,890.58","$22.51","6.3%","-2.2%","15.8%","9.4%","3.5%","3.4%","$754.16","-7.7%","18.1%","14.6%","0.0","0.9","$33,265.92","1.3%","16.7%","9.6%","-0.2","1.2","50.7%","47.3%","12.2%","21.2%","45.1%"
"DXCM","DexCom, Inc.","US","NasdaqGS","Health Care Equipment and Supplies","62.5%","77.4%","14.9%","22.8%","$1,405.00","$32,621.41","$162.40","28.3%","-0.9%","4.5%","1.4%","4.2%","4.6%","$87.90","3.7%","32.1%","11.5%","0.1","1.3","$33,170.01","3.4%","15.8%","22.9%","-0.4","1.5","-5.6%","43.2%","19.7%","29.7%","-8.6%"
"RMD","ResMed Inc.","US","NYSE","Health Care Equipment and Supplies","61.6%","9.7%","13.4%","12.8%","$1,649.54","$32,024.96","$104.35","29.2%","-0.9%","3.2%","0.2%","5.0%","5.2%","$228.35","8.1%","-6.7%","4.6%","0.0","2.7","$32,668.28","2.0%","10.2%","34.0%","-0.3","0.9","16.8%","19.6%","12.8%","23.3%","-4.3%"
"CPRT","Copart, Inc.","US","NasdaqGS","Commercial Services and Supplies","47.5%","6.6%","9.2%","7.4%","$1,339.23","$27,128.95","$38.11","28.9%","-1.0%","-8.1%","3.5%","4.3%","4.4%","$33.72","13.7%","-10.7%","1.9%","0.1","-45.7","$31,218.36","5.1%","7.3%","37.8%","-2.1","1.1","-9.0%","10.4%","2.8%","29.7%","-1.4%"
"GEHC","GE HealthCare Technologies Inc.","US","NasdaqGS","Health Care Equipment and Supplies","39.5%","-11.1%","3.7%","1.3%","$1,579.00","$39,808.12","$154.00","7.4%","-0.2%","-5.7%","0.7%","5.1%","5.5%","$68.86","-5.6%","-16.9%","5.0%","0.0","2.2","$31,103.12","1.3%","3.8%","14.0%","2.4","1.2","2.2%","6.2%","8.6%","7.8%",""
"WTW","Willis Towers Watson Public Limited Company","GB","NasdaqGS","Insurance","42.5%","1,127.7%","1.4%","1.5%","$1,689.00","$36,609.95","$194.00","16.7%","-4.0%","2.4%","2.4%","5.4%","6.6%","$334.74","-2.9%","2.6%","6.6%","0.0","1.3","$31,087.95","5.7%","3.6%","23.7%","1.9","0.6","19.7%","17.9%","14.5%","7.3%","9.7%"
"RDDT","Reddit, Inc.","US","NYSE","Interactive Media and Services","91.4%","269.5%","61.2%","67.3%","$1,018.65","$26,952.07","$337.98","36.7%","","16.5%","10.1%","3.4%","4.0%","$154.46","-4.5%","-36.1%","42.1%","0.0","0.3","$29,717.56","1.0%","57.0%","28.2%","-3.5","","","13.6%","36.3%","154.3%",""
"ZM","Zoom Communications, Inc.","US","NasdaqGS","Software","77.7%","183.8%","4.7%","6.8%","$1,925.66","$22,376.99","$729.25","38.6%","-1.0%","-3.1%","0.7%","6.5%","6.2%","$101.33","-5.5%","21.6%","4.4%","0.0","2.5","$29,566.44","5.5%","3.8%","24.1%","-5.4","0.8","12.1%","184.6%","1.8%","16.8%","-19.2%"
"ATI","ATI Inc.","US","NYSE","Aerospace and Defense","23.6%","17.8%","13.0%","15.2%","$526.30","$30,214.79","$28.50","11.2%","1.9%","7.9%","3.5%","1.8%","2.5%","$210.65","-7.5%","76.7%","11.0%","0.1","1.1","$28,684.29","1.3%","4.5%","16.0%","1.5","1.1","68.2%","2.0%","25.9%","15.0%","64.7%"
"TDY","Teledyne Technologies Incorporated","US","NYSE","Electronic Equipment, Instruments and Components","43.3%","13.9%","4.7%","9.3%","$1,142.10","$29,993.99","$38.90","17.9%","-0.5%","6.0%","5.3%","4.0%","4.3%","$610.65","-11.7%","17.7%","6.4%","0.0","2.8","$28,307.09","1.3%","4.5%","19.6%","1.1","1.0","14.2%","8.7%","8.7%","7.4%","6.5%"
"CTSH","Cognizant Technology Solutions Corporation","US","NasdaqGS","IT Services","33.4%","-5.8%","1.9%","3.4%","$2,598.00","$29,110.18","$190.00","12.0%","-3.7%","5.0%","0.0%","9.3%","10.3%","$62.31","8.7%","-23.3%","5.0%","0.0","1.6","$28,067.18","8.4%","3.7%","16.3%","0.3","1.0","-2.7%","2.7%","7.9%","13.0%","-2.4%"
"CPAY","Corpay, Inc.","US","NYSE","Financial Services","80.5%","11.5%","12.9%","24.1%","$1,638.41","$35,257.25","$114.91","32.6%","-3.9%","1.7%","3.0%","6.0%","8.8%","$416.37","6.0%","38.5%","13.0%","0.0","0.9","$27,338.69","6.2%","11.5%","49.0%","2.7","0.8","15.3%","9.8%","18.0%","7.9%","9.6%"
"OTIS","Otis Worldwide Corporation","US","NYSE","Machinery","30.3%","2.8%","4.0%","5.5%","$1,712.00","$35,434.46","$75.00","11.5%","-2.6%","-0.8%","3.0%","6.3%","5.5%","$71.21","-3.2%","-19.4%","5.3%","0.0","-218.4","$27,107.46","3.9%","2.5%","16.6%","3.0","1.0","-3.1%","7.0%","7.9%","22.5%","-3.1%"
"MTD","Mettler-Toledo International Inc.","CH","NYSE","Life Sciences Tools and Services","60.3%","12.5%","2.0%","7.5%","$863.97","$29,040.39","$22.83","20.9%","-2.9%","4.3%","0.1%","3.2%","3.5%","$1,345.26","-5.9%","-4.7%","5.0%","0.0","2.8","$26,954.38","2.8%","1.5%","28.9%","1.6","1.4","6.0%","3.8%","9.5%","34.3%","-3.5%"
"WRB","W. R. Berkley Corporation","US","NYSE","Insurance","43.8%","10.4%","9.8%","4.9%","$3,469.70","$27,374.73","$56.04","23.3%","-1.2%","14.1%","-0.4%","12.9%","","$69.14","-3.4%","-0.3%","3.3%","0.0","1.1","$26,868.24","2.4%","8.6%","16.9%","0.2","0.4","22.0%","17.0%","5.5%","5.2%","18.8%"
"LH","Labcorp Holdings Inc.","US","NYSE","Health Care Providers and Services","28.9%","33.2%","7.1%","9.2%","$1,155.20","$33,208.38","$125.50","8.1%","-2.9%","3.2%","0.5%","4.4%","5.2%","$326.89","2.6%","29.9%","5.3%","0.0","2.3","$26,510.78","2.6%","6.5%","11.3%","2.9","1.0","18.6%","9.2%","8.3%","8.1%","1.3%"
"DGX","Quest Diagnostics Incorporated","US","NYSE","Health Care Providers and Services","33.2%","12.8%","6.0%","9.7%","$1,349.00","$32,334.94","$88.00","11.7%","-0.6%","5.6%","2.4%","5.2%","5.5%","$237.14","-0.5%","36.5%","6.7%","0.0","1.8","$26,173.94","1.8%","6.8%","14.6%","2.5","0.6","25.6%","11.0%","8.8%","8.9%","10.6%"
"DOV","Dover Corporation","US","NYSE","Machinery","40.1%","-49.9%","4.4%","8.7%","$1,171.68","$27,481.14","$40.86","13.9%","-1.3%","0.4%","-0.7%","4.5%","4.6%","$192.88","-8.4%","-1.5%","6.0%","0.0","2.1","$25,977.12","2.3%","1.2%","18.0%","0.8","1.3","12.0%","4.8%","9.8%","11.7%","3.3%"
"NVT","nVent Electric plc","GB","NYSE","Electrical Equipment","36.5%","3.8%","17.1%","36.0%","$577.70","$26,631.59","$40.50","12.0%","-0.8%","0.3%","16.9%","2.3%","2.8%","$156.03","-3.9%","46.1%","28.1%","0.0","0.8","$25,254.69","0.2%","20.7%","16.9%","1.3","1.3","41.0%","10.2%","21.7%","10.4%","38.6%"
"XYL","Xylem Inc.","US","NYSE","Machinery","39.2%","9.5%","16.0%","8.5%","$958.00","$26,701.22","$53.00","10.5%","-1.0%","3.3%","-0.2%","3.9%","3.5%","$105.69","-11.8%","-22.9%","3.2%","0.0","2.2","$24,677.22","5.0%","14.6%","15.5%","0.9","1.2","4.8%","30.9%","9.4%","7.7%","-3.6%"
"SN","SharkNinja, Inc.","US","NYSE","Household Durables","48.9%","33.9%","29.3%","18.8%","$804.52","$24,557.49","$98.92","11.6%","0.5%","6.8%","6.8%","3.3%","4.4%","$173.38","-6.5%","52.3%","15.1%","0.0","1.4","$24,424.31","0.6%","20.6%","13.9%","0.1","1.4","73.8%","44.6%","14.6%","24.1%",""
"TPR","Tapestry, Inc.","US","NYSE","Textiles, Apparel and Luxury Goods","76.6%","786.6%","9.1%","15.9%","$1,812.50","$27,157.80","$104.50","22.6%","-4.3%","20.7%","0.2%","7.4%","4.7%","$122.14","-24.5%","-5.4%","6.1%","0.0","1.3","$24,353.70","6.2%","6.3%","23.3%","1.4","1.7","60.1%","23.3%","19.0%","36.1%","28.7%"
"HUBB","Hubbell Incorporated","US","NYSE","Electrical Equipment","35.3%","9.6%","8.5%","12.2%","$901.40","$29,514.02","$34.20","14.5%","-0.5%","0.2%","1.7%","3.7%","3.5%","$460.72","-10.1%","-0.5%","13.7%","0.0","2.2","$24,341.02","0.8%","6.3%","20.6%","3.4","1.0","13.5%","13.1%","8.9%","12.6%","20.3%"
"ULTA","Ulta Beauty, Inc.","US","NasdaqGS","Specialty Retail","43.1%","5.2%","6.4%","11.9%","$1,149.45","$26,430.92","$38.15","8.9%","-4.6%","-0.4%","1.7%","4.8%","4.0%","$564.12","-0.2%","-9.0%","6.2%","0.0","1.6","$24,120.34","5.0%","6.5%","12.5%","1.2","0.9","10.9%","3.3%","11.0%","22.5%","8.4%"
"WST","West Pharmaceutical Services, Inc.","US","NYSE","Life Sciences Tools and Services","36.8%","16.8%","3.8%","17.2%","$436.90","$23,806.35","$32.60","13.1%","-1.6%","27.1%","3.8%","1.8%","2.0%","$339.97","-4.0%","23.0%","8.0%","0.1","1.9","$23,925.65","1.8%","5.1%","22.0%","-0.1","1.2","-5.3%","4.4%","14.5%","18.3%","-5.7%"
"CRS","Carpenter Technology Corporation","US","NYSE","Aerospace and Defense","30.6%","41.8%","41.5%","24.3%","$362.30","$23,890.87","$26.40","11.6%","0.5%","4.8%","-1.4%","1.5%","1.6%","$475.33","-16.7%","40.5%","10.9%","0.1","1.9","$23,556.67","0.9%","7.0%","22.3%","0.4","1.3","98.4%","109.8%","28.6%","19.9%","74.1%"
"VLTO","Veralto Corporation","US","NYSE","Commercial Services and Supplies","60.2%","10.9%","6.5%","6.8%","$1,047.00","$24,954.74","$74.00","18.4%","","6.4%","1.3%","4.5%","4.8%","$96.31","-0.8%","-2.2%","6.4%","0.0","1.9","$23,479.74","1.8%","4.8%","22.8%","1.1","1.1","","3.1%","8.9%","21.3%",""
"XPO","XPO, Inc.","US","NYSE","Ground Transportation","19.0%","17.3%","13.8%","15.3%","$588.00","$26,356.40","$76.00","6.9%","0.3%","15.3%","3.6%","2.6%","2.4%","$193.10","-4.7%","39.1%","8.0%","0.1","1.2","$22,609.40","1.3%","4.1%","9.9%","2.7","1.8","39.4%","67.8%","24.4%","9.1%","30.7%"
"STE","STERIS plc","US","NYSE","Health Care Equipment and Supplies","44.4%","25.3%","10.4%","8.5%","$925.60","$23,474.25","$62.60","15.3%","-0.4%","-0.1%","-0.2%","4.2%","3.8%","$224.59","-5.1%","-10.2%","6.9%","0.1","2.8","$21,897.55","1.4%","9.8%","19.0%","1.0","1.0","1.3%","89.8%","9.0%","8.8%","1.7%"
"CDE","Coeur Mining, Inc.","US","NYSE","Metals and Mining","56.3%","187.0%","160.1%","161.6%","$1,156.22","$21,494.22","$27.73","36.5%","42.8%","5.0%","-9.0%","5.3%","14.8%","$21.24","22.1%","21.0%","71.4%","0.1","0.3","$21,833.34","0.7%","61.2%","34.9%","-0.2","1.3","113.1%","72.1%","78.6%","10.1%","25.1%"
"THC","Tenet Healthcare Corporation","US","NYSE","Health Care Providers and Services","41.7%","64.5%","7.3%","7.6%","$3,023.00","$36,461.56","$132.00","13.9%","-7.4%","15.6%","3.5%","14.2%","16.4%","$265.05","1.1%","32.9%","2.8%","0.0","0.4","$21,341.56","8.2%","3.1%","18.1%","2.3","1.4","53.6%","77.1%","2.1%","13.1%","28.8%"
"CW","Curtiss-Wright Corporation","US","NYSE","Aerospace and Defense","37.7%","22.7%","11.1%","11.7%","$625.29","$21,604.43","$25.34","17.1%","-1.2%","2.8%","-0.3%","3.0%","2.2%","$566.75","-18.0%","-1.0%","8.4%","0.0","2.5","$20,932.60","2.1%","10.3%","19.8%","0.8","0.9","42.1%","20.5%","12.7%","12.8%","37.9%"
"RL","Ralph Lauren Corporation","US","NYSE","Textiles, Apparel and Luxury Goods","70.3%","26.8%","11.8%","16.7%","$1,043.20","$21,987.58","$114.60","12.5%","-3.0%","7.1%","5.0%","5.0%","4.4%","$351.20","-11.2%","-3.1%","6.0%","0.0","1.6","$20,925.28","3.0%","9.0%","16.2%","0.7","1.5","46.7%","26.6%","20.8%","24.4%","28.6%"
"UTHR","United Therapeutics Corporation","US","NasdaqGS","Biotechnology","86.1%","9.0%","12.7%","-0.8%","$1,093.00","$17,110.53","$155.40","34.6%","-3.0%","6.4%","-2.7%","5.2%","3.8%","$487.61","-9.5%","-1.8%","4.0%","0.2","-2.7","$20,913.93","10.6%","14.3%","44.5%","-2.5","0.9","29.5%","16.5%","10.5%","27.6%","18.3%"
"EFX","Equifax Inc.","US","NYSE","Professional Services","55.5%","11.1%","7.8%","9.8%","$1,105.00","$26,237.40","$92.30","17.1%","-1.4%","9.7%","0.2%","5.3%","4.5%","$177.05","-2.7%","-17.3%","10.0%","0.1","2.6","$20,800.70","6.5%","8.4%","18.3%","2.8","1.6","-2.6%","10.1%","16.0%","7.2%","-7.8%"
"WWD","Woodward, Inc.","US","NasdaqGS","Aerospace and Defense","29.6%","42.3%","25.8%","40.1%","$376.53","$21,351.85","$34.84","9.0%","-0.8%","8.6%","0.0%","1.8%","1.7%","$346.22","-4.5%","11.4%","15.0%","0.0","1.0","$20,442.84","2.6%","14.7%","16.3%","1.1","1.0","40.4%","39.4%","22.6%","13.7%","24.5%"
"KSPI","Joint Stock Company Kaspi.kz","KZ","NasdaqGS","Consumer Finance","69.4%","-2.0%","29.4%","22.9%","$1,988.55","$19,767.86","","21.5%","0.0%","-8.7%","-3.4%","9.7%","15.5%","$107.53","19.1%","38.7%","17.7%","0.0","1.4","$20,433.63","0.5%","41.6%","54.0%","-0.2","-0.1","6.1%","14.5%","10.6%","20.2%","2.8%"
"BR","Broadridge Financial Solutions, Inc.","US","NYSE","Professional Services","31.8%","35.2%","10.0%","11.2%","$1,278.40","$22,828.79","$93.90","17.1%","-1.2%","16.8%","2.4%","6.5%","6.9%","$172.88","4.5%","-21.6%","5.0%","0.0","1.8","$19,712.09","2.9%","7.2%","17.4%","1.7","1.0","-0.7%","21.9%","10.0%","12.9%","2.4%"
"SSNC","SS&C Technologies Holdings, Inc.","US","NasdaqGS","Professional Services","48.1%","9.7%","7.3%","7.3%","$1,751.60","$27,027.31","$268.50","26.7%","-1.8%","2.3%","2.0%","8.9%","9.8%","$83.65","6.0%","-2.4%","6.3%","0.0","1.6","$19,628.81","5.3%","6.8%","23.6%","3.5","1.2","16.4%","12.7%","10.5%","6.5%","4.1%"
"TOST","Toast, Inc.","US","NYSE","Financial Services","26.6%","110.8%","37.6%","29.9%","$576.00","$17,910.10","$231.00","8.5%","2.6%","12.9%","1.9%","2.9%","4.4%","$33.95","-1.5%","-0.2%","19.9%","0.0","1.2","$19,623.10","2.6%","27.0%","6.3%","-3.6","1.9","15.9%","2.8%","28.4%","33.1%",""
"PR","Permian Resources Corporation","US","NYSE","Oil, Gas and Consumable Fuels","75.8%","2.8%","29.6%","15.5%","$1,076.85","$22,584.48","$68.80","18.8%","37.6%","37.0%","11.2%","5.5%","12.5%","$23.36","15.9%","62.2%","15.4%","0.5","0.3","$19,565.33","0.1%","31.0%","37.8%","0.7","0.7","22.8%","2.7%","19.4%","9.3%","34.9%"
"CDW","CDW Corporation","US","NasdaqGS","Electronic Equipment, Instruments and Components","21.4%","3.5%","2.3%","6.4%","$860.20","$25,117.86","$89.80","3.7%","-2.3%","5.1%","5.9%","4.5%","6.6%","$152.38","12.7%","14.4%","5.9%","0.0","2.0","$19,050.16","4.5%","1.6%","7.3%","3.0","1.1","-9.2%","1.9%","6.4%","11.8%","-4.1%"
"MTZ","MasTec, Inc.","US","NYSE","Construction and Engineering","12.9%","88.0%","15.6%","26.4%","$244.80","$21,847.04","$37.44","1.5%","0.8%","6.4%","1.5%","1.3%","2.8%","$237.19","-12.9%","4.2%","23.0%","0.0","0.9","$18,804.22","0.2%","13.6%","5.3%","2.2","1.9","37.4%","228.8%","29.2%","8.6%","20.8%"
"NTNX","Nutanix, Inc.","US","NasdaqGS","Software","86.9%","694.1%","17.5%","12.6%","$840.68","$17,555.28","$357.67","29.5%","4.7%","28.1%","2.5%","4.6%","6.6%","$68.06","8.6%","34.5%","13.1%","0.0","1.0","$18,398.01","2.5%","15.3%","11.1%","-2.2","0.5","23.6%","68.0%","15.5%","56.9%","9.2%"
"NDSN","Nordson Corporation","US","NasdaqGS","Machinery","55.4%","24.4%","5.5%","8.1%","$724.01","$19,436.74","$23.20","24.3%","-0.8%","-0.1%","4.9%","4.1%","4.3%","$318.36","2.7%","32.1%","7.2%","0.0","2.0","$17,732.45","1.1%","4.7%","27.2%","1.8","1.0","12.2%","4.4%","10.0%","12.1%","6.7%"
"APG","APi Group Corporation","US","NYSE","Construction and Engineering","31.4%","-282.9%","13.3%","15.4%","$676.00","$20,294.70","$46.00","8.0%","6.9%","6.4%","2.3%","3.9%","3.8%","$40.04","-5.4%","2.7%","10.6%","0.0","-4.1","$17,303.70","0.6%","7.3%","8.8%","2.8","1.7","30.8%","50.5%","13.4%","7.4%","21.4%"
"NWSA","News Corporation","US","NasdaqGS","Media","57.2%","-50.2%","7.7%","9.2%","$805.00","$18,582.53","","8.9%","-1.9%","6.9%","4.1%","4.7%","5.6%","$30.39","6.6%","16.0%","3.9%","0.0","2.5","$17,058.53","4.6%","4.1%","12.8%","0.6","1.0","14.0%","59.1%","18.6%","6.9%","7.5%"
"CLH","Clean Harbors, Inc.","US","NYSE","Commercial Services and Supplies","32.3%","16.0%","6.5%","10.2%","$461.72","$19,471.22","$43.40","7.4%","-0.8%","8.6%","5.3%","2.8%","2.9%","$317.10","2.9%","30.3%","6.4%","0.1","1.2","$16,738.84","1.5%","5.3%","11.9%","2.3","1.0","23.8%","3.3%","12.5%","8.8%","25.8%"
"JLL","Jones Lang LaSalle Incorporated","US","NYSE","Real Estate Management and Development","51.2%","79.7%","9.6%","10.4%","$1,120.30","$19,570.65","$126.80","4.1%","-1.2%","18.3%","0.4%","6.7%","5.3%","$362.36","-0.0%","7.9%","9.6%","0.0","0.5","$16,671.35","3.6%","10.1%","4.9%","1.6","1.4","29.8%","48.2%","15.6%","7.5%","8.4%"
"BURL","Burlington Stores, Inc.","US","NYSE","Specialty Retail","44.1%","31.2%","12.6%","12.2%","$412.54","$21,869.19","$120.88","3.4%","-1.1%","2.9%","-0.9%","2.5%","2.8%","$265.33","-28.1%","-11.1%","9.9%","0.1","1.1","$16,666.76","1.8%","10.3%","7.8%","3.8","1.8","19.4%","39.8%","17.5%","8.8%","-1.9%"
"BALL","Ball Corporation","US","NYSE","Containers and Packaging","18.6%","84.3%","5.0%","6.8%","$827.00","$23,690.96","","5.8%","-5.6%","1.5%","8.5%","5.0%","5.7%","$62.67","-0.9%","17.5%","8.7%","0.0","1.4","$16,588.96","2.5%","1.9%","10.0%","3.4","1.1","8.4%","11.6%","12.2%","7.6%","-7.1%"
"MEDP","Medpace Holdings, Inc.","US","NasdaqGS","Life Sciences Tools and Services","72.3%","26.8%","22.8%","31.6%","$706.69","$16,145.31","$21.21","25.4%","-3.0%","8.2%","2.7%","4.3%","3.6%","$591.29","0.1%","3.5%","9.4%","0.0","2.3","$16,503.88","1.5%","18.5%","21.0%","-0.6","1.4","29.7%","26.8%","10.2%","24.8%","25.0%"
"ZTO","ZTO Express (Cayman) Inc.","CN","NYSE","Air Freight and Logistics","25.1%","21.1%","7.2%","6.9%","$1,449.09","$14,571.00","$33.76","18.2%","-2.0%","5.2%","-0.3%","9.1%","7.6%","$20.95","-11.2%","-2.4%","12.8%","0.1","0.6","$15,922.28","5.8%","13.0%","21.1%","-0.6","-0.2","-1.7%","8.4%","13.3%","12.3%","-5.5%"
"TIGO","Millicom International Cellular S.A.","LU","NasdaqGS","Wireless Telecommunication Services","76.5%","-28.7%","11.2%","29.6%","$1,466.00","$27,175.94","$7.00","20.2%","-0.8%","105.0%","2.1%","9.2%","6.9%","$94.83","-2.3%","67.7%","25.3%","0.1","1.4","$15,903.94","0.9%","9.4%","23.1%","3.6","0.9","94.6%","383.8%","13.2%","6.3%","30.8%"
"TRU","TransUnion","US","NYSE","Professional Services","58.7%","90.1%","8.6%","11.4%","$787.90","$20,280.21","$151.70","16.1%","-0.3%","6.2%","2.0%","5.1%","6.7%","$79.88","-0.0%","-4.1%","10.4%","0.1","1.6","$15,305.01","2.7%","9.3%","18.8%","3.2","1.7","0.2%","47.5%","13.9%","7.3%","-7.8%"
"LECO","Lincoln Electric Holdings, Inc.","US","NasdaqGS","Machinery","36.1%","12.3%","6.1%","8.0%","$542.40","$16,027.25","$22.53","12.1%","-1.7%","4.2%","4.3%","3.6%","4.1%","$276.44","-2.0%","13.4%","8.6%","0.0","2.0","$15,067.57","1.5%","4.2%","17.5%","1.1","1.3","16.9%","6.9%","9.7%","20.6%","17.3%"
"WMG","Warner Music Group Corp.","US","NasdaqGS","Entertainment","45.8%","123.6%","5.9%","10.8%","$836.00","$19,588.10","$44.00","11.4%","0.5%","6.9%","3.0%","5.6%","4.8%","$28.78","9.9%","-5.5%","7.6%","0.0","0.2","$15,055.10","0.6%","7.1%","17.2%","2.6","1.3","-2.2%","15.7%","20.2%","12.3%","-3.5%"
"YUMC","Yum China Holdings, Inc.","CN","NYSE","Hotels, Restaurants and Leisure","20.3%","12.6%","6.4%","8.7%","$940.00","$16,527.17","$43.00","7.6%","-6.2%","1.9%","2.8%","6.3%","6.8%","$43.60","-8.1%","-9.5%","7.6%","0.1","0.9","$14,931.17","8.7%","6.3%","11.4%","0.5","0.1","-3.9%","15.6%","14.0%","11.0%","-5.5%"
"ULS","UL Solutions Inc.","US","NYSE","Professional Services","50.4%","53.2%","8.6%","11.0%","$436.00","$14,973.14","$61.00","13.9%","","18.0%","0.3%","2.9%","2.2%","$73.83","-5.4%","-8.8%","6.2%","0.1","1.8","$14,906.14","0.2%","7.0%","18.9%","0.1","","","18.7%","11.7%","18.6%",""
"STRL","Sterling Infrastructure, Inc.","US","NasdaqGS","Construction and Engineering","23.8%","50.6%","39.4%","72.5%","$482.00","$14,786.61","$27.54","14.0%","-0.2%","17.0%","12.1%","3.2%","2.3%","$486.49","-11.1%","52.4%","40.6%","0.0","0.4","$14,881.01","0.6%","22.6%","18.1%","-0.2","1.5","83.4%","52.9%","21.1%","22.2%","84.4%"
"EXEL","Exelixis, Inc.","US","NasdaqGS","Biotechnology","96.5%","53.4%","12.5%","9.1%","$1,172.46","$13,403.21","$112.60","48.1%","-8.0%","16.2%","-1.2%","8.0%","5.9%","$59.01","9.1%","35.4%","11.8%","0.0","1.1","$14,621.60","7.9%","12.4%","40.7%","-1.2","0.4","39.0%","85.3%","13.4%","54.1%","24.8%"
"FN","Fabrinet","KY","NYSE","Electronic Equipment, Instruments and Components","12.0%","42.3%","18.3%","34.6%","$4.22","$13,728.08","$34.63","0.1%","-0.3%","3.4%","3.2%","0.0%","2.1%","$407.40","-27.6%","-15.0%","25.5%","0.1","1.1","$14,599.12","0.2%","20.6%","10.0%","-1.6","1.0","39.1%","24.7%","28.1%","25.0%","31.2%"
"BWXT","BWX Technologies, Inc.","US","NYSE","Aerospace and Defense","22.1%","20.2%","11.3%","11.7%","$316.76","$15,850.10","$32.45","9.0%","0.1%","22.2%","-0.2%","2.2%","1.6%","$157.59","-7.1%","-13.3%","14.4%","0.1","2.2","$14,438.71","0.1%","14.7%","10.2%","3.0","0.9","30.9%","16.5%","13.5%","8.9%","23.9%"
"MLI","Mueller Industries, Inc.","US","NYSE","Machinery","28.8%","22.2%","7.7%","16.1%","$666.37","$12,733.06","$28.67","14.3%","-0.9%","28.5%","12.8%","4.7%","5.0%","$63.74","-7.2%","9.1%","14.3%","0.0","0.5","$14,098.10","0.5%","8.1%","21.9%","-1.3","1.0","53.5%","10.5%","17.5%","33.0%","44.4%"
"HTHT","H World Group Limited","CN","NasdaqGS","Hotels, Restaurants and Leisure","41.0%","31.6%","36.2%","22.0%","$1,183.05","$16,846.68","$64.51","30.2%","-1.2%","67.0%","5.0%","8.4%","6.7%","$45.77","8.0%","-4.6%","6.7%","0.0","1.0","$14,075.37","2.3%","14.3%","28.8%","2.1","0.1","10.6%","61.8%","16.9%","9.0%","0.2%"
"CSL","Carlisle Companies Incorporated","US","NYSE","Building Products","35.3%","-2.8%","3.6%","-2.7%","$866.60","$16,176.79","$33.20","17.0%","-7.3%","8.6%","6.3%","6.2%","5.5%","$352.14","-8.8%","7.2%","5.0%","0.0","2.1","$13,952.19","7.6%","1.7%","19.9%","1.8","1.0","13.6%","7.6%","10.1%","15.3%","12.9%"
"FIVE","Five Below, Inc.","US","NasdaqGS","Specialty Retail","37.6%","125.2%","19.9%","32.2%","$599.25","$14,735.36","$31.29","11.3%","-0.4%","7.6%","3.2%","4.3%","4.1%","$252.20","3.2%","30.4%","14.4%","0.0","0.4","$13,884.63","0.6%","17.8%","11.7%","1.0","1.2","16.2%","31.8%","16.6%","13.8%","6.4%"
"TXT","Textron Inc.","US","NYSE","Aerospace and Defense","17.6%","19.8%","8.6%","7.9%","$759.00","$16,374.01","","5.0%","-4.6%","1.5%","0.5%","5.6%","5.9%","$79.07","-11.6%","-9.2%","4.7%","0.0","2.5","$13,599.01","5.0%","5.1%","8.4%","1.7","1.0","1.7%","6.8%","9.4%","6.9%","2.2%"
"RPM","RPM International Inc.","US","NYSE","Chemicals","41.4%","-3.5%","5.8%","6.8%","$675.20","$16,089.64","$32.85","8.6%","-0.3%","61.8%","2.5%","5.0%","6.1%","$105.52","-10.1%","1.7%","4.6%","0.0","2.4","$13,479.27","0.6%","2.7%","12.5%","2.2","","4.1%","11.6%","5.2%","11.7%","7.8%"
"GL","Globe Life Inc.","US","NYSE","Insurance","33.9%","20.2%","11.1%","9.6%","$1,232.38","$16,562.75","","19.9%","-6.8%","-1.4%","0.2%","9.2%","5.5%","$174.27","-5.2%","25.9%","6.6%","0.0","1.4","$13,392.55","5.2%","5.5%","26.6%","1.9","0.5","18.1%","19.1%","7.0%","4.3%","14.3%"
"ALLE","Allegion plc","IE","NYSE","Building Products","44.8%","5.8%","8.3%","10.6%","$671.10","$15,262.68","$29.80","15.6%","-1.1%","-5.1%","2.8%","5.0%","5.4%","$157.12","-7.0%","-2.4%","6.8%","0.0","2.1","$13,360.98","1.0%","5.9%","21.1%","1.8","1.0","15.0%","9.2%","8.3%","18.9%","3.4%"
"AVY","Avery Dennison Corporation","US","NYSE","Containers and Packaging","29.0%","2.4%","6.6%","7.4%","$1,063.10","$16,677.97","$25.40","11.5%","-2.0%","1.8%","7.3%","8.0%","6.4%","$175.06","-0.6%","-4.0%","4.3%","0.0","2.8","$13,267.47","3.2%","2.9%","12.9%","2.3","1.0","0.6%","9.6%","8.2%","12.4%","-3.1%"
"SEIC","SEI Investments Company","US","NasdaqGS","Capital Markets","78.4%","6.6%","9.4%","10.3%","$686.80","$13,242.77","$56.34","28.0%","-3.2%","9.3%","0.8%","5.2%","7.6%","$110.39","5.4%","33.0%","10.0%","0.0","1.8","$13,248.92","3.2%","9.1%","28.7%","-0.5","1.0","23.7%","24.2%","8.4%","25.6%","14.7%"
"GDDY","GoDaddy Inc.","US","NYSE","IT Services","63.8%","20.3%","7.4%","7.1%","$1,702.90","$15,469.58","$301.90","33.4%","-4.8%","3.7%","0.3%","13.3%","15.9%","$101.31","11.2%","-14.5%","5.5%","0.0","0.8","$12,830.68","12.5%","7.1%","25.2%","1.9","0.9","10.7%","48.3%","14.9%","11.2%","6.2%"
"DOCU","DocuSign, Inc.","US","NasdaqGS","Software","79.6%","23.3%","7.8%","8.7%","$1,198.29","$12,191.42","$606.17","35.7%","-2.7%","6.4%","1.0%","9.4%","11.0%","$68.41","13.5%","5.5%","8.2%","0.0","2.1","$12,786.00","10.0%","8.2%","12.0%","-1.3","1.0","9.5%","164.1%","14.5%","7.2%","-25.2%"
"GGG","Graco Inc.","US","NYSE","Machinery","52.6%","12.8%","2.4%","5.4%","$629.46","$12,157.60","$33.31","27.8%","-1.4%","-11.1%","-2.9%","5.0%","3.5%","$77.88","-6.8%","-5.8%","5.1%","0.0","2.2","$12,612.96","2.7%","1.2%","27.7%","-0.6","1.1","2.2%","2.8%","7.0%","21.4%","1.5%"
"HALO","Halozyme Therapeutics, Inc.","US","NasdaqGS","Biotechnology","76.3%","-22.5%","34.5%","37.8%","$806.22","$14,453.87","$63.07","48.5%","-4.9%","-110.9%","19.6%","6.4%","14.0%","$110.19","6.9%","56.7%","21.2%","0.0","0.3","$12,506.34","2.8%","29.1%","56.8%","1.9","0.9","41.3%","25.7%","54.2%","37.4%","20.8%"
"CCK","Crown Holdings, Inc.","US","NYSE","Containers and Packaging","21.0%","46.7%","7.4%","3.7%","$1,199.00","$18,495.77","$45.00","9.0%","-3.5%","6.3%","8.7%","9.7%","7.7%","$115.16","-4.6%","10.5%","6.3%","0.0","2.1","$12,380.77","6.6%","2.4%","12.4%","2.7","0.8","10.3%","20.5%","6.5%","11.6%","2.0%"
"WTS","Watts Water Technologies, Inc.","US","NYSE","Machinery","48.9%","23.1%","13.0%","18.0%","$349.40","$11,986.29","$25.20","13.1%","0.0%","12.0%","5.1%","2.9%","3.9%","$363.13","-7.3%","30.4%","10.8%","0.0","1.5","$12,122.39","0.2%","10.3%","19.5%","-0.2","1.2","27.2%","12.7%","9.7%","20.0%","17.2%"
"EHC","Encompass Health Corporation","US","NYSE","Health Care Providers and Services","43.9%","19.9%","13.2%","13.3%","$413.40","$15,613.00","$58.00","6.7%","-0.5%","12.1%","1.7%","3.4%","3.6%","$121.79","-2.7%","14.5%","8.6%","0.1","1.7","$12,015.00","2.3%","10.7%","18.0%","1.9","0.6","21.3%","25.3%","9.0%","14.1%","15.2%"
"NVMI","Nova Ltd.","IL","NasdaqGS","Semiconductors and Semiconductor Equipment","57.1%","9.2%","20.0%","15.6%","$189.75","$10,923.47","$27.73","20.2%","3.4%","0.7%","1.8%","1.6%","1.6%","$372.10","-5.3%","7.1%","24.3%","0.0","1.9","$11,826.44","0.1%","19.5%","29.1%","-3.0","1.8","45.7%","23.6%","20.4%","16.3%","29.3%"
"MOG.A","Moog Inc.","US","NYSE","Aerospace and Defense","28.2%","76.0%","12.6%","18.3%","$350.23","$12,859.33","$19.95","8.1%","-0.2%","11.7%","3.5%","3.0%","2.2%","$371.68","-7.7%","48.7%","10.4%","0.0","1.0","$11,780.60","0.6%","10.3%","12.0%","1.7","1.0","48.5%","32.8%","15.6%","11.1%","37.8%"
"DECK","Deckers Outdoor Corporation","US","NYSE","Textiles, Apparel and Luxury Goods","57.8%","8.7%","19.4%","8.2%","$1,117.81","$10,555.51","$46.84","20.2%","-4.6%","20.4%","0.2%","9.6%","7.1%","$85.81","-12.0%","-19.6%","7.4%","0.0","1.6","$11,685.77","10.6%","14.4%","22.7%","-0.9","1.2","-0.6%","28.2%","7.7%","71.2%","4.8%"
"JKHY","Jack Henry & Associates, Inc.","US","NasdaqGS","Financial Services","43.9%","11.9%","9.2%","10.1%","$694.86","$11,679.22","$32.46","27.3%","-1.3%","17.1%","2.0%","6.0%","4.2%","$165.64","6.6%","-7.1%","6.3%","0.0","2.6","$11,613.45","3.8%","7.0%","25.3%","0.1","0.7","4.6%","11.6%","8.4%","17.7%","0.5%"
"HII","Huntington Ingalls Industries, Inc.","US","NYSE","Aerospace and Defense","12.4%","25.7%","4.3%","14.2%","-$85.00","$14,189.96","$52.00","-0.6%","-0.4%","5.0%","8.4%","-0.8%","3.9%","$285.93","-11.5%","-18.2%","6.6%","0.0","0.8","$11,266.96","0.4%","6.6%","6.4%","2.5","0.4","13.3%","8.9%","15.0%","6.1%","9.8%"
"GNRC","Generac Holdings Inc.","US","NYSE","Electrical Equipment","39.5%","-27.8%","10.4%","-0.4%","$379.25","$12,194.27","$51.03","8.5%","-1.8%","35.5%","-0.4%","3.4%","2.8%","$187.35","-11.7%","32.8%","19.1%","0.0","0.8","$11,054.84","0.2%","3.3%","9.5%","1.8","1.8","16.7%","21.9%","30.4%","7.3%","-15.9%"
"NYT","The New York Times Company","US","NYSE","Media","51.0%","24.3%","11.2%","14.1%","$623.02","$9,634.85","$78.29","21.1%","-0.6%","1.1%","1.4%","5.7%","4.3%","$67.28","5.9%","-3.6%","8.5%","0.0","1.7","$10,851.16","2.1%","8.1%","16.3%","-2.2","1.2","16.0%","31.2%","13.1%","17.6%","6.7%"
"SANM","Sanmina Corporation","US","NasdaqGS","Electronic Equipment, Instruments and Components","9.0%","19.7%","15.7%","65.2%","$594.15","$11,417.16","$88.74","4.7%","-2.2%","31.8%","1.8%","5.6%","-5.4%","$198.47","-2.1%","24.6%","42.1%","0.0","0.4","$10,637.47","2.9%","11.9%","5.5%","0.7","1.0","55.3%","3.0%","46.8%","13.0%","38.1%"
"DCI","Donaldson Company, Inc.","US","NYSE","Machinery","35.1%","26.2%","5.4%","5.5%","$426.30","$11,625.78","$24.70","11.0%","-1.5%","-6.6%","0.7%","4.0%","4.7%","$91.03","-7.4%","1.2%","6.2%","0.0","2.7","$10,551.38","0.6%","4.2%","15.7%","1.5","1.0","15.4%","9.9%","9.0%","17.2%","10.1%"
"GMED","Globus Medical, Inc.","US","NYSE","Health Care Equipment and Supplies","69.0%","51.9%","38.7%","23.1%","$755.59","$9,782.78","$48.96","24.0%","-1.3%","11.0%","0.8%","7.2%","4.4%","$78.29","-4.9%","-10.3%","7.4%","0.0","0.8","$10,511.37","1.1%","42.1%","23.2%","-0.7","1.1","14.8%","25.0%","11.5%","13.3%","-1.1%"
"CGNX","Cognex Corporation","US","NasdaqGS","Electronic Equipment, Instruments and Components","68.9%","44.8%","5.1%","19.1%","$268.30","$10,140.04","$49.43","24.6%","-0.8%","22.9%","-0.4%","2.6%","3.0%","$62.25","-6.8%","68.6%","12.2%","0.0","0.4","$10,471.93","0.2%","6.8%","21.9%","-1.2","1.5","13.1%","1.7%","22.8%","9.8%","-6.0%"
"BSY","Bentley Systems, Incorporated","US","NasdaqGS","Software","81.8%","15.5%","12.9%","13.7%","$498.50","$11,578.72","$97.18","31.1%","-0.3%","3.6%","-0.3%","4.8%","5.3%","$33.71","-4.3%","-11.6%","11.7%","0.0","2.5","$10,458.27","2.2%","11.2%","25.2%","2.4","1.2","-11.7%","22.3%","14.1%","8.4%","-13.0%"
"PAYC","Paycom Software, Inc.","US","NYSE","Professional Services","88.1%","26.3%","11.5%","11.6%","$575.10","$11,044.37","$89.70","26.9%","-8.6%","0.1%","3.5%","5.6%","7.9%","$231.67","8.0%","52.0%","7.5%","0.1","0.8","$10,259.57","16.8%","11.2%","30.3%","1.1","0.8","-6.3%","19.8%","12.3%","11.4%","-13.7%"
"PODD","Insulet Corporation","US","NasdaqGS","Health Care Equipment and Supplies","71.1%","59.4%","30.8%","31.1%","$293.70","$10,641.86","$77.90","9.6%","-0.2%","6.0%","1.8%","2.9%","4.0%","$147.48","4.5%","-47.9%","17.6%","0.1","0.9","$10,228.36","3.2%","27.7%","16.9%","0.7","1.4","-6.2%","80.8%","27.4%","19.8%","-13.7%"
"UHS","Universal Health Services, Inc.","US","NYSE","Health Care Providers and Services","44.6%","29.7%","14.5%","14.5%","$845.40","$15,263.38","$95.39","4.7%","-5.3%","2.9%","1.3%","8.5%","11.8%","$169.65","-2.1%","-22.8%","6.0%","0.1","1.9","$9,998.58","10.6%","9.5%","11.4%","1.9","1.3","10.3%","36.6%","8.1%","12.1%","2.3%"
"AYI","Acuity Inc.","US","NYSE","Electrical Equipment","48.7%","18.7%","9.0%","11.8%","$639.40","$10,325.56","$50.30","13.9%","-1.3%","3.5%","1.8%","6.4%","6.6%","$334.05","-7.1%","-10.5%","6.0%","0.0","2.2","$9,933.16","2.7%","4.4%","12.6%","0.5","","28.5%","9.1%","8.7%","12.6%","14.3%"
"ENSG","The Ensign Group, Inc.","US","NasdaqGS","Health Care Providers and Services","16.6%","15.6%","16.5%","19.8%","$419.09","$11,803.49","$55.97","7.6%","1.2%","3.0%","-0.1%","4.2%","2.6%","$170.79","-6.7%","-1.8%","13.4%","0.0","1.4","$9,870.37","0.1%","17.4%","8.6%","3.3","0.8","21.4%","14.8%","12.0%","7.9%","16.3%"
"FCFS","FirstCash Holdings, Inc.","US","NasdaqGS","Consumer Finance","57.9%","34.9%","10.8%","16.6%","$605.95","$12,316.26","$21.95","14.7%","-1.3%","12.4%","4.3%","6.2%","4.6%","$225.62","11.6%","43.9%","14.4%","0.0","0.9","$9,785.55","1.9%","12.0%","16.1%","3.2","0.5","38.0%","20.6%","19.0%","10.4%","22.3%"
"FLS","Flowserve Corporation","US","NYSE","Machinery","35.1%","30.0%","11.9%","5.7%","$411.44","$11,397.11","$40.04","8.9%","-1.1%","6.2%","0.9%","4.2%","4.7%","$76.64","-4.1%","8.3%","4.9%","0.0","2.0","$9,741.92","2.6%","5.3%","13.4%","2.2","1.3","26.1%","16.7%","13.1%","10.4%","17.9%"
"OSK","Oshkosh Corporation","US","NYSE","Machinery","15.9%","-12.2%","7.4%","-10.2%","$1,123.60","$10,397.28","$40.30","10.6%","-1.9%","-2.2%","4.6%","11.6%","8.2%","$157.08","1.5%","18.8%","7.3%","0.0","-67.2","$9,698.08","3.6%","5.8%","7.6%","0.7","1.4","18.0%","12.3%","14.9%","7.6%","8.9%"
"EAT","Brinker International, Inc.","US","NYSE","Hotels, Restaurants and Leisure","18.6%","30.6%","29.4%","10.2%","$557.50","$11,261.14","$32.20","9.6%","-2.2%","1.3%","0.1%","5.8%","7.3%","$230.22","2.2%","51.9%","5.3%","0.0","0.9","$9,615.14","4.6%","12.0%","10.8%","1.9","1.4","94.7%","68.3%","18.1%","19.6%","34.7%"
"MTCH","Match Group, Inc.","US","NasdaqGS","Interactive Media and Services","74.9%","39.3%","5.4%","5.8%","$1,141.45","$12,693.44","$240.93","32.5%","-6.2%","3.7%","-0.4%","11.9%","12.3%","$41.86","12.3%","31.9%","1.8%","0.0","0.9","$9,609.00","7.7%","3.0%","31.3%","2.6","1.3","-0.7%","20.1%","11.1%","25.4%","-22.9%"
"R","Ryder System, Inc.","US","NYSE","Ground Transportation","19.8%","5.0%","3.0%","-0.2%","$1,150.00","$17,760.90","","9.0%","-5.6%","11.7%","1.7%","12.1%","9.2%","$248.44","-4.9%","27.9%","5.1%","0.1","1.5","$9,526.90","6.2%","2.3%","7.9%","3.0","1.0","39.3%","1.5%","16.1%","4.7%","28.5%"
"EDU","New Oriental Education & Technology Group Inc.","CN","NYSE","Diversified Consumer Services","54.6%","30.7%","24.9%","13.8%","$1,027.08","$5,544.71","$59.93","18.1%","-2.2%","12.6%","4.4%","10.8%","7.9%","$59.51","5.5%","2.9%","14.4%","0.0","0.9","$9,470.76","5.7%","23.6%","11.4%","-5.4","0.3","4.1%","44.2%","16.0%","8.4%","20.4%"
"RMBS","Rambus Inc.","US","NasdaqGS","Semiconductors and Semiconductor Equipment","80.4%","3.2%","18.3%","15.4%","$299.54","$8,465.98","$55.99","39.6%","-0.2%","-1.0%","4.6%","3.2%","1.9%","$85.46","-15.8%","-13.9%","18.4%","0.0","1.7","$9,269.13","0.6%","17.3%","35.9%","-2.5","1.5","15.1%","8.2%","21.6%","28.2%","28.7%"
"PRI","Primerica, Inc.","US","NYSE","Insurance","72.1%","23.1%","11.6%","11.5%","$842.16","$10,302.66","$24.67","24.2%","-4.9%","8.0%","-0.7%","9.3%","6.6%","$295.62","-7.6%","14.3%","6.2%","0.0","1.2","$9,098.40","5.3%","8.0%","31.7%","1.1","0.9","15.6%","22.8%","6.8%","6.4%","16.5%"
"DY","Dycom Industries, Inc.","US","NYSE","Construction and Engineering","20.5%","23.6%","23.7%","39.0%","$468.67","$11,751.93","$38.13","6.8%","0.9%","14.0%","1.5%","5.2%","5.9%","$300.23","-26.4%","-13.6%","24.5%","0.0","0.6","$9,055.22","0.8%","19.4%","8.1%","2.9","1.4","45.1%","19.8%","19.8%","10.9%","33.2%"
"ACM","AECOM","US","NYSE","Construction and Engineering","5.7%","-52.0%","-1.4%","-25.9%","$203.45","$11,072.17","$41.86","1.3%","-2.5%","10.9%","-17.8%","2.4%","5.0%","$66.58","-12.2%","-30.9%","2.3%","0.0","-1.0","$8,557.06","7.5%","3.3%","4.7%","2.5","1.1","-6.8%","31.5%","12.2%","8.0%","0.1%"
"KNSL","Kinsale Capital Group, Inc.","US","NYSE","Insurance","31.1%","28.6%","39.5%","38.7%","$1,000.77","$8,514.25","$17.88","50.1%","-0.6%","9.3%","15.0%","11.8%","13.5%","$373.17","-0.1%","-4.9%","2.8%","0.0","1.8","$8,500.22","2.8%","24.7%","36.3%","0.0","1.0","-2.9%","35.7%","6.0%","9.5%","17.1%"
"FORM","FormFactor, Inc.","US","NasdaqGS","Semiconductors and Semiconductor Equipment","46.2%","155.0%","20.1%","40.6%","$136.12","$7,801.02","$36.11","15.1%","0.2%","28.7%","7.6%","1.7%","-0.0%","$103.90","-11.5%","75.5%","22.1%","0.0","0.5","$8,116.74","0.2%","10.4%","16.6%","-1.7","1.1","46.0%","149.4%","32.3%","15.1%","20.8%"
"LEVI","Levi Strauss & Co.","US","NYSE","Textiles, Apparel and Luxury Goods","61.7%","60.5%","5.5%","7.2%","$559.30","$9,422.75","$77.50","8.5%","-1.0%","13.6%","2.8%","6.9%","6.4%","$21.06","-13.7%","1.2%","6.2%","0.0","1.0","$8,104.95","4.4%","2.6%","11.4%","1.4","1.3","18.4%","14.3%","11.9%","13.4%","-2.0%"
"ATR","AptarGroup, Inc.","US","NYSE","Containers and Packaging","36.1%","-4.1%","6.0%","2.5%","$310.39","$9,361.32","$40.81","7.9%","-1.1%","1.7%","1.5%","3.8%","5.1%","$127.41","-5.9%","4.0%","4.7%","0.1","-5.9","$8,100.87","4.2%","5.1%","12.5%","1.5","0.5","1.9%","13.7%","5.3%","9.7%","0.8%"
"SARO","StandardAero, Inc.","US","NYSE","Aerospace and Defense","15.0%","131.6%","17.6%","13.0%","$218.79","$10,453.02","$17.09","3.5%","","29.6%","0.4%","2.7%","3.3%","$24.81","-15.0%","-16.3%","7.9%","0.0","0.6","$8,065.63","1.2%","13.5%","9.5%","3.0","","","118.1%","19.5%","8.0%",""
"HQY","HealthEquity, Inc.","US","NasdaqGS","Health Care Providers and Services","71.2%","67.9%","19.9%","15.1%","$487.73","$8,661.47","$81.28","35.8%","-1.1%","5.8%","0.4%","6.1%","6.0%","$96.07","-8.2%","5.5%","7.8%","0.0","1.9","$7,946.46","5.1%","13.2%","26.1%","1.4","0.2","10.4%","163.6%","15.6%","9.2%","8.1%"
"ZWS","Zurn Elkay Water Solutions Corporation","US","NYSE","Building Products","49.0%","61.4%","15.2%","19.3%","$378.50","$8,082.29","$42.00","21.2%","-1.4%","13.0%","1.6%","4.8%","4.2%","$47.61","-7.2%","1.6%","7.7%","0.0","1.4","$7,896.79","1.8%","5.2%","21.3%","0.4","0.8","19.2%","77.1%","12.4%","13.1%","10.4%"
"PATH","UiPath, Inc.","US","NYSE","Software","82.6%","1,732.8%","13.7%","14.3%","$362.96","$6,534.66","$234.58","21.1%","-2.9%","18.1%","3.1%","4.6%","7.3%","$15.19","0.9%","-4.3%","9.8%","0.0","2.4","$7,870.25","3.9%","14.4%","9.4%","-7.2","1.1","-5.7%","28.4%","11.6%","20.8%","-24.7%"
"MORN","Morningstar, Inc.","US","NasdaqGS","Capital Markets","62.2%","11.7%","13.2%","11.7%","$497.50","$9,236.34","$67.00","19.4%","-4.2%","19.5%","2.1%","6.3%","6.9%","$209.40","4.4%","-0.5%","7.0%","0.1","0.8","$7,855.34","12.5%","10.0%","22.7%","2.0","1.1","-5.2%","170.3%","14.7%","12.8%","-4.9%"
"APPF","AppFolio, Inc.","US","NasdaqGM","Software","63.5%","-20.9%","27.7%","19.9%","$270.02","$7,403.24","$74.58","25.9%","-0.2%","9.2%","1.4%","3.6%","4.8%","$214.28","7.8%","-7.0%","17.8%","0.0","1.6","$7,589.15","2.1%","25.0%","17.5%","-1.0","0.8","3.1%","25.7%","24.7%","39.9%","12.1%"
"KEX","Kirby Corporation","US","NYSE","Marine Transportation","33.2%","23.5%","11.8%","10.6%","$477.03","$8,623.21","$18.85","13.7%","-3.9%","3.2%","5.8%","6.4%","5.2%","$140.77","7.2%","25.8%","7.2%","0.1","1.8","$7,432.66","4.5%","5.1%","14.5%","1.5","0.9","19.0%","30.9%","13.3%","6.8%","21.7%"
"FAF","First American Financial Corporation","US","NYSE","Insurance","64.0%","297.4%","9.4%","28.1%","$832.30","$7,615.18","$61.00","10.4%","-0.3%","26.3%","4.4%","11.2%","9.9%","$72.75","-2.0%","19.1%","6.9%","0.0","0.6","$7,427.78","1.2%","6.5%","14.4%","0.1","1.3","9.5%","46.6%","9.6%","4.1%","4.9%"
"SSD","Simpson Manufacturing Co., Inc.","US","NYSE","Building Products","45.8%","16.1%","3.6%","6.3%","$468.37","$7,412.97","$25.82","19.3%","-1.3%","16.3%","1.9%","6.3%","5.2%","$180.97","-8.7%","9.9%","3.9%","0.0","1.5","$7,417.00","2.2%","3.9%","19.8%","-0.0","1.4","5.9%","4.6%","11.2%","15.1%","11.2%"
"AWI","Armstrong World Industries, Inc.","US","NYSE","Building Products","40.3%","8.1%","13.7%","7.8%","$246.70","$7,826.82","$21.90","14.6%","-1.9%","-6.4%","2.2%","3.4%","5.1%","$173.33","-6.6%","-11.9%","8.7%","0.1","1.7","$7,325.42","3.3%","10.3%","19.4%","1.1","1.3","35.3%","15.8%","12.5%","14.8%","12.7%"
"FSS","Federal Signal Corporation","US","NYSE","Machinery","29.2%","29.3%","22.1%","24.5%","$339.20","$7,704.04","$15.00","13.9%","0.0%","33.4%","0.5%","4.7%","4.8%","$119.28","-6.9%","7.0%","13.1%","0.0","1.1","$7,281.04","0.2%","16.1%","16.7%","0.8","1.3","28.8%","28.5%","13.1%","16.6%","25.3%"
"MSA","MSA Safety Incorporated","US","NYSE","Commercial Services and Supplies","47.6%","14.7%","6.7%","8.2%","$354.30","$7,726.36","$18.82","18.2%","-0.6%","5.3%","1.4%","4.9%","5.3%","$188.69","-2.6%","16.3%","10.2%","0.0","1.5","$7,279.34","1.7%","5.2%","23.4%","0.9","1.0","4.2%","188.2%","9.3%","15.7%","4.3%"
"VCTR","Victory Capital Holdings, Inc.","US","NasdaqGS","Capital Markets","57.3%","36.9%","26.4%","51.1%","$563.60","$7,937.70","$70.09","36.2%","-2.2%","7.5%","12.8%","8.1%","","$113.73","5.1%","77.4%","15.2%","0.0","0.8","$6,995.48","5.8%","24.2%","46.2%","1.2","1.1","55.4%","18.5%","8.4%","13.8%","29.9%"
"HXL","Hexcel Corporation","US","NYSE","Aerospace and Defense","25.0%","84.3%","5.6%","12.5%","$255.60","$7,852.75","$16.50","12.9%","-3.6%","35.6%","0.1%","3.7%","3.1%","$91.98","-10.9%","19.6%","11.1%","0.0","1.3","$6,955.85","4.9%","5.1%","13.5%","2.3","1.1","9.9%","4.2%","34.4%","9.3%","11.2%"
"URBN","Urban Outfitters, Inc.","US","NasdaqGS","Specialty Retail","36.0%","24.6%","14.3%","12.4%","$295.21","$7,202.95","$31.15","4.6%","-2.6%","13.3%","0.7%","4.3%","4.9%","$80.97","5.3%","7.5%","8.1%","0.1","0.9","$6,935.11","4.7%","9.4%","9.9%","0.3","1.2","35.6%","38.1%","9.1%","14.5%","20.6%"
"TAL","TAL Education Group","CN","NYSE","Diversified Consumer Services","56.0%","864.4%","45.2%","37.4%","$638.73","$4,407.80","$43.09","20.0%","-4.6%","186.4%","5.2%","9.3%","8.6%","$12.40","0.2%","7.9%","21.1%","0.0","0.2","$6,877.68","9.4%","43.9%","12.5%","-5.1","0.1","20.3%","95.1%","2.3%","8.6%","16.7%"
"CHE","Chemed Corporation","US","NYSE","Health Care Providers and Services","33.1%","2.2%","4.8%","1.7%","$323.61","$7,020.34","$39.10","12.5%","-4.6%","6.6%","1.2%","4.8%","6.4%","$519.84","-5.8%","22.7%","6.7%","0.0","1.4","$6,765.77","9.5%","5.9%","13.7%","0.6","0.5","1.6%","9.9%","11.7%","19.5%","2.7%"
"LEA","Lear Corporation","US","NYSE","Automobile Components","7.7%","24.5%","1.3%","4.1%","$849.40","$9,194.56","$66.20","3.6%","-5.7%","21.8%","1.0%","12.8%","9.5%","$134.68","10.3%","13.5%","1.9%","0.0","0.7","$6,643.06","6.8%","1.8%","4.6%","1.4","1.3","1.5%","6.8%","14.8%","10.4%","-0.7%"
"WEX","WEX Inc.","US","NYSE","Financial Services","73.2%","26.7%","4.1%","9.3%","$108.50","$5,864.37","$119.90","3.9%","-7.4%","1.3%","1.8%","1.6%","10.0%","$193.91","4.7%","30.7%","4.9%","0.1","0.8","$6,608.77","1.0%","4.2%","25.8%","-0.8","1.0","-0.6%","28.4%","12.3%","4.0%","2.3%"
"LNTH","Lantheus Holdings, Inc.","US","NasdaqGM","Health Care Equipment and Supplies","60.1%","10.1%","9.3%","-3.4%","$387.83","$6,622.21","$78.09","24.9%","-1.6%","42.9%","6.9%","5.9%","6.4%","$100.97","0.0%","50.1%","3.6%","0.0","-3.1","$6,590.55","3.1%","11.4%","19.5%","0.1","-0.1","15.2%","104.9%","1.7%","17.1%","31.0%"
"PLXS","Plexus Corp.","US","NasdaqGS","Electronic Equipment, Instruments and Components","10.0%","15.4%","4.5%","12.7%","$61.87","$6,548.79","$44.62","1.3%","-1.0%","8.8%","6.0%","0.9%","1.0%","$245.98","-9.0%","61.6%","17.5%","0.0","2.1","$6,555.88","1.6%","2.2%","5.0%","-0.0","0.8","38.5%","8.6%","8.1%","9.4%","22.2%"
"ANF","Abercrombie & Fitch Co.","US","NYSE","Specialty Retail","63.7%","9.9%","14.2%","6.3%","$566.46","$7,015.74","$39.24","10.6%","-5.5%","2.7%","1.5%","8.9%","8.5%","$149.67","32.9%","21.0%","4.7%","0.0","0.3","$6,351.15","8.3%","11.5%","14.1%","0.7","1.2","40.0%","77.2%","9.6%","24.5%","34.2%"
"IBP","Installed Building Products, Inc.","US","NYSE","Household Durables","33.6%","3.4%","4.2%","0.5%","$291.70","$7,104.61","$22.20","9.8%","-2.2%","18.0%","4.6%","4.6%","4.0%","$238.57","-2.2%","-10.8%","2.3%","0.0","-2.9","$6,301.91","3.2%","2.4%","12.5%","1.7","1.9","21.6%","3.1%","2.7%","17.9%","16.6%"
"G","Genpact Limited","BM","NYSE","Professional Services","36.5%","11.6%","7.3%","9.0%","$572.11","$7,164.96","$96.41","10.9%","-2.5%","3.8%","0.8%","9.1%","12.1%","$37.32","8.8%","-18.7%","7.1%","0.0","0.9","$6,271.04","4.7%","6.0%","15.0%","1.0","0.8","1.8%","15.5%","10.3%","14.5%","-4.8%"
"ESNT","Essent Group Ltd.","BM","NYSE","Financial Services","76.0%","4.3%","2.2%","-3.5%","$825.89","$6,639.29","$18.59","62.4%","-5.6%","-7.8%","6.6%","13.3%","","$69.18","1.2%","7.0%","5.6%","0.0","1.0","$6,217.66","9.8%","9.5%","64.5%","0.5","0.9","14.2%","4.7%","6.0%","11.2%","10.6%"
"PEGA","Pegasystems Inc.","US","NasdaqGS","Software","75.6%","53.0%","12.9%","3.7%","$492.50","$5,852.28","$159.13","28.4%","-0.4%","-33.6%","-1.8%","8.0%","7.8%","$37.36","14.4%","-33.4%","8.6%","0.0","1.2","$6,142.17","8.4%","10.4%","11.3%","-1.4","1.1","15.7%","32.8%","20.3%","33.2%","-11.5%"
"AMRX","Amneal Pharmaceuticals, Inc.","US","NasdaqGS","Pharmaceuticals","39.8%","4,332.0%","14.8%","16.2%","$83.11","$8,818.59","$35.63","2.7%","31.2%","14.1%","3.3%","1.4%","8.9%","$17.44","-3.9%","37.8%","6.6%","0.0","1.7","$6,074.28","0.7%","10.5%","15.9%","3.9","1.4","67.8%","229.4%","19.4%","17.8%","27.1%"
"HRB","H&R Block, Inc.","US","NYSE","Diversified Consumer Services","44.3%","29.0%","4.1%","4.4%","$756.08","$7,191.07","$30.48","19.2%","-5.7%","-2.8%","2.4%","12.5%","","$49.06","7.2%","15.1%","4.5%","0.0","0.5","$6,047.43","8.5%","4.4%","23.0%","1.1","0.3","11.4%","17.3%","9.4%","26.1%","17.9%"
"VAL","Valaris Limited","US","NYSE","Energy Equipment and Services","24.8%","248.1%","24.4%","-31.7%","-$24.10","$6,644.26","$29.20","-1.1%","-2.1%","-25.5%","8.8%","-0.4%","-0.6%","$86.74","10.1%","66.3%","2.7%","0.2","-0.4","$6,022.86","1.7%","7.6%","12.2%","1.5","1.2","6.3%","103.4%","26.1%","17.4%","22.5%"
"ROAD","Construction Partners, Inc.","US","NasdaqGS","Construction and Engineering","15.8%","85.7%","47.6%","50.7%","$175.56","$7,738.21","$40.24","5.0%","2.5%","53.4%","5.3%","3.0%","3.4%","$104.68","-12.6%","-6.7%","20.6%","0.1","1.0","$5,941.17","0.5%","32.9%","9.5%","3.5","0.9","45.0%","61.9%","28.3%","8.9%","25.6%"
"QLYS","Qualys, Inc.","US","NasdaqGS","Software","83.4%","14.7%","12.0%","12.5%","$313.96","$5,288.17","$78.25","44.7%","-2.0%","4.9%","1.9%","5.3%","9.1%","$171.65","-6.4%","31.0%","8.9%","0.0","3.0","$5,938.23","3.9%","10.3%","34.5%","-2.6","0.6","3.4%","22.3%","6.3%","22.9%","8.1%"
"AGX","Argan, Inc.","US","NYSE","Construction and Engineering","20.7%","52.3%","46.8%","43.4%","$545.70","$4,846.80","$8.87","45.9%","1.7%","75.5%","27.7%","9.3%","1.2%","$417.99","-30.0%","28.2%","32.5%","0.0","1.1","$5,864.33","0.7%","35.1%","15.4%","-5.5","0.6","113.8%","68.3%","23.8%","25.5%","57.6%"
"MKTX","MarketAxess Holdings Inc.","US","NasdaqGS","Capital Markets","61.7%","42.4%","3.4%","2.8%","$194.30","$5,596.86","$33.40","22.3%","-2.2%","2.4%","0.8%","3.4%","6.4%","$163.38","1.0%","-8.5%","6.3%","0.0","2.3","$5,749.81","6.3%","5.9%","41.1%","-0.4","1.0","-9.0%","8.1%","11.0%","18.0%","-17.3%"
"AROC","Archrock, Inc.","US","NYSE","Energy Equipment and Services","67.3%","40.1%","29.3%","19.7%","$291.33","$8,087.01","$24.19","19.4%","3.9%","69.3%","-6.0%","5.1%","4.7%","$32.69","-1.2%","22.8%","4.9%","0.3","-2.9","$5,731.81","1.0%","18.2%","38.3%","2.8","0.9","42.6%","64.2%","9.8%","10.3%","40.1%"
"LGND","Ligand Pharmaceuticals Incorporated","US","NasdaqGM","Pharmaceuticals","81.2%","-330.0%","30.2%","118.9%","$131.44","$5,467.30","$53.27","45.2%","4.7%","34.9%","4.8%","2.3%","3.0%","$285.60","-2.6%","50.2%","19.1%","0.0","-2.1","$5,693.61","0.8%","17.3%","34.5%","-1.7","0.9","65.2%","80.6%","18.7%","11.3%","16.7%"
"FTDR","Frontdoor, Inc.","US","NasdaqGS","Diversified Consumer Services","55.5%","12.2%","14.4%","10.2%","$386.00","$6,247.59","$38.00","18.0%","-5.0%","74.1%","0.2%","6.8%","8.9%","$82.60","-9.1%","44.8%","5.6%","0.0","1.4","$5,690.59","5.3%","7.8%","20.1%","1.1","1.3","37.2%","34.2%","10.1%","18.4%","13.1%"
"CRUS","Cirrus Logic, Inc.","US","NasdaqGS","Semiconductors and Semiconductor Equipment","52.8%","28.0%","5.8%","6.0%","$572.10","$4,636.96","$81.59","27.9%","-2.9%","21.9%","-0.1%","10.1%","6.1%","$113.21","-9.4%","-5.4%","3.6%","0.0","-1.5","$5,673.81","4.3%","4.0%","23.0%","-2.0","1.1","15.4%","45.1%","9.8%","26.1%","6.0%"
"CROX","Crocs, Inc.","US","NasdaqGS","Textiles, Apparel and Luxury Goods","57.5%","180.5%","4.0%","-5.1%","$704.62","$7,153.91","$41.52","17.4%","-8.0%","19.7%","2.7%","12.5%","12.9%","$117.53","-14.0%","35.2%","1.9%","0.0","0.9","$5,634.98","11.5%","1.4%","20.8%","1.6","1.5","6.9%","2.7%","6.5%","17.5%","-2.9%"
"EXLS","ExlService Holdings, Inc.","US","NasdaqGS","Professional Services","38.5%","8.7%","14.8%","15.0%","$275.04","$5,759.91","$90.62","12.3%","-2.9%","8.4%","3.6%","5.0%","6.0%","$36.63","5.0%","-11.1%","13.5%","0.0","1.3","$5,553.57","8.1%","13.2%","14.8%","0.5","0.9","7.7%","15.9%","13.0%","20.2%","8.4%"
"RELY","Remitly Global, Inc.","US","NasdaqGS","Financial Services","61.5%","2,119.9%","38.0%","27.9%","$388.00","$4,901.64","$143.28","21.4%","5.3%","147.6%","1.9%","7.0%","5.8%","$26.17","7.2%","98.0%","20.5%","0.0","0.2","$5,539.77","1.7%","31.4%","10.3%","-3.2","0.1","1.4%","34.5%","20.6%","53.2%",""
"BCPC","Balchem Corporation","US","NasdaqGS","Chemicals","36.3%","16.5%","11.1%","11.7%","$171.36","$5,574.13","$19.69","15.8%","-0.4%","1.9%","5.8%","3.1%","3.6%","$171.61","-4.4%","11.4%","7.4%","0.0","2.5","$5,470.59","1.9%","4.9%","20.4%","0.4","1.0","9.7%","18.3%","8.6%","11.6%","4.9%"
"ACIW","ACI Worldwide, Inc.","US","NasdaqGS","Software","49.1%","-7.2%","10.6%","4.5%","$311.41","$6,041.78","$78.21","17.1%","-2.4%","-10.7%","-0.0%","5.8%","6.2%","$52.95","-1.3%","15.9%","7.9%","0.0","0.9","$5,345.58","3.6%","9.9%","19.1%","1.8","1.1","31.8%","48.7%","15.7%","9.1%","10.1%"
"PSMT","PriceSmart, Inc.","US","NasdaqGS","Consumer Staples Distribution and Retail","17.6%","9.6%","10.6%","12.2%","$73.74","$5,252.16","$21.15","1.3%","-0.6%","7.3%","2.0%","1.4%","","$174.10","-1.3%","41.2%","11.0%","0.0","2.3","$5,240.34","0.2%","9.7%","4.6%","0.0","","34.8%","11.4%","20.9%","12.5%","17.5%"
"GVA","Granite Construction Incorporated","US","NYSE","Construction and Engineering","15.6%","-221.2%","30.8%","22.0%","$471.91","$5,937.49","$48.38","9.5%","-0.1%","1.8%","3.1%","9.0%","6.5%","$119.30","-7.0%","0.5%","15.5%","0.0","-1.9","$5,221.11","1.0%","15.1%","6.0%","1.4","1.3","45.0%","50.3%","6.7%","21.5%","25.5%"
"INSW","International Seaways, Inc.","US","NYSE","Oil, Gas and Consumable Fuels","72.5%","225.3%","2.0%","97.3%","$269.32","$5,419.39","$7.94","21.4%","0.4%","24.3%","17.6%","5.2%","6.5%","$104.50","13.1%","122.4%","10.3%","0.3","0.0","$5,176.02","0.2%","3.0%","55.4%","0.3","-0.2","52.9%","5.8%","2.0%","27.9%","56.7%"
"OII","Oceaneering International, Inc.","US","NYSE","Energy Equipment and Services","19.8%","75.1%","16.0%","2.3%","$223.24","$5,306.14","$17.83","7.8%","-0.4%","-8.3%","4.5%","4.4%","2.6%","$51.40","7.2%","106.8%","4.8%","0.0","2.2","$5,115.82","0.8%","8.8%","10.4%","0.5","1.3","27.4%","76.2%","3.4%","24.4%","31.4%"
"PSN","Parsons Corporation","US","NYSE","Professional Services","22.0%","-34.8%","9.6%","-3.5%","$308.14","$6,577.49","$120.09","4.9%","0.6%","15.6%","-2.0%","6.1%","7.8%","$47.58","0.1%","-23.5%","2.8%","0.0","-1.4","$5,081.80","2.9%","9.7%","5.4%","2.9","0.7","-5.0%","8.8%","7.8%","6.2%","6.4%"
"GOLF","Acushnet Holdings Corp.","US","NYSE","Leisure Products","47.5%","-1.6%","0.9%","6.9%","$183.74","$6,095.16","$32.10","6.8%","-4.3%","81.3%","4.0%","3.6%","3.9%","$86.88","-6.6%","5.8%","3.8%","0.0","0.8","$5,074.23","2.6%","4.4%","12.1%","2.7","0.9","16.9%","5.2%","12.7%","12.3%","13.5%"
"LAUR","Laureate Education, Inc.","US","NasdaqGS","Diversified Consumer Services","36.8%","32.2%","11.2%","13.6%","$286.58","$5,636.11","$14.14","15.7%","-4.3%","45.3%","1.4%","5.7%","7.0%","$36.76","-4.1%","10.4%","9.9%","0.1","1.6","$5,063.67","6.6%","10.4%","24.4%","1.1","0.7","42.5%","53.9%","14.5%","15.2%","37.6%"
"CSW","CSW Industrials, Inc.","US","NYSE","Building Products","42.5%","-13.0%","15.4%","23.9%","$144.28","$5,923.46","$14.98","12.3%","1.6%","-24.3%","2.3%","2.9%","4.5%","$308.46","-12.0%","4.6%","11.2%","0.0","2.0","$5,025.89","3.2%","15.4%","18.2%","3.1","0.8","20.4%","5.0%","18.0%","9.5%","19.1%"
"IRDM","Iridium Communications Inc.","US","NasdaqGS","Diversified Telecommunication Services","71.9%","-13.4%","4.8%","3.4%","$288.32","$6,607.37","$49.48","32.6%","-5.4%","-26.9%","2.3%","5.8%","7.4%","$47.21","-5.4%","165.8%","6.8%","0.1","-3.8","$5,002.39","1.4%","4.4%","23.8%","3.8","0.6","1.7%","75.9%","15.7%","6.7%","-0.7%"
"GNTX","Gentex Corporation","US","NasdaqGS","Automobile Components","34.3%","6.8%","10.5%","12.7%","$496.65","$4,646.43","$40.63","18.9%","-3.4%","6.1%","-2.7%","10.2%","7.5%","$23.14","-3.9%","-2.3%","5.3%","0.0","0.8","$4,875.21","5.0%","7.4%","18.9%","-0.4","0.8","-8.6%","6.6%","10.1%","17.6%","-3.9%"
"DAVE","Dave Inc.","US","NasdaqGM","Consumer Finance","71.7%","306.3%","61.4%","72.6%","$326.54","$4,870.29","$37.55","50.7%","2.2%","-1.6%","-0.2%","6.7%","9.4%","$380.69","19.7%","73.5%","26.7%","0.0","-163.5","$4,855.89","5.2%","39.6%","36.0%","0.1","3.9","278.3%","20.4%","15.2%","93.1%","3.7%"
"GHC","Graham Holdings Company","US","NYSE","Diversified Consumer Services","29.9%","-20.4%","5.1%","1.0%","$247.96","$5,083.00","$5.72","4.9%","-3.1%","-18.5%","1.5%","5.2%","6.7%","$1,135.89","-4.2%","4.5%","5.0%","0.0","0.3","$4,810.41","2.5%","6.4%","10.9%","0.3","0.8","27.0%","40.5%","13.2%","6.5%","14.7%"
"ATAT","Atour Lifestyle Holdings Limited","CN","NasdaqGS","Hotels, Restaurants and Leisure","43.7%","43.3%","62.0%","40.2%","$339.33","$4,069.57","$19.36","19.7%","1.6%","10.1%","6.7%","7.2%","6.4%","$34.36","-2.7%","-13.8%","24.7%","0.0","0.7","$4,723.14","3.3%","54.7%","24.3%","-1.5","0.8","25.9%","87.6%","19.6%","67.6%",""
"DOCS","Doximity, Inc.","US","NYSE","Health Care Technology","88.1%","-27.9%","14.6%","8.6%","$306.28","$4,018.67","$136.51","46.7%","-2.9%","2.9%","3.2%","6.5%","7.3%","$26.35","-3.8%","-39.1%","5.8%","0.0","-2.8","$4,696.78","9.0%","14.5%","30.6%","-3.3","1.4","3.8%","14.6%","6.8%","41.8%","-23.2%"
"TDW","Tidewater Inc.","US","NYSE","Energy Equipment and Services","48.1%","29.3%","27.0%","-3.8%","$271.18","$4,724.80","$13.74","20.1%","-1.9%","-41.4%","2.9%","5.8%","6.6%","$94.26","13.8%","80.5%","11.8%","0.0","-1.1","$4,690.02","0.1%","19.6%","18.4%","0.1","0.6","12.1%","70.2%","33.7%","24.5%","52.3%"
"BOOT","Boot Barn Holdings, Inc.","US","NYSE","Specialty Retail","37.8%","24.2%","13.0%","17.0%","$116.71","$5,339.44","$16.94","5.0%","0.3%","-7.2%","1.7%","2.5%","3.5%","$154.29","-5.7%","-17.3%","14.3%","0.1","0.9","$4,672.65","1.5%","11.8%","13.0%","1.7","1.6","20.5%","13.1%","20.2%","11.8%","12.7%"
"CHEF","The Chefs' Warehouse, Inc.","US","NasdaqGS","Consumer Staples Distribution and Retail","24.5%","29.6%","14.1%","12.3%","$125.77","$5,476.58","$24.44","2.9%","0.9%","59.9%","3.9%","2.7%","6.7%","$114.36","3.8%","83.3%","9.5%","0.0","1.6","$4,665.44","0.5%","12.9%","4.2%","3.1","1.3","60.4%","58.4%","15.6%","8.8%","31.1%"
"CENX","Century Aluminum Company","US","NasdaqGS","Metals and Mining","18.9%","403.5%","580.3%","122.9%","$151.20","$4,898.41","$54.20","5.7%","2.3%","-3.5%","-9.5%","3.3%","15.7%","$46.78","-8.7%","14.3%","27.9%","0.1","0.0","$4,630.41","0.5%","5.1%","14.8%","0.3","2.3","85.9%","78.2%","101.3%","20.7%","29.8%"
"PAY","Paymentus Holdings, Inc.","US","NYSE","Financial Services","24.9%","50.1%","27.2%","28.5%","$159.14","$4,190.45","$23.02","11.7%","0.7%","22.9%","4.0%","3.5%","3.2%","$36.19","-6.2%","27.1%","19.3%","0.0","1.4","$4,557.76","0.3%","34.6%","7.6%","-3.4","1.5","33.9%","129.0%","23.0%","29.6%","6.7%"
"OLLI","Ollie's Bargain Outlet Holdings, Inc.","US","NasdaqGM","Broadline Retail","40.6%","29.5%","15.0%","14.1%","$223.24","$5,086.29","$13.67","8.0%","-1.3%","-1.1%","-0.9%","4.9%","3.4%","$76.57","-6.2%","-31.2%","10.9%","0.0","0.9","$4,548.14","3.9%","12.9%","11.3%","1.4","0.4","1.0%","23.0%","15.1%","9.8%","1.0%"
"BCO","The Brink's Company","US","NYSE","Commercial Services and Supplies","26.4%","16.3%","9.3%","13.6%","$393.60","$7,513.22","$27.30","7.2%","-3.9%","2.7%","0.4%","8.8%","13.5%","$108.87","-3.0%","-6.5%","4.9%","0.0","1.8","$4,484.32","2.9%","5.0%","10.3%","3.3","1.1","14.1%","22.6%","14.5%","6.9%","8.4%"
"MYRG","MYR Group Inc.","US","NasdaqGS","Construction and Engineering","12.5%","121.2%","11.9%","37.5%","$193.36","$4,391.22","$17.96","4.8%","-2.3%","45.7%","8.7%","4.3%","2.6%","$286.59","-15.1%","26.4%","17.7%","0.0","0.4","$4,461.99","0.2%","6.0%","5.5%","-0.2","1.2","27.8%","26.1%","19.8%","13.7%","21.4%"
"FHI","Federated Hermes, Inc.","US","NYSE","Capital Markets","69.0%","19.8%","9.3%","19.2%","$366.94","$4,556.94","$30.14","19.0%","-5.3%","14.3%","3.8%","8.3%","8.0%","$62.40","-1.2%","19.2%","7.4%","0.0","1.0","$4,441.55","4.6%","7.2%","27.4%","-0.1","0.7","27.0%","21.5%","6.8%","25.4%","18.9%"
"CVSA","Covista Inc.","US","NYSE","Diversified Consumer Services","57.3%","14.0%","11.8%","10.2%","$392.73","$4,859.21","$41.22","20.1%","-6.4%","11.1%","3.0%","9.0%","7.8%","$128.09","-9.1%","22.6%","6.7%","0.0","1.8","$4,360.03","6.4%","10.4%","19.9%","1.1","0.7","42.6%","51.0%","14.6%","11.5%","28.1%"
"ITGR","Integer Holdings Corporation","US","NYSE","Health Care Equipment and Supplies","26.1%","59.6%","8.1%","-0.9%","$111.98","$5,643.15","$22.73","6.1%","0.7%","3.6%","3.0%","2.6%","3.3%","$126.50","1.0%","64.8%","2.0%","0.1","-9.3","$4,299.99","2.6%","7.9%","11.4%","3.9","0.8","16.3%","20.1%","6.3%","6.2%","5.3%"
"KLIC","Kulicke and Soffa Industries, Inc.","SG","NasdaqGS","Semiconductors and Semiconductor Equipment","52.6%","1,887.9%","8.1%","45.1%","$41.13","$3,792.39","$27.17","4.3%","-2.5%","33.3%","6.0%","1.0%","7.1%","$81.62","-10.6%","68.8%","52.3%","0.0","0.0","$4,270.84","0.6%","4.8%","18.5%","-2.5","1.6","20.0%","8.5%","295.0%","25.9%","3.6%"
"BRC","Brady Corporation","US","NYSE","Commercial Services and Supplies","51.7%","9.3%","9.4%","13.0%","$192.65","$4,127.22","$22.86","11.6%","-1.0%","1.7%","2.1%","4.6%","6.9%","$90.21","-7.0%","14.7%","34.4%","0.0","0.9","$4,230.78","0.8%","7.7%","18.0%","-0.3","0.7","19.5%","7.1%","12.2%","17.2%","13.8%"
"AZZ","AZZ Inc.","US","NYSE","Building Products","23.8%","-23.9%","6.2%","2.9%","$169.19","$4,749.57","$13.53","10.1%","6.3%","9.9%","3.2%","4.0%","4.6%","$140.02","-7.2%","27.6%","7.4%","0.0","1.5","$4,207.81","0.7%","3.6%","16.4%","1.5","","45.9%","39.3%","11.0%","10.5%","23.2%"
"MAT","Mattel, Inc.","US","NasdaqGS","Leisure Products","47.6%","-11.5%","4.9%","-4.9%","$434.61","$6,373.68","$74.00","7.9%","-6.9%","-4.1%","2.4%","10.5%","6.8%","$14.53","-1.8%","-27.5%","5.7%","0.0","-1.4","$4,151.22","17.0%","2.8%","8.7%","3.4","0.7","-12.3%","29.8%","5.2%","9.0%","-7.3%"
"INDV","Indivior Pharmaceuticals, Inc.","US","NasdaqGS","Pharmaceuticals","85.7%","227.7%","11.2%","13.6%","-$111.00","$4,410.40","$32.00","-8.3%","-5.1%","21.7%","11.5%","-2.7%","9.1%","$34.94","-10.0%","-2.2%","6.3%","0.1","0.2","$4,123.40","7.4%","9.9%","42.6%","0.5","1.1","16.3%","86.0%","16.7%","84.5%","19.9%"
"CNS","Cohen & Steers, Inc.","US","NYSE","Capital Markets","47.3%","3.3%","2.6%","7.0%","$68.38","$4,066.87","$44.50","11.7%","1.5%","-3.7%","1.1%","1.7%","4.7%","$79.91","-3.6%","25.7%","10.3%","0.0","1.7","$4,109.09","0.4%","4.5%","32.9%","-0.7","","11.8%","3.6%","10.1%","27.5%","1.8%"
"GEO","The GEO Group, Inc.","US","NYSE","Commercial Services and Supplies","26.0%","231.9%","1.1%","16.3%","$26.44","$5,653.90","$24.29","0.9%","1.9%","8.7%","1.5%","0.6%","14.1%","$31.77","3.5%","99.4%","11.4%","0.1","-0.5","$4,103.50","4.5%","5.0%","12.6%","3.2","0.7","63.0%","32.1%","43.9%","7.7%","32.4%"
"SEZL","Sezzle Inc.","US","NasdaqCM","Financial Services","75.0%","54.9%","91.1%","54.2%","$274.61","$4,102.89","$7.18","51.6%","-0.4%","26.0%","10.8%","6.8%","-0.6%","$120.58","2.2%","85.1%","29.7%","0.0","0.6","$4,060.53","1.6%","56.7%","59.2%","0.1","8.7","261.5%","168.3%","28.1%","100.7%",""
"CNK","Cinemark Holdings, Inc.","US","NYSE","Entertainment","49.4%","-4.0%","6.5%","5.1%","$313.00","$6,488.90","$38.30","9.3%","-1.3%","-30.5%","5.2%","7.8%","7.4%","$35.04","-5.7%","48.9%","8.6%","0.1","0.1","$4,019.50","3.0%","6.3%","13.4%","3.7","1.1","29.8%","196.5%","32.9%","8.5%","15.2%"
"ATMU","Atmus Filtration Technologies Inc.","US","NYSE","Machinery","28.8%","15.5%","10.3%","15.9%","$190.40","$4,741.73","$14.20","10.0%","-0.7%","16.4%","4.0%","4.8%","4.1%","$48.34","-5.4%","-7.8%","9.4%","0.0","2.2","$3,944.33","1.6%","5.5%","16.0%","2.3","1.6","29.1%","5.5%","8.6%","22.5%",""
"LOPE","Grand Canyon Education, Inc.","US","NasdaqGS","Diversified Consumer Services","53.3%","-0.0%","7.5%","7.6%","$242.56","$3,758.50","$13.58","21.2%","-4.8%","0.5%","0.9%","6.2%","5.7%","$152.67","0.1%","-7.7%","5.9%","0.0","1.5","$3,928.82","8.7%","7.2%","27.8%","-0.5","0.8","11.3%","10.3%","11.2%","39.0%","11.3%"
"DORM","Dorman Products, Inc.","US","NasdaqGS","Automobile Components","42.3%","-2.0%","15.1%","6.9%","$214.17","$4,292.68","$21.02","9.9%","-2.0%","2.4%","-6.5%","5.5%","5.8%","$131.30","-6.8%","5.8%","4.3%","0.0","-7.9","$3,896.41","3.2%","5.0%","16.9%","0.9","0.9","19.0%","37.8%","2.0%","14.0%","7.3%"
"SKYW","SkyWest, Inc.","US","NasdaqGS","Passenger Airlines","30.9%","2.7%","19.6%","0.8%","$315.17","$5,629.45","$18.73","7.5%","-2.6%","15.4%","-1.2%","8.2%","9.5%","$99.06","-11.4%","-2.1%","6.3%","0.2","2.0","$3,846.33","6.4%","13.2%","14.0%","1.9","1.6","31.6%","346.4%","7.6%","6.5%","16.6%"
"BMI","Badger Meter, Inc.","US","NYSE","Electronic Equipment, Instruments and Components","41.3%","-6.9%","13.8%","1.1%","$150.30","$3,768.21","$10.13","17.1%","-0.4%","-24.0%","0.6%","3.9%","3.0%","$132.49","-4.3%","-24.9%","4.0%","0.0","-5.2","$3,840.47","2.0%","11.8%","18.6%","-0.4","0.9","-5.8%","17.7%","1.7%","15.0%","5.8%"
"SRAD","Sportradar Group AG","CH","NasdaqGS","Hotels, Restaurants and Leisure","27.2%","-84.2%","4.6%","29.2%","$481.05","$3,598.88","$66.68","30.4%","-0.1%","-118.8%","-1.0%","12.6%","6.2%","$12.90","-0.9%","-44.7%","14.8%","0.0","-8.4","$3,816.05","7.3%","19.6%","13.3%","-0.4","2.0","4.7%","7.0%","40.8%","7.9%","-12.5%"
"MWA","Mueller Water Products, Inc.","US","NYSE","Machinery","38.1%","51.0%","14.3%","14.5%","$179.60","$3,696.81","$13.90","12.1%","-0.1%","10.1%","1.1%","4.8%","4.8%","$23.95","-9.9%","0.0%","3.6%","0.0","0.9","$3,739.21","0.5%","4.2%","21.2%","-0.1","1.2","22.9%","43.6%","8.8%","20.2%","10.0%"
"IPAR","Interparfums, Inc.","US","NasdaqGS","Personal Care Products","58.4%","4.2%","9.0%","-0.7%","$245.89","$3,910.89","$1.47","16.4%","0.1%","12.8%","0.6%","6.6%","6.5%","$116.69","-5.1%","36.6%","3.7%","0.0","-3.3","$3,737.09","0.3%","7.4%","16.8%","-0.2","1.3","-1.5%","4.5%","3.1%","17.4%","12.1%"
"CSTM","Constellium SE","FR","NYSE","Metals and Mining","16.6%","1,656.2%","31.2%","64.8%","$218.00","$5,446.22","","2.3%","-2.6%","101.6%","1.0%","5.9%","8.3%","$27.14","-7.8%","37.3%","12.6%","0.0","0.0","$3,678.22","3.1%","2.6%","9.5%","1.4","1.6","15.8%","33.5%","31.6%","16.7%","5.1%"
"PLMR","Palomar Holdings, Inc.","US","NasdaqGS","Insurance","27.4%","31.0%","48.1%","38.0%","$414.77","$3,827.55","$21.01","38.0%","2.1%","7.1%","-0.0%","11.5%","8.7%","$136.58","4.6%","3.6%","35.0%","0.0","0.6","$3,594.47","2.8%","46.2%","24.9%","0.8","0.5","38.9%","48.9%","18.8%","6.6%","9.3%"
"LRN","Stride, Inc.","US","NYSE","Diversified Consumer Services","37.8%","20.0%","13.7%","0.7%","$433.23","$2,997.09","$40.26","17.2%","-0.8%","4.1%","1.4%","12.4%","14.7%","$84.68","2.6%","31.1%","3.2%","0.0","2.5","$3,485.31","6.5%","11.1%","17.9%","-1.0","0.0","25.0%","34.0%","4.0%","28.3%","20.5%"
"CXW","CoreCivic, Inc.","US","NYSE","Commercial Services and Supplies","22.6%","31.8%","10.1%","15.6%","$57.32","$4,697.22","$26.25","2.3%","-4.5%","30.6%","10.7%","1.7%","","$34.71","7.6%","82.5%","15.0%","0.1","0.0","$3,432.59","5.5%","10.2%","10.0%","3.3","0.7","48.6%","6.2%","37.0%","6.6%","29.8%"
"BFAM","Bright Horizons Family Solutions Inc.","US","NYSE","Diversified Consumer Services","25.5%","3.8%","20.5%","11.7%","$235.93","$5,306.64","$30.08","7.8%","-5.6%","2.5%","0.5%","6.9%","7.0%","$70.25","-4.3%","-29.3%","5.6%","0.0","1.8","$3,416.63","18.9%","10.8%","12.5%","4.0","1.4","-9.5%","41.2%","12.3%","6.4%","-13.5%"
"NATL","NCR Atleos Corporation","US","NYSE","Financial Services","25.3%","67.9%","5.4%","7.9%","$159.00","$5,919.91","$34.00","3.6%","","9.7%","-2.8%","4.7%","8.9%","$46.09","-1.1%","23.8%","3.4%","0.0","1.1","$3,405.91","1.7%","2.4%","13.2%","2.9","1.0","","4.4%","17.1%","10.0%",""
"NMIH","NMI Holdings, Inc.","US","NasdaqGM","Financial Services","76.4%","7.8%","9.2%","4.1%","$441.61","$3,726.04","$20.71","60.4%","-2.9%","0.8%","1.5%","13.1%","","$44.83","0.4%","10.4%","5.5%","0.0","1.3","$3,372.02","3.8%","10.4%","73.2%","0.6","0.7","16.4%","12.2%","5.6%","12.5%","15.0%"
"DHT","DHT Holdings, Inc.","BM","NYSE","Oil, Gas and Consumable Fuels","76.7%","151.4%","24.8%","95.3%","$36.25","$3,644.32","$3.93","4.5%","-0.2%","1.5%","7.1%","1.1%","14.4%","$20.87","18.7%","77.8%","19.6%","0.5","0.0","$3,364.99","0.6%","11.9%","60.8%","0.5","-0.1","47.9%","43.4%","25.7%","33.0%","39.8%"
"AAMI","Acadian Asset Management Inc.","US","NYSE","Capital Markets","40.9%","17.9%","8.8%","11.6%","-$50.10","$3,555.27","$86.30","-7.5%","-5.1%","3.4%","6.0%","-1.5%","","$93.58","4.2%","97.5%","28.8%","0.0","0.5","$3,321.17","0.6%","18.9%","23.6%","1.1","1.3","67.4%","18.9%","31.0%","20.9%","28.4%"
"COCO","The Vita Coco Company, Inc.","US","NasdaqGS","Beverages","41.1%","69.1%","27.6%","43.6%","$124.44","$2,996.98","$13.91","17.6%","1.6%","62.1%","2.6%","3.8%","2.6%","$55.13","-11.4%","3.1%","25.6%","0.0","0.5","$3,261.56","0.4%","14.9%","19.1%","-1.9","0.4","24.6%","53.1%","20.5%","72.9%",""
"OSIS","OSI Systems, Inc.","US","NasdaqGS","Electronic Equipment, Instruments and Components","33.2%","2.8%","11.3%","1.0%","$245.33","$3,944.56","$26.43","13.7%","-1.7%","2.3%","-8.6%","7.5%","4.8%","$204.15","-13.6%","-20.1%","7.1%","0.0","2.4","$3,254.55","9.2%","11.8%","12.6%","2.6","1.3","17.9%","18.8%","11.0%","10.0%","15.9%"
"EXPO","Exponent, Inc.","US","NasdaqGS","Professional Services","36.4%","11.9%","4.3%","11.3%","$108.56","$3,263.87","$26.11","19.1%","-2.2%","3.6%","0.9%","3.3%","5.9%","$68.35","2.8%","-2.6%","10.7%","0.0","1.4","$3,249.77","6.5%","5.3%","22.5%","0.1","0.8","-7.1%","4.2%","14.6%","21.1%","-8.6%"
"SPSC","SPS Commerce, Inc.","US","NasdaqGS","Software","69.8%","-4.2%","18.4%","12.5%","$198.70","$2,821.15","$61.63","25.7%","-0.6%","13.1%","1.2%","6.6%","8.9%","$83.00","13.1%","-5.6%","5.7%","0.0","2.7","$2,988.01","4.8%","16.2%","15.8%","-0.9","0.6","-22.5%","7.9%","9.0%","9.9%","-9.2%"
"YETI","YETI Holdings, Inc.","US","NYSE","Leisure Products","59.2%","9.3%","14.4%","7.8%","$255.44","$3,172.61","$44.68","13.2%","-5.6%","4.1%","-0.0%","8.6%","9.2%","$40.82","-21.8%","-9.0%","7.4%","0.0","0.9","$2,979.40","14.0%","6.8%","12.2%","0.7","1.8","-5.1%","44.0%","14.5%","20.4%","-15.9%"
"HAYW","Hayward Holdings, Inc.","US","NYSE","Building Products","48.0%","20.0%","7.4%","13.5%","$201.86","$3,478.80","$14.67","17.3%","-0.2%","17.3%","4.5%","6.8%","6.3%","$13.92","-12.0%","-11.7%","5.4%","0.0","1.6","$2,952.70","2.4%","5.4%","21.3%","1.7","1.1","0.2%","27.3%","10.9%","8.4%","-8.6%"
"AEO","American Eagle Outfitters, Inc.","US","NYSE","Specialty Retail","38.2%","56.2%","6.8%","10.9%","$185.03","$4,684.38","$40.91","3.3%","-5.3%","17.8%","0.9%","6.3%","10.5%","$17.39","-3.2%","-34.0%","4.5%","0.0","0.6","$2,914.10","3.1%","4.1%","7.6%","2.7","1.4","4.2%","41.3%","14.7%","9.2%","-5.4%"
"MZTI","The Marzetti Company","US","NasdaqGS","Food Products","24.7%","15.0%","7.1%","4.7%","$206.14","$3,104.88","$10.17","10.7%","-0.3%","-1.1%","-2.3%","7.2%","4.2%","$105.39","-7.1%","-36.0%","3.6%","0.0","-10.7","$2,876.20","1.3%","1.9%","12.3%","0.7","0.4","-11.2%","20.0%","4.4%","16.2%","-7.5%"
"DXPE","DXP Enterprises, Inc.","US","NasdaqGS","Trading Companies and Distributors","31.8%","8.4%","12.3%","12.8%","$118.66","$3,527.55","$6.18","5.5%","-2.5%","6.9%","6.2%","4.2%","2.0%","$184.00","-4.3%","70.8%","10.3%","0.0","1.7","$2,855.16","0.8%","9.1%","8.9%","2.9","1.0","73.3%","22.8%","15.7%","11.2%","45.2%"
"AVPT","AvePoint, Inc.","US","NasdaqGS","Software","73.4%","-806.5%","24.5%","22.5%","$101.01","$2,450.71","$35.39","21.7%","4.5%","13.5%","2.6%","3.6%","4.5%","$13.43","5.0%","1.6%","21.1%","0.0","1.1","$2,841.32","3.8%","23.0%","9.9%","-7.4","1.1","25.6%","10.2%","23.6%","15.6%","7.4%"
"IMAX","IMAX Corporation","CA","NYSE","Entertainment","59.7%","22.0%","9.5%","19.6%","$104.11","$3,049.31","$27.23","25.0%","0.1%","22.9%","9.7%","3.7%","5.2%","$51.64","6.5%","43.4%","8.0%","0.1","2.3","$2,832.05","0.5%","5.8%","22.8%","0.9","0.4","40.7%","107.7%","16.1%","11.1%","26.9%"
"ALRM","Alarm.com Holdings, Inc.","US","NasdaqGS","Software","65.8%","-4.5%","9.6%","8.8%","$187.71","$2,904.63","$30.42","17.7%","-0.5%","12.2%","4.8%","6.8%","9.5%","$56.48","-1.8%","10.2%","5.9%","0.0","2.4","$2,772.62","2.6%","7.3%","14.1%","0.5","0.9","-1.4%","21.5%","6.9%","9.3%","-7.5%"
"EEFT","Euronet Worldwide, Inc.","US","NasdaqGS","Financial Services","24.0%","-14.1%","-8.7%","4.5%","$268.90","$3,399.06","$60.60","6.1%","-9.0%","8.5%","-2.7%","9.7%","","$73.81","2.4%","-0.4%","5.0%","0.0","1.0","$2,760.76","18.2%","7.5%","11.5%","0.9","","-4.2%","6.3%","12.6%","6.4%","-11.0%"
"KALU","Kaiser Aluminum Corporation","US","NasdaqGS","Metals and Mining","14.5%","201.4%","28.8%","61.5%","$87.00","$3,670.08","$20.40","2.1%","0.6%","90.5%","16.8%","3.3%","8.2%","$164.19","-11.1%","36.5%","14.6%","0.0","0.1","$2,659.68","0.4%","9.5%","8.1%","2.2","1.5","35.4%","176.2%","31.3%","11.7%","9.6%"
"PENG","Penguin Solutions, Inc.","US","NasdaqGS","Semiconductors and Semiconductor Equipment","27.9%","-595.8%","4.2%","8.7%","-$69.43","$2,938.06","$33.01","-4.6%","0.8%","23.1%","13.6%","-2.6%","13.7%","$51.76","-11.4%","155.2%","26.7%","0.0","1.0","$2,652.32","2.3%","9.7%","8.2%","0.4","","28.7%","36.2%","17.5%","11.5%","15.8%"
"GRND","Grindr Inc.","US","NYSE","Interactive Media and Services","74.9%","-232.9%","32.6%","33.5%","$154.02","$3,033.86","$62.68","30.2%","-0.0%","-11.9%","4.3%","5.8%","6.7%","$15.25","-8.0%","14.6%","20.2%","0.0","2.1","$2,650.76","14.6%","31.9%","30.9%","2.4","0.2","36.5%","98.8%","27.3%","28.7%","8.6%"
"SKWD","Skyward Specialty Insurance Group, Inc.","US","NasdaqGS","Insurance","30.5%","36.0%","37.3%","52.1%","$402.17","$2,763.68","$11.96","23.2%","5.6%","14.9%","3.8%","15.8%","6.9%","$57.34","-9.9%","17.9%","21.9%","0.0","0.5","$2,545.69","0.8%","32.5%","15.9%","0.7","0.5","34.3%","38.2%","16.8%","4.7%",""
"FIGS","FIGS, Inc.","US","NYSE","Textiles, Apparel and Luxury Goods","68.9%","653.9%","9.6%","27.8%","$97.22","$2,157.12","$24.44","13.7%","-0.5%","381.9%","5.6%","4.1%","2.3%","$14.42","1.1%","26.6%","14.1%","0.0","0.5","$2,395.74","1.7%","10.1%","9.6%","-3.0","1.3","36.0%","60.3%","28.5%","24.5%","-20.4%"
"KMT","Kennametal Inc.","US","NYSE","Machinery","41.3%","268.3%","14.6%","62.2%","-$80.91","$3,075.82","$34.85","-3.4%","-1.5%","24.3%","1.5%","-3.4%","7.0%","$31.02","-5.8%","7.0%","22.0%","0.0","0.8","$2,364.31","0.4%","4.3%","20.3%","1.1","1.5","10.1%","44.7%","38.3%","15.6%","-0.7%"
"STNE","StoneCo Ltd.","KY","NasdaqGS","Financial Services","71.6%","-391.6%","9.2%","2.7%","$895.66","$4,031.39","$54.85","34.1%","-9.7%","7.1%","-1.9%","38.4%","17.8%","$10.11","-4.6%","-31.2%","5.6%","0.0","0.8","$2,331.32","25.0%","9.9%","45.7%","1.3","1.8","1.5%","72.5%","15.3%","17.8%","-22.9%"
"VVX","V2X, Inc.","US","NYSE","Aerospace and Defense","8.5%","32.6%","3.0%","11.3%","$130.45","$3,221.30","$14.16","2.7%","0.2%","16.5%","4.2%","5.6%","11.6%","$74.18","-12.1%","33.5%","8.1%","0.0","1.4","$2,325.20","1.5%","8.3%","4.2%","2.9","0.1","16.0%","26.9%","12.3%","7.1%","8.6%"
"HURN","Huron Consulting Group Inc.","US","NasdaqGS","Professional Services","32.7%","15.9%","14.0%","15.5%","$161.00","$3,146.21","$49.42","9.1%","-5.3%","11.3%","3.7%","7.0%","","$155.27","2.1%","-9.2%","10.8%","0.0","1.3","$2,313.07","11.1%","12.0%","12.1%","3.4","0.2","16.1%","22.3%","13.7%","12.3%","25.9%"
"RAMP","LiveRamp Holdings, Inc.","US","NYSE","Software","70.8%","1,021.2%","10.8%","8.7%","$200.03","$1,957.11","$78.52","24.0%","-2.8%","12.8%","0.9%","8.7%","9.1%","$37.75","-0.2%","37.7%","9.5%","0.0","0.5","$2,295.01","8.6%","11.0%","12.9%","-2.8","1.2","7.7%","19.9%","26.7%","21.1%","-5.7%"
"OSW","OneSpaWorld Holdings Limited","BS","NasdaqCM","Diversified Consumer Services","13.4%","16.1%","20.1%","13.5%","$78.23","$2,323.66","$9.45","7.7%","0.7%","5.2%","0.1%","3.4%","7.4%","$22.40","-14.4%","8.5%","8.1%","0.0","1.9","$2,273.57","1.7%","12.2%","9.5%","0.4","1.1","25.4%","68.6%","14.8%","14.6%","17.3%"
"CALX","Calix, Inc.","US","NYSE","Communications Equipment","56.6%","-278.4%","7.4%","30.3%","$85.42","$2,083.86","$79.87","7.7%","-1.7%","6.7%","1.2%","3.8%","4.4%","$35.96","-5.3%","-32.9%","17.4%","0.0","1.8","$2,264.19","8.4%","3.9%","5.5%","-2.3","1.6","-8.2%","4.7%","36.2%","7.5%","-4.5%"
"UFPT","UFP Technologies, Inc.","US","NasdaqCM","Health Care Equipment and Supplies","28.5%","7.3%","18.9%","6.3%","$61.42","$2,364.20","$10.31","9.7%","0.5%","9.2%","9.1%","2.7%","4.7%","$288.79","-8.0%","29.3%","7.7%","0.0","2.8","$2,236.91","0.2%","17.8%","15.2%","1.1","1.1","20.1%","12.8%","8.3%","13.2%","34.1%"
"MCRI","Monarch Casino & Resort, Inc.","US","NasdaqGS","Hotels, Restaurants and Leisure","68.0%","47.8%","5.5%","6.9%","$154.30","$2,052.47","$8.47","27.5%","-2.2%","36.5%","-0.9%","7.1%","8.5%","$121.52","-2.1%","26.5%","3.3%","0.0","0.9","$2,177.94","2.9%","4.3%","26.6%","-0.6","1.4","25.6%","10.7%","8.2%","18.3%","13.0%"
"TILE","Interface, Inc.","US","NasdaqGS","Commercial Services and Supplies","40.5%","52.5%","10.9%","14.6%","$124.03","$2,361.36","$17.11","8.6%","-0.2%","21.5%","1.1%","5.8%","4.8%","$37.24","-2.7%","31.0%","5.9%","0.0","0.7","$2,152.49","2.3%","3.8%","13.2%","0.9","1.9","58.4%","210.7%","7.9%","16.5%","20.8%"
"PRDO","Perdoceo Education Corporation","US","NasdaqGS","Diversified Consumer Services","79.9%","19.2%","3.8%","10.0%","$217.98","$1,457.33","$12.44","25.4%","-1.6%","9.3%","0.4%","10.5%","5.0%","$33.20","-1.4%","14.1%","2.0%","0.0","0.6","$2,077.56","4.8%","5.7%","24.6%","-2.5","0.9","30.2%","13.9%","11.9%","24.7%","25.3%"
"DV","DoubleVerify Holdings, Inc.","US","NYSE","Media","82.4%","12.2%","15.6%","8.1%","$160.55","$1,972.28","$102.65","20.9%","-2.5%","-4.9%","-4.1%","7.8%","9.4%","$13.36","1.1%","23.0%","8.1%","0.1","2.2","$2,070.62","7.7%","15.3%","12.7%","-0.7","1.0","-25.5%","4.4%","21.8%","6.0%","-18.3%"
"EZPW","EZCORP, Inc.","US","NasdaqGS","Consumer Finance","58.6%","54.7%","16.4%","28.3%","$138.33","$2,551.25","$15.90","8.7%","3.7%","29.1%","-1.9%","6.8%","7.0%","$33.32","19.4%","66.1%","19.7%","0.0","0.4","$2,047.29","0.8%","16.1%","14.0%","1.9","0.5","60.0%","59.6%","19.5%","10.7%","37.3%"
"BLBD","Blue Bird Corporation","US","NasdaqGM","Machinery","20.6%","143.2%","57.8%","19.9%","$153.14","$2,014.47","$7.44","9.5%","-0.5%","24.8%","3.6%","7.6%","2.5%","$63.63","-7.5%","36.1%","17.0%","0.0","0.7","$2,015.55","1.2%","14.0%","11.8%","-0.0","1.4","44.1%","147.0%","6.8%","31.2%","25.9%"