"Ticker","Company","Country","Exchange","Industry","Gross Profit Margin","Diluted EPS 1Y Growth","Gross Profit 3Y CAGR","Gross Profit 1Y Growth","Free Cash Flow (M)","Total Enterprise Value (TEV) (M)","Stock-Based Compensation (Cash Flow Statement) (M)","Free Cash Flow Margin","Shares Out Growth 3Y (CAGR)","EPS Normalized Actual vs Estimate (Quarterly)","Revenue Actual vs Estimate (Quarterly)","FCF Yield","Forward FCF Yield","Stock Price","TR 1M Performance","YTD Performance","Revenue Forward 2Y CAGR","CapEx to Revenue","PEG Ratio","Market Cap (M)","Buyback Yield","Revenue 3Y CAGR","Operating Margin","Net Debt / EBITDA","Beta","TR 3Y Performance (CAGR)","Diluted EPS 3Y CAGR","EPS Normalized Forward 2Y CAGR","Return on Invested Capital","TR 5Y Performance (CAGR)"
"BLK","BlackRock, Inc.","US","NYSE","Capital Markets","47.2%","1.2%","15.4%","21.7%","$3,515.00","$193,245.61","$1,461.00","12.9%","1.2%","9.0%","3.0%","1.9%","5.3%","$1,139.82","9.8%","5.0%","16.3%","0.0","1.6","$185,193.61","1.1%","16.3%","35.3%","0.1","1.5","22.1%","6.9%","12.3%","5.2%","6.8%"
"CNM","Core & Main, Inc.","US","NYSE","Trading Companies and Distributors","27.1%","9.2%","4.5%","2.3%","$608.00","$10,973.90","$15.00","8.0%","4.1%","11.7%","0.8%","7.1%","6.2%","$44.46","2.5%","-16.8%","3.5%","0.0","0.7","$8,603.90","2.4%","4.9%","9.5%","2.5","1.0","12.3%","3.5%","13.5%","10.5%","8.8%"
"YOU","Clear Secure, Inc.","US","NYSE","Software","66.7%","-7.7%","27.0%","26.8%","$508.39","$4,991.28","$43.24","50.8%","4.6%","6.7%","3.1%","8.8%","5.7%","$42.90","-24.6%","24.8%","18.2%","0.0","0.9","$5,803.86","0.5%","23.9%","25.1%","-3.1","1.2","29.3%","38.1%","28.3%","14.7%","0.2%"
"HLNE","Hamilton Lane Incorporated","US","NasdaqGS","Capital Markets","60.7%","27.5%","16.7%","22.1%","$366.83","$6,513.63","$51.26","42.7%","3.5%","16.9%","21.4%","6.4%","","$104.06","23.5%","-23.9%","18.3%","0.0","0.5","$5,733.03","0.3%","18.3%","43.6%","0.1","1.3","6.2%","31.2%","9.9%","17.6%","5.2%"
"HGTY","Hagerty, Inc.","US","NYSE","Insurance","56.8%","-21.5%","19.1%","-14.3%","$278.49","$4,124.66","$19.08","19.7%","6.5%","139.6%","12.9%","6.3%","","$12.81","9.3%","-2.6%","2.6%","0.0","-0.9","$4,401.81","0.1%","16.6%","13.4%","-3.5","0.9","13.4%","25.4%","26.5%","26.8%","5.0%"
"DRH","DiamondRock Hospitality Company","US","NasdaqGS","Hotel and Resort REITs","29.5%","158.0%","2.8%","8.4%","$163.44","$3,717.46","$8.35","14.4%","-0.8%","64.6%","1.1%","6.2%","3.8%","$12.77","-1.5%","40.0%","2.1%","0.1","0.3","$2,621.63","0.7%","2.4%","16.4%","3.6","1.1","21.6%","21.6%","7.5%","6.3%","11.2%"
"GSHD","Goosehead Insurance, Inc.","US","NasdaqGS","Insurance","49.6%","20.0%","27.4%","29.5%","$75.04","$2,541.10","$22.10","18.7%","-0.1%","82.1%","9.9%","3.3%","3.8%","$70.70","31.7%","-9.0%","16.2%","0.0","2.8","$2,268.05","5.9%","18.6%","23.2%","3.3","1.5","0.3%","72.7%","21.1%","23.1%","-10.7%"
"NVDA","NVIDIA Corporation","US","NasdaqGS","Semiconductors and Semiconductor Equipment","74.1%","110.6%","134.5%","80.5%","$119,076.00","$5,211,862.90","$6,840.00","47.0%","-0.7%","5.3%","3.2%","2.3%","3.5%","$216.85","4.6%","14.8%","62.3%","0.0","0.4","$5,252,220.90","1.0%","114.0%","64.0%","-0.2","2.3","66.6%","225.4%","53.5%","107.0%","58.3%"
"AAPL","Apple Inc.","US","NasdaqGS","Technology Hardware, Storage and Peripherals","48.7%","32.6%","10.8%","19.1%","$136,683.00","$4,480,995.23","$13,706.00","29.3%","-2.3%","6.2%","0.4%","3.0%","3.5%","$311.30","-4.9%","14.9%","12.3%","0.0","2.0","$4,543,168.23","2.0%","6.7%","33.2%","-0.4","1.1","21.5%","13.6%","12.2%","41.4%","16.4%"
"MSFT","Microsoft Corporation","US","NasdaqGS","Software","67.9%","31.6%","15.6%","16.3%","$66,987.00","$3,624,771.21","$12,405.00","20.2%","-0.0%","5.2%","2.7%","1.9%","2.0%","$481.15","21.2%","1.7%","18.8%","0.3","1.9","$3,572,801.21","0.6%","16.1%","46.8%","0.3","1.1","15.2%","22.9%","18.5%","21.0%","10.5%"
"AVGO","Broadcom Inc.","US","NasdaqGS","Semiconductors and Semiconductor Equipment","76.3%","124.6%","30.1%","31.0%","$32,762.00","$1,777,180.92","$8,785.00","43.4%","4.9%","1.3%","0.5%","1.9%","4.1%","$364.03","-5.8%","4.7%","64.7%","0.0","0.9","$1,731,901.92","0.5%","29.1%","44.2%","1.1","1.2","63.4%","23.4%","63.0%","20.3%","52.7%"
"MU","Micron Technology, Inc.","US","NasdaqGS","Semiconductors and Semiconductor Equipment","72.6%","705.7%","241.8%","421.8%","$26,172.00","$1,076,649.63","$1,204.00","29.0%","1.0%","33.2%","15.7%","2.4%","6.8%","$974.33","0.4%","208.9%","153.6%","0.3","0.0","$1,100,401.63","0.1%","70.6%","65.7%","-0.3","1.5","148.8%","155.3%","249.9%","60.9%","68.6%"
"LLY","Eli Lilly and Company","US","NYSE","Pharmaceuticals","83.4%","94.8%","42.5%","51.0%","$18,190.00","$1,154,366.73","$649.00","22.8%","-0.3%","9.1%","11.1%","1.6%","2.9%","$1,244.40","6.0%","15.2%","24.9%","0.1","0.8","$1,109,204.73","0.6%","39.2%","49.7%","1.1","0.4","32.2%","60.7%","31.9%","34.7%","37.3%"
"AMD","Advanced Micro Devices, Inc.","US","NasdaqGS","Semiconductors and Semiconductor Equipment","55.7%","124.8%","28.2%","52.5%","$8,403.00","$757,538.57","$1,895.00","20.3%","0.3%","16.0%","2.0%","1.1%","2.9%","$469.46","-13.8%","110.1%","58.9%","0.0","1.5","$766,373.57","0.1%","23.6%","15.8%","-0.9","1.9","63.1%","529.5%","63.0%","9.2%","34.0%"
"V","Visa Inc.","US","NYSE","Financial Services","97.7%","14.7%","11.8%","14.3%","$21,013.00","$681,916.18","$919.00","47.2%","-1.0%","6.8%","2.0%","3.1%","4.2%","$365.73","3.0%","5.6%","12.7%","0.0","2.0","$671,336.18","3.2%","11.8%","66.9%","0.3","0.8","16.0%","14.2%","13.5%","28.0%","10.2%"
"MA","Mastercard Incorporated","US","NYSE","Financial Services","100.0%","22.6%","14.1%","16.0%","$16,702.00","$515,584.30","$615.00","47.6%","-2.4%","12.3%","2.2%","3.3%","3.6%","$573.85","6.6%","1.9%","13.1%","0.0","1.9","$502,698.30","3.2%","14.1%","59.9%","0.6","0.9","14.1%","19.4%","15.5%","41.7%","10.4%"
"CSCO","Cisco Systems, Inc.","US","NasdaqGS","Communications Equipment","64.6%","30.6%","4.6%","11.1%","$12,767.00","$445,556.82","$3,830.00","20.2%","-1.1%","1.7%","2.5%","3.0%","5.9%","$109.59","-2.3%","44.1%","10.5%","0.0","1.8","$431,941.82","1.7%","3.6%","25.4%","0.7","0.9","28.9%","2.7%","8.8%","11.1%","16.6%"
"LRCX","Lam Research Corporation","US","NasdaqGS","Semiconductors and Semiconductor Equipment","50.5%","38.8%","14.3%","30.6%","$4,891.25","$387,115.10","$386.38","21.1%","-1.9%","7.9%","0.8%","1.3%","2.1%","$310.53","-3.6%","67.8%","32.3%","0.0","0.9","$388,572.71","0.9%","10.1%","35.3%","-0.2","1.8","68.3%","20.2%","38.0%","49.0%","41.2%"
"AMAT","Applied Materials, Inc.","US","NasdaqGS","Semiconductors and Semiconductor Equipment","49.4%","38.3%","7.3%","9.8%","$5,623.00","$391,281.61","$701.00","18.2%","-1.9%","7.9%","1.2%","1.4%","2.5%","$496.21","-12.0%","84.6%","27.2%","0.1","1.2","$393,970.61","0.6%","5.1%","31.2%","-0.3","1.7","50.7%","15.2%","22.2%","31.5%","31.6%"
"CAT","Caterpillar Inc.","US","NYSE","Machinery","29.7%","18.0%","5.2%","13.3%","$8,994.00","$414,014.31","","12.0%","-3.4%","9.5%","7.0%","2.4%","2.3%","$815.39","-8.4%","36.3%","14.0%","0.1","0.8","$374,814.31","1.9%","4.9%","18.7%","2.4","1.6","46.1%","13.1%","21.2%","14.2%","33.6%"
"KO","The Coca-Cola Company","US","NYSE","Beverages","61.9%","18.0%","6.3%","7.3%","$14,297.00","$419,435.71","$266.00","28.5%","-0.2%","5.9%","1.5%","3.7%","3.4%","$90.50","10.4%","30.9%","1.8%","0.0","2.7","$389,380.71","0.2%","4.3%","31.8%","1.6","0.4","17.8%","11.4%","7.6%","15.8%","13.2%"
"MRK","Merck & Co., Inc.","US","NYSE","Pharmaceuticals","75.9%","-80.4%","5.8%","2.6%","$16,063.00","$414,404.90","$892.00","24.1%","-0.9%","1.5%","1.5%","4.4%","5.9%","$148.99","18.0%","40.0%","4.0%","0.1","-1.7","$367,583.90","1.1%","4.5%","35.3%","1.6","0.3","14.2%","1.3%","4.0%","12.8%","17.3%"
"NFLX","Netflix, Inc.","US","NasdaqGS","Entertainment","49.1%","35.5%","24.0%","17.5%","$11,152.01","$341,224.88","$487.33","23.1%","-2.2%","-6.9%","-0.2%","3.3%","2.9%","$80.14","16.7%","-11.9%","12.3%","0.0","0.6","$333,698.13","2.9%","14.6%","29.7%","0.5","1.7","25.2%","50.0%","23.2%","23.4%","7.7%"
"DELL","Dell Technologies Inc.","US","NYSE","Technology Hardware, Storage and Peripherals","19.2%","95.8%","5.3%","19.8%","$9,442.00","$301,195.80","$722.00","7.0%","-3.9%","10.7%","22.6%","3.4%","4.8%","$434.78","7.6%","240.2%","31.2%","0.0","0.4","$280,929.80","2.2%","11.3%","8.4%","1.4","1.1","101.2%","68.1%","19.6%","14.6%","56.8%"
"GEV","GE Vernova Inc.","US","NYSE","Electrical Equipment","20.6%","742.9%","27.9%","25.8%","$12,438.00","$249,438.90","","30.1%","","20.4%","3.1%","4.8%","1.9%","$966.01","-10.5%","42.2%","17.6%","0.0","-3.1","$257,280.90","2.1%","8.7%","6.6%","-2.3","","","20.9%","21.3%","5.3%",""
"KLAC","KLA Corporation","US","NasdaqGS","Semiconductors and Semiconductor Equipment","61.3%","20.4%","9.9%","12.4%","$3,767.13","$244,084.09","$310.17","27.7%","-1.5%","2.5%","1.5%","1.6%","2.3%","$185.86","-14.5%","45.8%","24.8%","0.0","1.1","$242,834.79","1.0%","9.0%","41.7%","0.2","1.4","57.1%","14.9%","21.6%","45.1%","42.9%"
"ANET","Arista Networks, Inc.","US","NYSE","Communications Equipment","63.0%","23.9%","28.0%","30.0%","$5,155.30","$218,406.73","$502.30","48.9%","0.6%","8.2%","7.2%","2.2%","2.2%","$183.75","5.3%","37.5%","33.9%","0.0","1.5","$231,750.03","0.3%","26.1%","43.1%","-2.9","1.4","58.5%","32.7%","20.2%","46.2%","51.4%"
"SNDK","Sandisk Corporation","US","NasdaqGS","Technology Hardware, Storage and Peripherals","71.5%","-751.6%","222.9%","554.2%","$11,494.00","$228,023.18","$232.00","56.8%","","75.0%","6.8%","4.9%","12.7%","$1,600.62","0.7%","481.5%","68.9%","0.0","0.1","$234,361.18","2.2%","49.3%","61.6%","-0.5","","","70.9%","539.7%","83.6%",""
"STX","Seagate Technology Holdings plc","SG","NasdaqGS","Technology Hardware, Storage and Peripherals","45.6%","105.3%","57.9%","73.7%","$3,105.00","$194,896.23","$213.00","25.5%","3.0%","16.6%","3.9%","1.6%","3.5%","$850.24","-4.7%","195.7%","43.5%","0.0","0.5","$192,702.23","0.1%","18.2%","34.7%","0.5","1.6","140.5%","75.8%","77.6%","70.4%","60.9%"
"APH","Amphenol Corporation","US","NYSE","Electronic Equipment, Instruments and Components","39.0%","59.3%","41.0%","70.4%","$4,713.70","$202,304.80","$157.10","16.2%","1.1%","12.0%","5.3%","2.5%","2.9%","$153.11","-3.0%","9.6%","34.3%","0.0","0.6","$188,782.10","0.2%","32.2%","28.1%","1.4","1.2","54.3%","37.4%","27.9%","22.9%","33.6%"
"TMUS","T-Mobile US, Inc.","US","NasdaqGS","Wireless Telecommunication Services","63.1%","-9.9%","6.3%","8.6%","$18,399.00","$311,991.55","$866.00","20.0%","-3.0%","31.1%","-0.7%","9.5%","9.1%","$181.22","-5.0%","-9.2%","5.7%","0.1","1.5","$194,389.55","6.4%","5.5%","22.1%","3.4","0.4","11.8%","24.1%","13.7%","7.6%","5.9%"
"MRVL","Marvell Technology, Inc.","US","NasdaqGS","Semiconductors and Semiconductor Equipment","51.5%","-609.8%","16.7%","41.9%","$1,665.40","$221,550.95","$656.30","19.1%","0.7%","1.1%","0.4%","0.8%","1.5%","$251.01","20.7%","180.8%","43.3%","0.0","2.0","$220,117.35","1.0%","14.6%","16.4%","0.5","1.9","61.6%","145.7%","38.2%","6.2%","32.8%"
"ADI","Analog Devices, Inc.","US","NasdaqGS","Semiconductors and Semiconductor Equipment","65.8%","114.3%","2.9%","46.2%","$4,937.50","$186,244.64","$350.10","35.6%","-1.1%","6.6%","2.4%","2.8%","4.0%","$370.24","-3.3%","35.3%","28.2%","0.0","0.7","$179,405.52","1.7%","2.6%","35.7%","1.0","1.0","29.9%","4.6%","29.9%","10.0%","18.9%"
"DIS","The Walt Disney Company","US","NYSE","Entertainment","37.6%","-24.1%","8.9%","4.5%","$8,293.00","$232,974.04","$1,519.00","8.4%","-1.9%","3.4%","-0.6%","4.5%","7.9%","$107.32","11.6%","-4.1%","6.0%","0.1","1.4","$185,308.04","4.5%","4.0%","15.6%","1.9","1.5","8.8%","57.8%","11.2%","5.9%","-9.0%"
"WDC","Western Digital Corporation","US","NasdaqGS","Technology Hardware, Storage and Peripherals","48.9%","372.4%","65.5%","70.9%","$3,511.00","$168,723.73","$204.00","27.2%","4.1%","10.5%","1.3%","2.1%","3.9%","$469.05","-14.5%","149.9%","42.5%","0.0","0.2","$169,111.73","1.7%","27.4%","35.8%","-0.1","1.9","149.0%","65.3%","72.1%","42.3%","58.6%"
"T","AT&T Inc.","US","NYSE","Diversified Telecommunication Services","59.7%","72.1%","2.0%","2.7%","$17,654.00","$338,518.50","","13.9%","-1.4%","3.4%","-0.8%","10.2%","10.0%","$25.15","13.0%","2.4%","2.5%","0.2","0.8","$172,337.50","4.6%","1.6%","21.8%","3.3","0.6","27.8%","36.5%","9.8%","6.3%","10.1%"
"TJX","The TJX Companies, Inc.","US","NYSE","Specialty Retail","31.5%","23.0%","10.4%","10.8%","$5,876.00","$163,733.87","$223.00","9.4%","-1.3%","3.1%","0.1%","3.8%","3.5%","$140.69","-9.0%","-8.8%","6.2%","0.0","2.5","$155,420.87","1.6%","6.8%","12.2%","0.9","0.8","17.7%","16.5%","9.5%","24.9%","15.0%"
"CRM","Salesforce, Inc.","US","NYSE","Software","77.6%","34.8%","11.9%","11.4%","$14,661.00","$198,958.17","$3,552.00","34.2%","-5.6%","24.9%","0.7%","8.7%","10.7%","$205.43","20.8%","-19.0%","10.3%","0.0","1.8","$168,247.17","21.9%","10.0%","21.9%","2.4","1.3","-0.6%","183.2%","9.2%","7.4%","-4.6%"
"BKNG","Booking Holdings Inc.","US","NasdaqGS","Hotels, Restaurants and Leisure","87.2%","56.1%","14.0%","13.4%","$9,539.00","$161,106.23","$601.00","33.8%","-5.6%","5.7%","2.3%","6.0%","7.2%","$209.87","17.0%","-1.4%","9.0%","0.0","1.6","$157,692.23","6.7%","13.4%","34.9%","0.3","1.3","19.8%","24.8%","16.1%","41.2%","19.7%"
"UBER","Uber Technologies, Inc.","US","NYSE","Ground Transportation","40.8%","-22.1%","26.1%","25.3%","$10,116.00","$166,270.10","$1,939.00","18.3%","-0.0%","-9.6%","-0.5%","6.3%","6.8%","$78.55","9.8%","-5.2%","13.3%","0.0","-0.6","$160,443.10","4.2%","16.4%","12.1%","0.6","1.2","20.7%","183.5%","32.4%","18.6%","13.9%"
"GLW","Corning Incorporated","US","NYSE","Electronic Equipment, Instruments and Components","36.4%","130.9%","12.6%","24.0%","$2,395.00","$137,899.26","$419.00","14.1%","0.3%","1.2%","2.3%","1.8%","1.4%","$151.45","-6.7%","67.0%","18.1%","0.1","2.3","$130,457.26","0.2%","8.4%","15.6%","1.7","1.1","71.8%","43.1%","26.4%","9.2%","33.7%"
"ISRG","Intuitive Surgical, Inc.","US","NasdaqGS","Health Care Equipment and Supplies","66.7%","21.6%","18.3%","20.8%","$3,222.60","$127,208.66","$826.20","29.2%","0.2%","18.7%","2.4%","2.4%","2.4%","$374.48","7.0%","-33.4%","14.7%","0.0","2.1","$132,295.56","2.7%","18.3%","31.3%","-1.2","1.7","9.3%","29.8%","14.9%","20.2%","1.4%"
"NEM","Newmont Corporation","US","NYSE","Metals and Mining","68.0%","42.3%","65.0%","52.9%","$9,733.00","$130,475.08","$99.00","37.8%","9.8%","33.5%","-3.0%","7.3%","8.6%","$127.64","38.0%","26.1%","13.1%","0.1","0.5","$134,129.08","3.3%","32.0%","55.2%","-0.2","0.4","52.8%","102.2%","28.2%","18.8%","20.7%"
"FTNT","Fortinet, Inc.","US","NasdaqGS","Software","80.2%","12.8%","16.6%","17.2%","$3,117.00","$107,128.48","$296.10","41.4%","-2.2%","9.0%","8.4%","2.8%","3.8%","$150.79","-4.6%","93.6%","15.1%","0.0","2.1","$110,636.68","2.6%","14.7%","32.4%","-1.4","1.1","37.2%","28.5%","9.5%","23.5%","19.7%"
"HWM","Howmet Aerospace Inc.","US","NYSE","Aerospace and Defense","36.0%","35.6%","24.6%","30.8%","$1,791.00","$113,229.01","$91.00","19.6%","-1.1%","8.7%","4.8%","1.6%","1.6%","$273.64","-1.9%","29.3%","17.8%","0.0","1.4","$109,128.01","1.0%","13.7%","27.3%","1.5","1.3","78.4%","54.5%","22.1%","20.1%","53.9%"
"ADP","Automatic Data Processing, Inc.","US","NasdaqGS","Professional Services","48.7%","9.6%","7.9%","7.3%","$5,244.60","$112,065.73","$242.60","23.9%","-1.2%","2.3%","0.6%","4.7%","7.9%","$279.21","13.4%","10.4%","5.8%","0.0","2.5","$110,919.73","1.9%","6.8%","26.5%","0.2","0.9","6.1%","10.0%","9.6%","8.7%","8.0%"
"ACN","Accenture plc","IE","NYSE","IT Services","32.0%","-0.5%","4.5%","6.6%","$12,581.69","$110,810.05","$2,084.07","17.2%","-1.0%","3.3%","-0.2%","11.3%","8.8%","$181.35","28.7%","-30.2%","4.8%","0.0","2.0","$110,975.70","3.9%","4.8%","15.8%","-0.1","1.3","-14.2%","3.7%","7.4%","18.8%","-9.8%"
"GD","General Dynamics Corporation","US","NYSE","Aerospace and Defense","15.4%","10.1%","8.6%","8.9%","$6,436.00","$109,442.89","$214.00","11.7%","-0.3%","1.3%","4.1%","6.2%","5.2%","$386.07","5.0%","12.4%","5.5%","0.0","2.3","$104,296.89","0.3%","10.3%","10.4%","0.8","0.4","22.2%","10.4%","8.0%","9.2%","16.7%"
"TT","Trane Technologies plc","IE","NYSE","Building Products","35.4%","4.7%","13.5%","4.5%","$3,546.50","$102,573.16","$90.80","16.0%","-1.2%","1.6%","2.5%","3.6%","3.1%","$451.10","-4.0%","13.3%","10.1%","0.0","2.0","$99,252.46","1.4%","9.7%","17.8%","0.8","1.2","32.9%","17.6%","13.6%","18.8%","19.9%"
"APP","AppLovin Corporation","US","NasdaqGS","Media","88.5%","85.0%","52.9%","64.6%","$4,527.59","$103,791.81","$282.38","66.3%","-1.3%","11.9%","-0.9%","4.4%","3.2%","$308.77","-28.0%","-50.1%","37.5%","0.0","0.4","$103,330.04","2.5%","33.3%","77.4%","0.1","2.5","99.3%","522.7%","38.2%","116.5%","34.5%"
"SPOT","Spotify Technology S.A.","SE","NYSE","Entertainment","32.8%","314.4%","23.8%","12.7%","$3,730.73","$102,155.38","$312.89","18.0%","1.8%","18.0%","-0.3%","3.4%","4.1%","$533.13","8.1%","-7.3%","13.9%","0.0","1.8","$109,603.11","1.0%","13.4%","14.6%","-2.4","1.7","59.1%","46.8%","23.4%","43.3%","19.2%"
"ADBE","Adobe Inc.","US","NasdaqGS","Software","89.4%","11.9%","11.7%","11.7%","$10,280.00","$109,658.45","$2,029.00","40.8%","-4.5%","3.2%","2.6%","9.5%","9.7%","$272.22","19.8%","-18.3%","10.3%","0.0","0.9","$108,207.45","8.5%","11.0%","36.7%","0.1","1.5","-19.4%","18.6%","12.3%","25.7%","-16.2%"
"PWR","Quanta Services, Inc.","US","NYSE","Construction and Engineering","15.5%","35.6%","24.2%","29.8%","$2,287.79","$105,798.69","$225.74","7.0%","1.2%","4.7%","11.2%","2.3%","1.9%","$662.47","3.6%","50.7%","26.3%","0.0","1.4","$99,597.99","0.2%","21.5%","6.1%","2.0","1.1","48.4%","30.7%","19.6%","8.2%","47.0%"
"CEG","Constellation Energy Corporation","US","NasdaqGS","Electric Utilities","22.1%","7.8%","46.6%","27.2%","$295.00","$121,045.57","","0.9%","3.3%","2.4%","-1.6%","0.3%","3.8%","$272.92","4.2%","-25.5%","19.4%","0.1","1.0","$96,697.57","2.0%","5.8%","15.0%","3.0","1.1","37.9%","63.7%","20.8%","4.5%",""
"FCX","Freeport-McMoRan Inc.","US","NYSE","Metals and Mining","38.3%","54.6%","6.2%","-1.5%","$1,762.00","$120,665.17","$150.00","6.8%","0.1%","21.9%","4.2%","1.7%","3.9%","$71.22","13.8%","37.1%","17.1%","0.2","0.5","$102,273.17","0.2%","5.7%","27.3%","0.7","1.5","24.1%","11.6%","44.7%","9.9%","17.4%"
"INTU","Intuit Inc.","US","NasdaqGS","Software","80.8%","33.6%","14.7%","15.8%","$7,755.00","$99,104.83","$2,039.00","37.1%","-0.8%","12.7%","0.3%","7.8%","6.4%","$361.87","24.8%","-42.5%","12.3%","0.0","1.2","$98,984.83","4.8%","14.1%","27.5%","0.0","1.3","-8.8%","27.4%","14.6%","14.6%","-7.4%"
"AEM","Agnico Eagle Mines Limited","CA","NYSE","Metals and Mining","74.5%","98.7%","46.6%","64.6%","$4,563.53","$104,212.04","$95.39","31.4%","0.8%","1.9%","-0.7%","4.3%","6.7%","$212.04","49.7%","24.4%","15.4%","0.2","0.4","$107,369.61","0.9%","33.8%","60.0%","-0.3","0.6","68.9%","31.7%","29.6%","18.8%","32.7%"
"MAR","Marriott International, Inc.","US","NasdaqGS","Hotels, Restaurants and Leisure","79.2%","8.9%","6.8%","9.6%","$2,782.00","$110,301.26","$249.00","37.7%","-4.4%","-1.5%","-1.7%","3.0%","3.2%","$356.60","-2.9%","13.8%","6.1%","0.1","2.2","$92,989.26","3.9%","7.3%","58.6%","3.6","1.2","22.4%","2.9%","14.1%","11.5%","22.7%"
"HCA","HCA Healthcare, Inc.","US","NYSE","Health Care Providers and Services","42.6%","25.9%","11.5%","11.7%","$5,997.00","$141,813.06","$375.00","7.7%","-7.3%","0.3%","2.5%","6.8%","7.1%","$406.27","8.9%","-13.6%","3.9%","0.1","2.9","$87,958.06","9.9%","8.0%","15.5%","3.2","1.4","14.8%","13.7%","8.4%","18.9%","11.2%"
"CMI","Cummins Inc.","US","NYSE","Machinery","25.8%","-8.0%","5.4%","2.2%","$3,367.00","$87,089.08","","9.7%","-0.9%","14.3%","1.3%","4.1%","3.3%","$593.24","-10.2%","13.6%","10.2%","0.0","1.2","$81,668.08","0.6%","2.5%","11.3%","0.9","1.1","39.4%","3.1%","15.2%","11.6%","23.0%"
"EPD","Enterprise Products Partners L.P.","US","NYSE","Oil, Gas and Consumable Fuels","13.3%","7.7%","5.7%","7.9%","$3,460.00","$117,621.71","","5.9%","-0.2%","-0.8%","29.0%","4.2%","7.2%","$38.43","1.1%","19.5%","10.9%","0.1","1.0","$82,988.71","0.5%","3.8%","12.9%","3.3","0.6","21.1%","5.3%","8.1%","11.1%","20.1%"
"MCO","Moody's Corporation","US","NYSE","Capital Markets","75.0%","34.0%","16.5%","15.0%","$2,967.00","$92,642.48","$232.00","36.4%","-1.9%","2.6%","4.9%","3.4%","3.6%","$498.77","1.8%","-0.0%","7.3%","0.0","2.3","$86,377.48","3.7%","13.9%","46.2%","1.5","1.5","16.3%","26.6%","11.5%","22.3%","6.6%"
"NOC","Northrop Grumman Corporation","US","NYSE","Aerospace and Defense","20.1%","16.0%","3.9%","9.9%","$3,646.00","$94,420.66","$128.00","8.5%","-2.1%","1.3%","0.7%","4.6%","3.5%","$563.86","10.1%","-3.7%","5.9%","0.0","1.8","$80,103.66","1.1%","4.2%","13.4%","2.0","0.0","11.0%","1.4%","7.1%","11.2%","11.0%"
"LITE","Lumentum Holdings Inc.","US","NasdaqGS","Communications Equipment","44.2%","-25,225.4%","25.7%","146.0%","$300.10","$77,804.22","$170.20","10.0%","10.5%","18.6%","1.9%","0.4%","1.9%","$879.28","5.0%","127.7%","76.3%","0.1","-0.1","$78,871.42","0.3%","19.5%","17.8%","-1.3","1.5","162.4%","263.8%","181.8%","13.2%","59.2%"
"RCL","Royal Caribbean Cruises Ltd.","US","NYSE","Hotels, Restaurants and Leisure","50.3%","20.4%","25.6%","11.8%","-$416.00","$99,791.57","$151.00","-2.2%","1.4%","0.1%","0.1%","-0.5%","3.2%","$287.62","-0.1%","1.5%","8.2%","0.4","1.3","$76,924.57","2.7%","15.9%","27.4%","3.3","1.9","43.9%","319.1%","12.8%","10.6%","29.8%"
"REGN","Regeneron Pharmaceuticals, Inc.","US","NasdaqGS","Biotechnology","44.5%","1.9%","0.5%","2.6%","$3,760.40","$67,427.83","$986.70","24.2%","-2.0%","6.4%","12.2%","4.6%","6.8%","$826.64","22.6%","6.5%","13.3%","0.1","1.0","$82,544.13","3.8%","7.0%","26.9%","-3.2","0.4","-0.7%","2.3%","10.5%","12.2%","4.4%"
"ROST","Ross Stores, Inc.","US","NasdaqGS","Specialty Retail","34.2%","31.2%","12.2%","25.2%","$2,790.19","$73,906.69","$198.49","11.4%","-2.0%","5.1%","1.6%","3.8%","3.4%","$228.99","-2.9%","25.3%","9.4%","0.0","1.5","$73,455.66","1.8%","8.5%","13.7%","0.1","1.0","25.6%","20.6%","10.9%","28.5%","14.2%"
"HPE","Hewlett Packard Enterprise Company","US","NYSE","Technology Hardware, Storage and Peripherals","33.8%","2.8%","9.2%","36.4%","$3,989.00","$86,110.12","$807.00","10.3%","0.8%","10.8%","9.4%","5.7%","3.9%","$52.89","13.2%","118.8%","21.0%","0.1","0.6","$70,037.12","0.6%","9.4%","6.0%","2.8","1.3","49.7%","10.8%","18.4%","5.8%","32.9%"
"MSI","Motorola Solutions, Inc.","US","NYSE","Communications Equipment","52.1%","2.2%","10.1%","11.6%","$2,677.00","$87,307.82","$357.00","21.9%","-0.3%","5.4%","4.4%","3.4%","3.9%","$473.63","16.6%","24.3%","9.0%","0.0","2.5","$78,382.82","1.3%","8.2%","26.2%","2.4","1.0","20.9%","13.0%","9.0%","17.8%","16.0%"
"AON","Aon plc","IE","NYSE","Insurance","48.2%","52.0%","12.0%","8.5%","$3,248.00","$89,542.30","$370.00","18.5%","1.5%","2.2%","-0.6%","4.4%","5.8%","$351.93","-1.9%","2.2%","5.2%","0.0","1.7","$74,653.30","2.3%","10.9%","28.5%","2.5","0.8","3.7%","12.3%","11.9%","7.7%","5.6%"
"BSX","Boston Scientific Corporation","US","NYSE","Health Care Equipment and Supplies","69.2%","46.9%","16.2%","14.4%","$3,625.00","$83,875.46","$320.00","17.3%","-0.3%","1.6%","1.4%","5.1%","4.1%","$49.37","14.3%","-47.9%","5.5%","0.0","2.5","$71,548.46","2.5%","16.1%","20.5%","2.1","0.7","-0.7%","60.3%","10.9%","10.4%","2.3%"
"SE","Sea Limited","SG","NYSE","Broadline Retail","44.3%","32.8%","28.5%","41.1%","$4,206.93","$66,973.64","$625.00","15.2%","2.6%","-5.5%","9.9%","5.9%","8.7%","$117.24","10.3%","-10.8%","28.6%","0.0","2.5","$71,807.69","0.7%","29.6%","8.2%","-1.9","1.6","44.7%","75.7%","25.6%","8.5%","-17.6%"
"ORLY","O'Reilly Automotive, Inc.","US","NasdaqGS","Specialty Retail","51.6%","12.9%","7.3%","9.0%","$2,156.26","$81,316.54","$33.82","11.6%","-3.6%","3.6%","0.6%","3.0%","2.6%","$89.08","1.3%","-1.4%","6.8%","0.1","2.7","$72,062.23","4.6%","6.9%","19.6%","2.2","0.6","12.2%","9.5%","9.7%","25.1%","17.3%"
"URI","United Rentals, Inc.","US","NYSE","Trading Companies and Distributors","38.5%","7.7%","5.0%","4.1%","$2,031.00","$83,444.71","$143.00","12.1%","-3.0%","8.6%","4.7%","3.0%","4.5%","$1,095.26","8.2%","29.6%","9.4%","0.2","1.5","$68,171.71","3.0%","8.5%","25.2%","3.3","1.7","35.5%","8.2%","13.1%","11.3%","26.5%"
"TER","Teradyne, Inc.","US","NasdaqGS","Semiconductors and Semiconductor Equipment","59.2%","152.5%","16.7%","58.2%","$799.93","$59,521.13","$73.93","17.9%","0.5%","20.9%","9.1%","1.3%","1.6%","$383.15","2.4%","84.6%","39.7%","0.1","0.4","$59,901.96","0.8%","16.0%","30.7%","-0.3","1.8","55.7%","29.1%","54.2%","34.8%","27.4%"
"CRH","CRH plc","IE","NYSE","Construction Materials","36.2%","18.7%","7.4%","7.0%","$2,766.00","$80,219.34","$150.00","7.2%","-2.3%","-1.8%","1.1%","4.5%","4.2%","$93.09","-6.3%","-26.4%","5.8%","0.1","0.9","$61,931.34","1.8%","4.5%","14.1%","2.2","1.2","20.3%","12.8%","8.3%","8.7%","14.4%"
"TEL","TE Connectivity plc","IE","NYSE","Electronic Equipment, Instruments and Components","36.1%","111.5%","10.9%","20.3%","$3,315.00","$62,784.98","$174.00","17.2%","-2.7%","1.1%","3.0%","5.7%","5.1%","$200.54","-4.1%","-14.0%","12.0%","0.1","0.6","$58,058.98","2.8%","5.7%","20.4%","0.9","1.2","17.8%","16.3%","20.0%","15.5%","7.6%"
"FIX","Comfort Systems USA, Inc.","US","NYSE","Construction and Engineering","25.7%","109.0%","50.8%","66.7%","$2,159.81","$57,244.48","$38.23","19.2%","-0.5%","54.4%","9.2%","3.7%","2.0%","$1,672.94","-5.6%","66.7%","30.3%","0.0","0.6","$58,780.97","0.2%","33.6%","16.5%","-0.8","1.6","112.1%","81.7%","34.7%","28.5%","86.6%"
"GWW","W.W. Grainger, Inc.","US","NYSE","Trading Companies and Distributors","39.4%","-0.6%","5.6%","8.2%","$1,510.00","$63,837.24","$68.00","8.0%","-2.0%","-0.2%","1.3%","2.5%","2.9%","$1,300.34","-4.3%","29.5%","8.3%","0.0","1.9","$61,247.24","1.7%","5.6%","15.7%","0.7","1.1","23.8%","4.1%","10.9%","32.4%","25.9%"
"KEYS","Keysight Technologies, Inc.","US","NYSE","Electronic Equipment, Instruments and Components","64.7%","132.1%","5.8%","30.2%","$1,469.00","$54,042.65","$214.00","22.3%","-1.5%","8.8%","5.6%","2.7%","2.3%","$316.51","-3.5%","53.2%","23.0%","0.0","1.0","$53,901.65","1.1%","5.6%","21.2%","0.1","1.2","34.7%","5.0%","20.1%","16.2%","13.1%"
"CIEN","Ciena Corporation","US","NYSE","Communications Equipment","43.0%","311.9%","11.7%","34.0%","$832.66","$55,734.33","$201.06","15.0%","-1.8%","15.5%","4.6%","1.5%","1.5%","$392.48","-4.0%","59.5%","29.6%","0.0","0.9","$55,556.69","0.9%","11.4%","11.2%","0.2","1.2","112.0%","31.0%","78.9%","14.9%","47.8%"
"GRMN","Garmin Ltd.","CH","NYSE","Household Durables","60.1%","19.7%","17.7%","15.7%","$1,599.84","$52,380.14","$172.52","20.9%","0.2%","13.1%","4.4%","2.8%","3.3%","$293.09","23.8%","44.8%","11.2%","0.0","1.7","$56,523.15","0.3%","16.0%","27.6%","-1.8","1.0","44.9%","23.3%","9.1%","23.9%","13.8%"
"AME","AMETEK, Inc.","US","NYSE","Electrical Equipment","36.9%","10.1%","8.4%","15.1%","$1,824.95","$56,627.28","$49.05","23.2%","-0.2%","3.4%","4.5%","3.3%","3.5%","$239.08","0.6%","14.3%","8.4%","0.0","2.9","$54,811.78","0.7%","7.0%","26.5%","0.7","1.0","16.4%","8.6%","8.3%","11.9%","12.8%"
"LHX","L3Harris Technologies, Inc.","US","NYSE","Aerospace and Defense","25.5%","10.6%","6.7%","6.2%","$2,808.00","$60,805.88","$338.00","12.2%","-0.5%","3.6%","1.0%","5.6%","5.8%","$270.44","-2.6%","-11.2%","7.4%","0.0","2.3","$50,359.88","1.7%","8.4%","12.9%","2.3","0.7","16.6%","33.1%","12.2%","6.4%","5.1%"
"NDAQ","Nasdaq, Inc.","US","NasdaqGS","Capital Markets","100.0%","31.9%","15.6%","14.2%","$1,951.00","$63,295.24","$171.00","34.8%","4.4%","2.8%","2.8%","3.6%","5.0%","$97.55","8.1%","0.9%","10.4%","0.1","1.5","$54,528.24","2.5%","15.6%","48.1%","2.6","1.0","25.2%","15.4%","12.7%","7.7%","10.5%"
"ADSK","Autodesk, Inc.","US","NasdaqGS","Software","92.4%","46.8%","14.0%","18.8%","$2,729.00","$52,416.68","$713.00","36.4%","-0.4%","7.8%","2.2%","5.1%","5.5%","$251.02","18.9%","-12.5%","12.2%","0.0","1.8","$53,001.68","3.1%","13.7%","27.2%","-0.3","1.5","7.5%","21.0%","16.3%","13.0%","-5.7%"
"WAB","Westinghouse Air Brake Technologies Corporation","US","NYSE","Machinery","35.7%","10.8%","16.1%","20.7%","$1,714.00","$55,680.33","$94.00","14.3%","-1.9%","7.6%","3.4%","3.5%","3.4%","$292.31","11.0%","35.2%","9.7%","0.0","1.9","$49,374.33","1.2%","10.1%","17.9%","2.4","1.0","38.6%","25.6%","16.3%","8.8%","28.0%"
"VST","Vistra Corp.","US","NYSE","Independent Power and Renewable Electricity Producers","38.3%","-7.9%","11.1%","-1.1%","$2,255.00","$69,194.15","$134.00","11.7%","-3.0%","-0.2%","-27.2%","4.8%","7.3%","$138.94","-14.4%","-15.9%","17.5%","0.1","0.3","$46,633.15","2.5%","4.9%","19.8%","3.0","1.4","68.4%","16.8%","53.4%","7.7%","53.3%"
"FLEX","Flex Ltd.","US","NasdaqGS","Electronic Equipment, Instruments and Components","9.5%","13.6%","12.5%","19.7%","$826.00","$43,842.54","$142.00","2.8%","-6.1%","10.5%","4.6%","2.0%","2.6%","$110.32","-13.4%","73.2%","26.9%","0.0","1.0","$40,752.54","1.7%","1.4%","5.4%","1.5","1.2","61.9%","14.4%","17.7%","10.3%","44.1%"
"EBAY","eBay Inc.","US","NasdaqGS","Broadline Retail","72.1%","7.3%","6.3%","14.2%","$2,428.00","$50,382.45","$644.00","20.2%","-5.8%","5.0%","3.9%","5.2%","6.7%","$104.61","-7.5%","20.2%","9.6%","0.1","2.0","$46,551.45","4.9%","6.5%","21.9%","1.2","1.3","36.8%","25.2%","10.0%","14.4%","9.3%"
"IDXX","IDEXX Laboratories, Inc.","US","NasdaqGS","Health Care Equipment and Supplies","62.4%","18.4%","10.5%","14.4%","$1,254.33","$43,902.61","$62.97","27.5%","-1.7%","4.8%","1.4%","2.9%","2.6%","$545.86","-1.2%","-18.5%","9.3%","0.0","2.9","$43,003.46","2.5%","9.0%","32.2%","0.6","1.7","4.2%","14.7%","12.0%","42.5%","-4.1%"
"PAYX","Paychex, Inc.","US","NasdaqGS","Professional Services","74.3%","6.8%","10.8%","20.0%","$2,321.80","$47,203.58","$96.10","35.7%","-0.5%","2.3%","-0.0%","5.3%","5.8%","$122.91","10.9%","13.2%","5.4%","0.0","2.9","$43,716.98","1.4%","9.2%","39.5%","1.2","0.9","4.1%","4.4%","8.8%","14.3%","4.5%"
"CMG","Chipotle Mexican Grill, Inc.","US","NYSE","Hotels, Restaurants and Leisure","39.4%","-4.5%","9.2%","5.2%","$1,568.99","$49,397.94","$98.91","12.6%","-2.8%","1.4%","0.5%","3.5%","3.3%","$35.29","5.9%","-5.9%","10.0%","0.1","-18.9","$44,656.60","6.4%","10.2%","15.3%","2.1","1.0","-1.8%","10.3%","7.9%","17.5%","-1.6%"
"MSCI","MSCI Inc.","US","NYSE","Capital Markets","83.0%","21.0%","12.7%","12.7%","$1,597.93","$47,539.63","$121.24","47.9%","-2.8%","2.1%","-0.4%","3.9%","3.6%","$568.75","1.6%","0.6%","10.4%","0.0","2.3","$41,348.13","6.5%","12.4%","55.7%","3.2","1.3","4.0%","17.0%","14.0%","29.7%","-0.6%"
"UAL","United Airlines Holdings, Inc.","US","NasdaqGS","Passenger Airlines","31.8%","7.1%","5.5%","-0.4%","$2,544.00","$53,290.25","","4.0%","-0.3%","10.0%","0.6%","7.0%","5.1%","$111.71","-5.1%","-1.2%","9.7%","0.1","-4.3","$36,259.25","0.2%","7.3%","7.0%","2.4","1.3","31.1%","10.1%","15.2%","4.3%","19.7%"
"NTAP","NetApp, Inc.","US","NasdaqGS","Technology Hardware, Storage and Peripherals","70.7%","12.0%","5.2%","6.2%","$1,869.00","$36,984.93","$382.00","27.0%","-2.6%","2.8%","4.1%","4.9%","7.3%","$192.81","16.3%","81.1%","7.3%","0.0","2.9","$37,835.93","2.6%","2.9%","24.5%","-0.5","1.4","38.8%","3.1%","8.5%","16.9%","21.8%"
"EXPE","Expedia Group, Inc.","US","NasdaqGS","Hotels, Restaurants and Leisure","90.4%","95.2%","10.3%","13.0%","$4,459.00","$38,731.67","$412.00","28.4%","-5.8%","12.2%","3.4%","11.5%","11.1%","$324.17","22.4%","14.6%","8.5%","0.0","0.7","$38,906.67","4.8%","8.6%","17.4%","-0.5","1.4","44.8%","42.2%","20.8%","7.8%","18.1%"
"SYY","Sysco Corporation","US","NYSE","Consumer Staples Distribution and Retail","18.5%","-1.9%","3.9%","4.5%","$1,938.00","$52,928.83","$118.00","2.3%","-1.8%","-0.4%","1.1%","4.9%","6.3%","$83.06","2.3%","14.4%","4.3%","0.0","2.2","$39,747.83","0.2%","3.5%","4.2%","2.9","0.6","8.3%","1.8%","5.7%","16.0%","4.1%"
"HIG","The Hartford Insurance Group, Inc.","US","NYSE","Insurance","37.9%","40.6%","13.3%","20.9%","$5,789.00","$41,734.97","","19.7%","-4.0%","-8.8%","0.4%","15.6%","","$137.12","-3.4%","0.0%","2.7%","0.0","-1.9","$37,141.97","4.7%","7.5%","18.0%","0.8","0.6","26.6%","35.5%","3.7%","5.2%","17.8%"
"EME","EMCOR Group, Inc.","US","NYSE","Construction and Engineering","19.4%","33.4%","26.3%","18.5%","$1,171.38","$34,356.35","$22.51","6.3%","-2.2%","15.8%","9.4%","3.4%","3.4%","$787.39","3.6%","23.3%","14.6%","0.0","0.9","$34,731.69","1.3%","16.7%","9.6%","-0.2","1.2","54.5%","47.3%","12.2%","21.2%","46.3%"
"TWLO","Twilio Inc.","US","NYSE","IT Services","48.6%","5,608.6%","11.7%","14.5%","$1,049.81","$32,178.84","$590.31","18.8%","-5.3%","8.2%","4.8%","3.1%","4.9%","$219.89","12.1%","58.9%","14.6%","0.0","1.4","$33,769.66","2.4%","11.2%","6.1%","-3.2","1.3","53.7%","3.1%","14.3%","30.6%","-8.8%"
"VMC","Vulcan Materials Company","US","NYSE","Construction Materials","27.5%","18.5%","8.9%","6.7%","$1,027.20","$39,844.88","$54.80","12.7%","-0.8%","22.3%","1.0%","2.9%","3.1%","$270.67","-2.0%","-7.5%","4.3%","0.1","2.2","$35,073.08","2.4%","2.3%","19.9%","2.0","1.1","9.2%","16.0%","15.9%","7.9%","8.8%"
"RDDT","Reddit, Inc.","US","NYSE","Interactive Media and Services","91.4%","269.5%","61.2%","67.3%","$1,018.65","$26,153.63","$337.98","36.7%","","16.5%","10.1%","3.5%","4.0%","$150.31","-19.1%","-37.9%","42.2%","0.0","0.3","$28,919.12","1.0%","57.0%","28.2%","-3.5","","","13.6%","36.3%","154.3%",""
"DXCM","DexCom, Inc.","US","NasdaqGS","Health Care Equipment and Supplies","62.5%","77.4%","14.9%","22.8%","$1,405.00","$33,496.89","$162.40","28.3%","-0.9%","4.5%","1.4%","4.1%","4.6%","$90.22","20.7%","35.6%","11.5%","0.1","1.3","$34,045.49","3.3%","15.8%","22.9%","-0.4","1.5","-4.8%","43.2%","19.7%","29.7%","-6.8%"
"GEHC","GE HealthCare Technologies Inc.","US","NasdaqGS","Health Care Equipment and Supplies","39.5%","-11.1%","3.7%","1.3%","$1,579.00","$42,156.88","$154.00","7.4%","-0.2%","-5.7%","0.7%","4.7%","5.5%","$74.06","19.4%","-10.6%","5.0%","0.0","2.3","$33,451.88","1.2%","3.8%","14.0%","2.4","1.2","2.6%","6.2%","8.6%","7.8%",""
"MLM","Martin Marietta Materials, Inc.","US","NYSE","Construction Materials","28.2%","125.1%","3.5%","6.7%","$810.00","$37,785.78","$50.00","12.1%","-0.9%","-7.2%","1.2%","2.6%","3.2%","$525.27","-4.0%","-17.2%","12.7%","0.1","-17.2","$31,550.78","0.7%","1.1%","21.5%","2.9","1.2","7.3%","38.7%","11.2%","6.0%","7.4%"
"RMD","ResMed Inc.","US","NYSE","Health Care Equipment and Supplies","61.6%","9.7%","13.4%","12.8%","$1,649.54","$32,309.68","$104.35","29.2%","-0.6%","3.2%","0.2%","5.0%","5.2%","$228.44","17.0%","-6.7%","4.7%","0.0","2.6","$32,953.00","2.0%","10.2%","34.0%","-0.3","0.9","12.4%","19.6%","12.8%","23.3%","-3.5%"
"TDY","Teledyne Technologies Incorporated","US","NYSE","Electronic Equipment, Instruments and Components","43.3%","13.9%","4.7%","9.3%","$1,142.10","$31,074.08","$38.90","17.9%","-0.5%","6.0%","5.3%","3.9%","4.3%","$633.95","-2.1%","22.2%","6.4%","0.0","2.9","$29,387.18","1.2%","4.5%","19.6%","1.1","1.0","16.2%","8.7%","8.7%","7.4%","6.9%"
"ATI","ATI Inc.","US","NYSE","Aerospace and Defense","23.6%","17.8%","13.0%","15.2%","$526.30","$30,020.07","$28.50","11.2%","1.9%","7.9%","3.5%","1.8%","2.5%","$209.22","6.1%","75.5%","10.8%","0.1","1.1","$28,489.57","1.3%","4.5%","16.0%","1.5","1.1","68.2%","2.0%","25.9%","15.0%","63.4%"
"WTW","Willis Towers Watson Public Limited Company","GB","NasdaqGS","Insurance","42.5%","1,127.7%","1.4%","1.5%","$1,689.00","$37,205.26","$194.00","16.7%","-4.0%","2.4%","2.4%","5.3%","6.6%","$341.15","18.1%","4.6%","6.6%","0.0","1.3","$31,683.26","5.6%","3.6%","23.7%","1.9","0.6","20.8%","17.9%","14.5%","7.3%","10.9%"
"CPRT","Copart, Inc.","US","NasdaqGS","Commercial Services and Supplies","47.5%","6.6%","9.2%","7.4%","$1,339.23","$27,693.69","$38.11","28.9%","-1.0%","-8.1%","3.5%","4.2%","4.4%","$34.33","26.4%","-9.1%","1.8%","0.1","-58.8","$31,783.11","5.1%","7.3%","37.8%","-2.1","1.1","-7.6%","10.4%","2.8%","29.7%","-0.3%"
"MTD","Mettler-Toledo International Inc.","CH","NYSE","Life Sciences Tools and Services","60.3%","12.5%","2.0%","7.5%","$863.97","$30,001.55","$22.83","20.9%","-2.9%","4.3%","0.1%","3.1%","3.5%","$1,393.23","7.3%","-1.3%","5.0%","0.0","2.9","$27,915.54","2.7%","1.5%","28.9%","1.6","1.4","6.0%","3.8%","9.5%","34.3%","-1.9%"
"XYL","Xylem Inc.","US","NYSE","Machinery","39.2%","9.5%","16.0%","8.5%","$958.00","$28,510.74","$53.00","10.5%","-1.0%","3.3%","-0.2%","3.6%","3.5%","$113.44","-3.0%","-17.3%","3.0%","0.0","2.4","$26,486.74","4.6%","14.6%","15.5%","0.9","1.2","5.6%","30.9%","9.4%","7.7%","-1.8%"
"DOV","Dover Corporation","US","NYSE","Machinery","40.1%","-49.9%","4.4%","8.7%","$1,171.68","$28,423.90","$40.86","13.9%","-1.3%","0.4%","-0.7%","4.4%","4.6%","$199.88","-5.5%","2.1%","6.0%","0.0","2.2","$26,919.88","2.2%","1.2%","18.0%","0.8","1.3","13.9%","4.8%","9.8%","11.7%","4.2%"
"NVT","nVent Electric plc","GB","NYSE","Electrical Equipment","36.5%","3.8%","17.1%","36.0%","$577.70","$26,351.58","$40.50","12.0%","-0.8%","0.3%","16.9%","2.3%","2.8%","$154.30","-3.8%","44.4%","28.1%","0.0","0.8","$24,974.68","0.2%","20.7%","16.9%","1.3","1.3","45.0%","10.2%","21.7%","10.4%","38.0%"
"CPAY","Corpay, Inc.","US","NYSE","Financial Services","80.5%","11.5%","12.9%","24.1%","$1,638.41","$34,970.31","$114.91","32.6%","-3.9%","1.7%","3.0%","6.1%","8.8%","$412.00","12.5%","37.1%","13.0%","0.0","0.9","$27,051.75","6.3%","11.5%","49.0%","2.7","0.8","16.9%","9.8%","18.0%","7.9%","9.6%"
"WRB","W. R. Berkley Corporation","US","NYSE","Insurance","43.8%","10.4%","9.8%","4.9%","$3,469.70","$27,390.28","$56.04","23.3%","-1.2%","14.1%","-0.4%","12.9%","","$69.18","-4.1%","-0.3%","3.3%","0.0","1.1","$26,883.79","2.4%","8.6%","16.9%","0.2","0.4","22.4%","17.0%","5.5%","5.2%","18.2%"
"HUBB","Hubbell Incorporated","US","NYSE","Electrical Equipment","35.3%","9.6%","8.5%","12.2%","$901.40","$29,991.63","$34.20","14.5%","-0.5%","0.2%","1.7%","3.6%","3.5%","$469.76","-2.1%","1.5%","13.7%","0.0","2.3","$24,818.63","0.8%","6.3%","20.6%","3.4","1.0","16.7%","13.1%","8.9%","12.6%","20.1%"
"CRS","Carpenter Technology Corporation","US","NYSE","Aerospace and Defense","30.6%","41.8%","41.5%","24.3%","$362.30","$24,572.30","$26.40","11.6%","0.5%","4.8%","-1.4%","1.5%","1.6%","$489.08","-17.0%","44.6%","10.9%","0.1","1.9","$24,238.10","0.9%","7.0%","22.3%","0.4","1.3","105.2%","109.8%","28.6%","19.9%","73.2%"
"CTSH","Cognizant Technology Solutions Corporation","US","NasdaqGS","IT Services","33.4%","-5.8%","1.9%","3.4%","$2,598.00","$28,484.06","$190.00","12.0%","-3.7%","5.0%","0.0%","9.5%","10.3%","$60.92","40.4%","-25.0%","5.0%","0.0","1.5","$27,441.06","8.6%","3.7%","16.3%","0.3","1.0","-2.2%","2.7%","7.9%","13.0%","-3.0%"
"SN","SharkNinja, Inc.","US","NYSE","Household Durables","48.9%","33.9%","29.3%","18.8%","$804.52","$25,487.25","$98.92","11.6%","0.5%","6.8%","6.8%","3.2%","4.4%","$179.98","21.8%","58.1%","15.1%","0.0","1.5","$25,354.06","0.6%","20.6%","13.9%","0.1","1.4","79.3%","44.6%","14.6%","24.1%",""
"DGX","Quest Diagnostics Incorporated","US","NYSE","Health Care Providers and Services","33.2%","12.8%","6.0%","9.7%","$1,349.00","$32,794.09","$88.00","11.7%","-0.6%","5.6%","2.4%","5.1%","5.5%","$241.30","16.7%","38.8%","6.7%","0.0","1.9","$26,633.09","1.8%","6.8%","14.6%","2.5","0.6","24.4%","11.0%","8.8%","8.9%","12.1%"
"CW","Curtiss-Wright Corporation","US","NYSE","Aerospace and Defense","37.7%","22.7%","11.1%","11.7%","$625.29","$24,615.69","$25.34","17.1%","-1.2%","2.8%","-0.3%","2.6%","2.2%","$648.28","-10.2%","13.3%","8.4%","0.0","2.9","$23,943.86","1.9%","10.3%","19.8%","0.8","0.9","47.3%","20.5%","12.7%","12.8%","41.1%"
"LH","Labcorp Holdings Inc.","US","NYSE","Health Care Providers and Services","28.9%","33.2%","7.1%","9.2%","$1,155.20","$33,688.49","$125.50","8.1%","-2.9%","3.2%","0.5%","4.3%","5.2%","$332.81","19.1%","32.2%","5.3%","0.0","2.4","$26,990.89","2.5%","6.5%","11.3%","2.9","1.0","16.8%","9.2%","8.3%","8.1%","1.8%"
"TPR","Tapestry, Inc.","US","NYSE","Textiles, Apparel and Luxury Goods","76.6%","786.6%","9.1%","15.9%","$1,812.50","$28,689.13","$104.50","22.6%","-4.3%","20.7%","0.2%","7.0%","4.7%","$129.82","-8.7%","0.6%","6.1%","0.0","1.5","$25,885.03","5.9%","6.3%","23.3%","1.4","1.7","60.4%","23.3%","19.0%","36.1%","28.5%"
"XPO","XPO, Inc.","US","NYSE","Ground Transportation","19.0%","17.3%","13.8%","15.3%","$588.00","$26,794.30","$76.00","6.9%","0.3%","15.3%","3.6%","2.6%","2.4%","$196.84","-8.3%","41.8%","8.0%","0.1","1.3","$23,047.30","1.3%","4.1%","9.9%","2.7","1.8","40.9%","67.8%","24.4%","9.1%","30.8%"
"WST","West Pharmaceutical Services, Inc.","US","NYSE","Life Sciences Tools and Services","36.8%","16.8%","3.8%","17.2%","$436.90","$24,777.53","$32.60","13.1%","-1.6%","27.1%","3.8%","1.8%","2.0%","$353.77","-1.5%","28.0%","8.0%","0.1","2.0","$24,896.83","1.7%","5.1%","22.0%","-0.1","1.2","-3.1%","4.4%","14.5%","18.3%","-4.3%"
"VLTO","Veralto Corporation","US","NYSE","Commercial Services and Supplies","60.2%","10.9%","6.5%","6.8%","$1,047.00","$25,722.69","$74.00","18.4%","","6.4%","1.3%","4.3%","4.7%","$99.46","10.3%","1.0%","6.3%","0.0","2.0","$24,247.69","1.7%","4.8%","22.8%","1.1","1.1","","3.1%","8.9%","21.3%",""
"MTZ","MasTec, Inc.","US","NYSE","Construction and Engineering","12.9%","88.0%","15.6%","26.4%","$244.80","$24,595.65","$37.44","1.5%","0.8%","6.4%","1.5%","1.1%","2.8%","$271.86","-22.6%","19.4%","23.2%","0.0","1.0","$21,552.83","0.2%","13.6%","5.3%","2.2","1.9","41.8%","228.8%","29.2%","8.6%","24.7%"
"RL","Ralph Lauren Corporation","US","NYSE","Textiles, Apparel and Luxury Goods","70.3%","26.8%","11.8%","16.7%","$1,043.20","$23,257.88","$114.60","12.5%","-3.0%","7.1%","5.0%","4.7%","4.4%","$372.52","-2.7%","2.8%","6.0%","0.0","1.7","$22,195.58","2.8%","9.0%","16.2%","0.7","1.5","50.2%","26.6%","20.8%","24.4%","28.4%"
"STE","STERIS plc","US","NYSE","Health Care Equipment and Supplies","44.4%","25.3%","10.4%","8.5%","$925.60","$24,561.38","$62.60","15.3%","-0.4%","-0.1%","-0.2%","4.0%","3.8%","$235.74","11.3%","-5.7%","6.9%","0.1","2.9","$22,984.68","1.4%","9.8%","19.0%","1.0","1.0","2.9%","89.8%","9.0%","8.8%","3.0%"
"ULTA","Ulta Beauty, Inc.","US","NasdaqGS","Specialty Retail","43.2%","4.3%","6.3%","12.5%","$1,130.58","$24,226.66","$36.50","8.9%","-4.8%","-0.4%","1.5%","5.1%","5.1%","$515.14","5.2%","-16.9%","6.1%","0.0","1.6","$22,145.51","4.8%","6.6%","12.4%","1.1","0.9","4.8%","2.8%","11.0%","23.6%","6.9%"
"WWD","Woodward, Inc.","US","NasdaqGS","Aerospace and Defense","29.6%","42.3%","25.8%","40.1%","$376.53","$21,114.48","$34.84","9.0%","-0.8%","8.6%","0.0%","1.9%","1.7%","$342.20","-15.8%","10.1%","15.0%","0.0","1.0","$20,205.48","2.7%","14.7%","16.3%","1.1","1.0","40.7%","39.4%","22.6%","13.7%","24.2%"
"BURL","Burlington Stores, Inc.","US","NYSE","Specialty Retail","43.9%","19.1%","12.9%","12.1%","$382.94","$25,851.91","$121.22","3.2%","-1.2%","2.9%","1.9%","1.8%","2.2%","$333.23","-6.1%","11.7%","10.0%","0.1","1.6","$20,727.15","1.2%","10.2%","7.5%","4.0","1.8","25.0%","37.1%","17.5%","8.5%","-0.5%"
"THC","Tenet Healthcare Corporation","US","NYSE","Health Care Providers and Services","41.7%","64.5%","7.3%","7.6%","$3,023.00","$37,069.48","$132.00","13.9%","-7.4%","15.6%","3.5%","13.8%","16.4%","$272.60","38.7%","36.7%","2.8%","0.0","0.4","$21,949.48","8.0%","3.1%","18.1%","2.3","1.4","56.1%","77.1%","2.1%","13.1%","30.2%"
"UTHR","United Therapeutics Corporation","US","NasdaqGS","Biotechnology","86.1%","9.0%","12.7%","-0.8%","$1,093.00","$18,542.65","$155.40","34.6%","-3.0%","6.4%","-2.7%","4.9%","3.8%","$521.00","-2.8%","4.9%","4.0%","0.2","-3.3","$22,346.05","9.9%","14.3%","44.5%","-2.5","0.9","31.1%","16.5%","10.5%","27.6%","20.3%"
"EFX","Equifax Inc.","US","NYSE","Professional Services","55.5%","11.1%","7.8%","9.8%","$1,105.00","$28,041.97","$92.30","17.1%","-1.4%","9.7%","0.2%","4.9%","4.5%","$192.41","11.2%","-10.1%","10.0%","0.1","2.8","$22,605.27","6.0%","8.4%","18.3%","2.8","1.6","0.9%","10.1%","16.0%","7.2%","-5.1%"
"FN","Fabrinet","KY","NYSE","Electronic Equipment, Instruments and Components","12.0%","42.3%","18.3%","34.6%","$4.22","$15,070.81","$34.63","0.1%","-0.3%","3.4%","3.2%","0.0%","2.1%","$444.87","-15.6%","-7.2%","25.5%","0.1","1.0","$15,941.86","0.2%","20.6%","10.0%","-1.6","1.0","56.2%","24.7%","28.1%","25.0%","35.1%"
"TOST","Toast, Inc.","US","NYSE","Financial Services","26.8%","110.8%","37.8%","30.6%","$576.00","$18,701.96","$231.00","8.5%","2.6%","12.9%","1.9%","2.8%","4.4%","$35.32","16.3%","3.8%","19.9%","0.0","1.2","$20,414.96","2.5%","27.0%","6.4%","-3.5","1.9","17.6%","2.8%","28.4%","33.9%",""
"BR","Broadridge Financial Solutions, Inc.","US","NYSE","Professional Services","31.8%","35.2%","10.0%","11.2%","$1,278.40","$23,469.59","$93.90","17.1%","-1.2%","16.8%","2.4%","6.3%","6.9%","$178.50","23.1%","-19.0%","5.0%","0.0","1.9","$20,352.89","2.9%","7.2%","17.4%","1.7","1.0","1.9%","21.9%","10.0%","12.9%","2.5%"
"CDE","Coeur Mining, Inc.","US","NYSE","Metals and Mining","56.6%","187.0%","160.6%","163.1%","$1,156.22","$21,360.59","$27.73","36.5%","42.8%","5.0%","-9.0%","5.3%","14.8%","$21.11","38.0%","20.3%","71.4%","0.1","0.3","$21,699.71","0.8%","61.2%","35.2%","-0.2","1.3","105.6%","72.1%","78.6%","10.1%","26.1%"
"SSNC","SS&C Technologies Holdings, Inc.","US","NasdaqGS","Professional Services","48.1%","9.7%","7.3%","7.3%","$1,751.60","$26,668.29","$268.50","26.7%","-1.8%","2.3%","2.0%","9.1%","9.8%","$82.12","20.9%","-4.2%","6.3%","0.0","1.6","$19,269.79","5.4%","6.8%","23.6%","3.5","1.2","15.9%","12.7%","10.5%","6.5%","2.8%"
"APG","APi Group Corporation","US","NYSE","Construction and Engineering","31.4%","-282.9%","13.3%","15.4%","$676.00","$21,111.48","$46.00","8.0%","6.9%","6.4%","2.3%","3.7%","3.8%","$41.93","7.3%","7.6%","10.6%","0.0","-4.3","$18,120.48","0.6%","7.3%","8.8%","2.8","1.7","31.6%","50.5%","13.4%","7.4%","22.4%"
"KSPI","Joint Stock Company Kaspi.kz","KZ","NasdaqGS","Consumer Finance","69.4%","-2.0%","29.4%","22.9%","$1,988.55","$19,040.05","","21.5%","0.0%","-8.7%","-3.4%","10.1%","15.5%","$103.70","16.4%","33.7%","17.7%","0.0","0.8","$19,705.83","0.5%","41.6%","54.0%","-0.2","-0.1","9.7%","14.5%","10.6%","20.2%","2.8%"
"PR","Permian Resources Corporation","US","NYSE","Oil, Gas and Consumable Fuels","75.8%","2.8%","29.6%","15.5%","$1,076.85","$23,011.63","$68.80","18.8%","37.6%","37.0%","11.2%","5.4%","12.5%","$23.87","13.8%","65.8%","13.9%","0.5","0.3","$19,992.49","0.1%","31.0%","37.8%","0.7","0.7","26.7%","2.7%","19.4%","9.3%","39.5%"
"STRL","Sterling Infrastructure, Inc.","US","NasdaqGS","Construction and Engineering","23.8%","50.6%","39.4%","72.5%","$482.00","$15,827.84","$27.54","14.0%","-0.2%","17.0%","14.2%","3.0%","2.3%","$520.53","-25.0%","63.1%","40.5%","0.0","0.4","$15,922.24","0.6%","22.6%","18.1%","-0.2","1.5","88.7%","52.9%","21.1%","22.2%","88.0%"
"CDW","CDW Corporation","US","NasdaqGS","Electronic Equipment, Instruments and Components","21.4%","3.5%","2.3%","6.4%","$860.20","$22,762.53","$89.80","3.7%","-2.3%","5.1%","5.9%","5.2%","6.6%","$133.54","2.9%","0.3%","5.9%","0.0","1.8","$16,694.83","5.1%","1.6%","7.3%","3.0","1.1","-11.5%","1.9%","6.4%","11.8%","-6.3%"
"ZTO","ZTO Express (Cayman) Inc.","CN","NYSE","Air Freight and Logistics","25.1%","21.1%","7.2%","6.9%","$1,449.09","$14,897.81","$33.76","18.2%","-2.0%","5.2%","-0.3%","8.9%","7.6%","$21.38","-10.9%","-0.4%","12.5%","0.1","0.6","$16,249.08","5.7%","13.0%","21.1%","-0.6","-0.2","-0.1%","8.4%","13.3%","12.3%","-1.9%"
"JLL","Jones Lang LaSalle Incorporated","US","NYSE","Real Estate Management and Development","51.2%","79.7%","9.6%","10.4%","$1,120.30","$20,580.06","$126.80","4.1%","-1.2%","18.3%","0.4%","6.3%","5.3%","$384.30","18.5%","14.4%","9.4%","0.0","0.6","$17,680.76","3.4%","10.1%","4.9%","1.6","1.4","33.4%","48.2%","15.6%","7.5%","9.9%"
"NDSN","Nordson Corporation","US","NasdaqGS","Machinery","55.4%","24.2%","5.5%","8.1%","$724.01","$20,266.37","$18.94","24.3%","-0.8%","-0.1%","4.9%","3.9%","4.3%","$334.70","15.4%","38.9%","6.9%","0.0","2.6","$18,648.80","1.0%","4.7%","27.2%","1.7","1.0","14.5%","4.4%","10.0%","12.3%","8.9%"
"CLH","Clean Harbors, Inc.","US","NYSE","Commercial Services and Supplies","32.3%","16.0%","6.5%","10.2%","$461.72","$19,727.24","$43.40","7.4%","-0.8%","8.6%","5.3%","2.7%","2.9%","$321.95","5.5%","32.3%","6.4%","0.1","1.2","$16,994.85","1.4%","5.3%","11.9%","2.3","1.0","23.2%","3.3%","12.5%","8.8%","26.1%"
"BALL","Ball Corporation","US","NYSE","Containers and Packaging","18.6%","84.3%","5.0%","6.8%","$827.00","$23,675.08","","5.8%","-5.6%","1.5%","8.5%","5.0%","5.7%","$62.61","0.1%","17.4%","8.7%","0.0","1.4","$16,573.08","2.5%","1.9%","10.0%","3.4","1.1","7.2%","11.6%","12.2%","7.6%","-6.8%"
"YUMC","Yum China Holdings, Inc.","CN","NYSE","Hotels, Restaurants and Leisure","20.3%","12.6%","6.4%","8.7%","$940.00","$18,335.35","$43.00","7.6%","-6.3%","1.9%","2.8%","5.6%","6.8%","$48.88","14.3%","1.5%","7.6%","0.1","1.0","$16,739.35","7.8%","6.3%","11.4%","0.5","0.1","-0.9%","15.6%","14.0%","11.0%","-2.7%"
"MEDP","Medpace Holdings, Inc.","US","NasdaqGS","Life Sciences Tools and Services","72.3%","26.8%","22.8%","31.6%","$706.69","$16,741.22","$21.21","25.4%","-3.0%","8.2%","2.7%","4.1%","3.6%","$612.64","15.2%","7.3%","9.4%","0.0","2.4","$17,099.80","1.5%","18.5%","21.0%","-0.6","1.4","35.6%","26.8%","10.2%","24.8%","27.9%"
"BWXT","BWX Technologies, Inc.","US","NYSE","Aerospace and Defense","22.1%","20.2%","11.3%","11.7%","$316.76","$15,744.74","$32.45","9.0%","0.1%","22.2%","-0.2%","2.2%","1.6%","$156.44","-9.5%","-14.0%","14.6%","0.1","2.2","$14,333.34","0.1%","14.7%","10.2%","3.0","0.9","31.0%","16.5%","13.5%","8.9%","24.0%"
"TIGO","Millicom International Cellular S.A.","LU","NasdaqGS","Wireless Telecommunication Services","76.5%","-28.7%","11.2%","29.6%","$1,466.00","$26,444.72","$7.00","20.2%","-0.8%","105.0%","2.1%","9.7%","6.9%","$90.47","-8.3%","60.0%","24.4%","0.1","0.9","$15,172.72","0.9%","9.4%","23.1%","3.6","0.9","91.6%","383.8%","13.2%","6.3%","30.0%"
"ULS","UL Solutions Inc.","US","NYSE","Professional Services","50.4%","53.2%","8.6%","11.0%","$436.00","$15,261.86","$61.00","13.9%","","18.0%","0.3%","2.9%","2.2%","$75.26","-12.0%","-7.0%","6.2%","0.1","1.8","$15,194.86","0.2%","7.0%","18.9%","0.1","","","18.7%","11.7%","18.6%",""
"LECO","Lincoln Electric Holdings, Inc.","US","NasdaqGS","Machinery","36.1%","12.3%","6.1%","8.0%","$542.40","$16,051.23","$22.53","12.1%","-1.7%","4.2%","4.3%","3.6%","4.1%","$276.88","11.2%","13.6%","8.6%","0.0","2.0","$15,091.55","1.5%","4.2%","17.5%","1.1","1.3","15.8%","6.9%","9.7%","20.6%","16.9%"
"TRU","TransUnion","US","NYSE","Professional Services","58.7%","90.1%","8.6%","11.4%","$787.90","$21,282.28","$151.70","16.1%","-0.3%","6.2%","2.0%","4.8%","6.7%","$85.11","12.1%","2.1%","10.4%","0.1","1.8","$16,307.08","2.6%","9.3%","18.8%","3.2","1.7","4.0%","47.5%","13.9%","7.3%","-5.9%"
"TXT","Textron Inc.","US","NYSE","Aerospace and Defense","17.6%","19.8%","8.6%","7.9%","$759.00","$17,285.54","","5.0%","-4.6%","1.5%","0.5%","5.2%","5.5%","$84.37","-6.8%","-3.1%","4.6%","0.0","2.7","$14,510.54","4.7%","5.1%","8.4%","1.7","1.0","3.8%","6.8%","9.4%","6.9%","3.5%"
"CSL","Carlisle Companies Incorporated","US","NYSE","Building Products","35.3%","-2.8%","3.6%","-2.7%","$866.60","$16,391.14","$33.20","17.0%","-7.3%","8.6%","6.3%","6.1%","5.5%","$357.55","11.2%","8.9%","4.9%","0.0","2.2","$14,166.54","7.4%","1.7%","19.9%","1.8","1.0","11.6%","7.6%","10.1%","15.3%","12.9%"
"MLI","Mueller Industries, Inc.","US","NYSE","Machinery","28.8%","22.2%","7.7%","16.1%","$666.37","$12,339.36","$28.67","14.3%","-0.9%","28.5%","12.8%","4.9%","5.0%","$61.96","-0.5%","6.1%","14.3%","0.0","0.5","$13,704.40","0.6%","8.1%","21.9%","-1.3","1.0","50.5%","10.5%","17.5%","33.0%","42.9%"
"RPM","RPM International Inc.","US","NYSE","Chemicals","41.4%","-3.5%","5.8%","6.8%","$675.20","$16,701.52","$32.85","8.6%","-0.3%","61.8%","2.5%","4.8%","6.1%","$110.31","8.6%","6.3%","4.6%","0.0","2.5","$14,091.16","0.6%","2.7%","12.5%","2.2","","4.8%","11.6%","5.2%","11.7%","7.6%"
"ALLE","Allegion plc","IE","NYSE","Building Products","44.8%","5.8%","8.3%","10.6%","$671.10","$15,653.85","$29.80","15.6%","-1.1%","-5.1%","2.8%","4.9%","5.4%","$161.72","17.8%","0.5%","6.7%","0.0","2.1","$13,752.15","1.0%","5.9%","21.1%","1.8","1.0","16.3%","9.2%","8.3%","18.9%","4.6%"
"DTM","DT Midstream, Inc.","US","NYSE","Oil, Gas and Consumable Fuels","75.3%","21.9%","13.0%","17.9%","$480.00","$16,603.97","$26.00","36.6%","1.7%","-6.2%","4.1%","3.6%","2.6%","$129.99","-8.4%","7.4%","6.9%","0.3","3.0","$13,260.97","0.1%","12.4%","49.7%","3.5","0.8","40.9%","6.3%","7.9%","4.9%","29.9%"
"GL","Globe Life Inc.","US","NYSE","Insurance","33.9%","20.2%","11.1%","9.6%","$1,232.38","$16,272.26","","19.9%","-6.8%","-1.4%","0.2%","9.4%","5.5%","$170.49","-7.5%","23.2%","6.6%","0.0","1.4","$13,102.06","5.4%","5.5%","26.6%","1.9","0.5","15.8%","19.1%","7.0%","4.3%","13.2%"
"MOG.A","Moog Inc.","US","NYSE","Aerospace and Defense","28.2%","76.0%","12.6%","18.3%","$350.23","$13,170.99","$19.95","8.1%","-0.2%","11.7%","3.5%","2.9%","2.2%","$381.52","-5.8%","52.7%","10.4%","0.0","1.0","$12,092.27","0.6%","10.3%","12.0%","1.7","1.0","50.1%","32.8%","15.6%","11.1%","39.3%"
"AVY","Avery Dennison Corporation","US","NYSE","Containers and Packaging","29.0%","2.4%","6.6%","7.4%","$1,063.10","$17,255.48","$25.40","11.5%","-2.0%","1.8%","7.3%","7.7%","6.4%","$182.68","17.3%","0.1%","4.3%","0.0","3.0","$13,844.98","3.0%","2.9%","12.9%","2.3","1.0","2.9%","9.6%","8.2%","12.4%","-1.8%"
"FIVE","Five Below, Inc.","US","NasdaqGS","Specialty Retail","36.8%","65.8%","18.5%","32.3%","$505.27","$13,952.29","$29.95","9.9%","-0.2%","7.6%","4.5%","3.9%","2.6%","$236.31","16.0%","22.2%","12.6%","0.0","0.8","$13,066.84","0.1%","17.1%","11.0%","1.2","1.2","7.0%","18.4%","16.6%","12.4%","0.8%"
"TYL","Tyler Technologies, Inc.","US","NYSE","Software","47.2%","8.6%","11.8%","13.0%","$714.27","$14,742.12","$156.14","29.4%","-0.9%","2.7%","-0.5%","5.0%","4.7%","$348.14","16.1%","-20.1%","9.7%","0.0","2.9","$14,257.12","6.5%","8.5%","15.5%","1.1","0.9","-2.5%","25.3%","12.1%","5.9%","-6.0%"
"WMG","Warner Music Group Corp.","US","NasdaqGS","Entertainment","45.8%","123.6%","5.9%","10.8%","$836.00","$18,709.27","$44.00","11.4%","0.5%","6.9%","3.0%","5.9%","4.8%","$27.10","-2.3%","-11.0%","7.6%","0.0","0.2","$14,176.27","0.6%","7.1%","17.2%","2.6","1.3","-3.5%","15.7%","20.2%","12.3%","-3.4%"
"NVMI","Nova Ltd.","IL","NasdaqGS","Semiconductors and Semiconductor Equipment","57.1%","9.2%","20.0%","15.6%","$189.75","$11,297.56","$27.73","20.2%","3.4%","0.7%","1.8%","1.6%","1.6%","$383.87","-15.3%","10.5%","24.3%","0.0","2.0","$12,200.53","0.1%","19.5%","29.1%","-3.0","1.8","46.9%","23.6%","20.4%","16.3%","32.1%"
"GGG","Graco Inc.","US","NYSE","Machinery","52.6%","12.8%","2.4%","5.4%","$629.46","$12,777.88","$33.31","27.8%","-1.4%","-11.1%","-2.9%","4.8%","3.5%","$81.71","11.7%","-1.1%","5.1%","0.0","2.2","$13,233.25","2.6%","1.2%","27.7%","-0.6","1.1","4.0%","2.8%","7.0%","21.4%","2.4%"
"SMTC","Semtech Corporation","US","NasdaqGS","Semiconductors and Semiconductor Equipment","52.4%","-75.7%","6.7%","14.8%","$173.22","$11,987.02","$77.33","15.9%","13.4%","2.0%","2.6%","1.5%","2.4%","$124.88","-9.4%","65.9%","26.9%","0.0","-6.0","$11,632.72","0.3%","11.3%","10.4%","2.3","2.0","70.2%","58.0%","30.5%","16.8%","13.9%"
"GNRC","Generac Holdings Inc.","US","NYSE","Electrical Equipment","39.5%","-27.8%","10.4%","-0.4%","$379.25","$13,338.99","$51.03","8.5%","-1.8%","35.5%","-0.4%","3.1%","2.8%","$206.75","-4.1%","46.5%","19.1%","0.0","0.9","$12,199.57","0.2%","3.3%","9.5%","1.8","1.8","21.2%","21.9%","30.4%","7.3%","-13.0%"
"HII","Huntington Ingalls Industries, Inc.","US","NYSE","Aerospace and Defense","12.4%","25.7%","4.3%","14.2%","-$85.00","$14,799.55","$52.00","-0.6%","-0.4%","5.0%","8.4%","-0.7%","3.9%","$301.40","12.1%","-13.8%","6.6%","0.0","0.9","$11,876.55","0.4%","6.6%","6.4%","2.5","0.4","13.4%","8.9%","15.0%","6.1%","10.3%"
"HTHT","H World Group Limited","CN","NasdaqGS","Hotels, Restaurants and Leisure","41.0%","31.6%","36.2%","22.0%","$1,183.05","$18,006.05","$64.51","30.2%","-1.2%","67.0%","5.0%","7.8%","6.7%","$49.54","23.9%","3.2%","6.5%","0.0","1.1","$15,234.73","2.1%","14.3%","28.8%","2.1","0.1","9.2%","61.8%","16.9%","9.0%","4.6%"
"WTS","Watts Water Technologies, Inc.","US","NYSE","Machinery","48.9%","23.1%","13.0%","18.0%","$349.40","$12,212.29","$25.20","13.1%","0.0%","12.0%","5.1%","2.8%","3.9%","$369.90","8.3%","32.8%","11.0%","0.0","1.5","$12,348.39","0.2%","10.3%","19.5%","-0.2","1.2","27.3%","12.7%","9.7%","20.0%","18.4%"
"CCK","Crown Holdings, Inc.","US","NYSE","Containers and Packaging","21.0%","46.7%","7.4%","3.7%","$1,199.00","$18,709.71","$45.00","9.0%","-3.5%","6.3%","8.7%","9.5%","7.7%","$117.15","-0.4%","12.4%","6.3%","0.0","2.1","$12,594.71","6.5%","2.4%","12.4%","2.7","0.8","11.6%","20.5%","6.5%","11.6%","2.7%"
"SEIC","SEI Investments Company","US","NasdaqGS","Capital Markets","78.4%","6.6%","9.4%","10.3%","$686.80","$12,907.92","$56.34","28.0%","-3.2%","9.3%","0.8%","5.3%","7.6%","$107.60","10.2%","29.6%","10.0%","0.0","1.8","$12,914.06","3.2%","9.1%","28.7%","-0.5","1.0","22.2%","24.2%","8.4%","25.6%","13.4%"
"EXEL","Exelixis, Inc.","US","NasdaqGS","Biotechnology","96.5%","53.4%","12.5%","9.1%","$1,172.46","$12,085.01","$112.60","48.1%","-8.0%","16.2%","-1.2%","8.8%","5.9%","$53.69","-4.3%","23.2%","11.2%","0.0","1.1","$13,303.40","8.7%","12.4%","40.7%","-1.2","0.4","35.9%","85.3%","13.4%","54.1%","23.4%"
"DECK","Deckers Outdoor Corporation","US","NYSE","Textiles, Apparel and Luxury Goods","57.8%","8.7%","19.4%","8.2%","$1,117.81","$10,970.86","$46.84","20.2%","-4.6%","20.4%","0.2%","9.2%","7.1%","$88.86","-14.0%","-16.8%","7.4%","0.0","1.7","$12,101.12","10.2%","14.4%","22.7%","-0.9","1.2","-1.7%","28.2%","7.7%","71.2%","4.2%"
"DY","Dycom Industries, Inc.","US","NYSE","Construction and Engineering","20.5%","32.8%","21.7%","33.4%","$440.28","$14,469.31","$35.94","7.0%","0.8%","14.0%","17.5%","3.7%","4.7%","$400.23","-5.4%","15.2%","23.6%","0.0","1.0","$12,019.49","0.6%","16.3%","8.0%","3.0","1.4","61.0%","21.6%","19.8%","10.6%","40.0%"
"EHC","Encompass Health Corporation","US","NYSE","Health Care Providers and Services","43.9%","19.9%","13.2%","13.3%","$413.40","$15,526.18","$58.00","6.7%","-0.5%","12.1%","1.7%","3.5%","3.6%","$120.91","7.9%","13.7%","8.6%","0.1","1.7","$11,928.18","2.3%","10.7%","18.0%","1.9","0.6","20.9%","25.3%","9.0%","14.1%","15.7%"
"GDDY","GoDaddy Inc.","US","NYSE","IT Services","63.8%","20.3%","7.4%","7.1%","$1,702.90","$15,074.44","$301.90","33.4%","-4.8%","3.7%","0.3%","13.7%","15.9%","$98.19","6.4%","-17.2%","5.6%","0.0","0.8","$12,435.54","12.9%","7.1%","25.2%","1.9","0.9","11.6%","48.3%","14.9%","11.2%","6.6%"
"DOCU","DocuSign, Inc.","US","NasdaqGS","Software","79.5%","-70.6%","7.9%","8.6%","$1,120.18","$11,261.18","$618.10","34.1%","-1.9%","6.4%","0.7%","9.4%","11.0%","$62.28","22.7%","-4.0%","8.1%","0.0","2.3","$11,892.03","10.2%","8.3%","10.6%","-1.6","1.0","9.1%","64.3%","14.5%","6.8%","-26.3%"
"GMED","Globus Medical, Inc.","US","NYSE","Health Care Equipment and Supplies","69.0%","51.9%","38.7%","23.1%","$755.59","$10,773.63","$48.96","24.0%","10.2%","11.0%","0.8%","6.6%","4.4%","$85.67","12.6%","-1.9%","7.4%","0.0","0.9","$11,502.22","1.0%","42.1%","23.2%","-0.7","1.1","15.6%","25.0%","11.5%","13.3%","2.0%"
"SANM","Sanmina Corporation","US","NasdaqGS","Electronic Equipment, Instruments and Components","9.0%","19.7%","15.7%","65.2%","$594.15","$11,001.78","$88.74","4.7%","-2.2%","31.8%","1.8%","5.8%","-5.4%","$190.72","-13.1%","19.7%","42.1%","0.0","0.3","$10,222.09","3.0%","11.9%","5.5%","0.7","1.0","52.1%","3.0%","46.8%","13.0%","38.6%"
"BSY","Bentley Systems, Incorporated","US","NasdaqGS","Software","81.8%","15.5%","12.9%","13.7%","$498.50","$12,413.27","$97.18","31.1%","-0.3%","3.6%","-0.3%","4.4%","5.3%","$36.40","16.4%","-4.6%","11.7%","0.0","2.7","$11,292.82","2.0%","11.2%","25.2%","2.4","1.2","-7.1%","22.3%","14.1%","8.4%","-10.3%"
"HALO","Halozyme Therapeutics, Inc.","US","NasdaqGS","Biotechnology","76.3%","-22.5%","34.5%","37.8%","$806.22","$13,991.94","$63.07","48.5%","-4.9%","-110.9%","19.6%","6.7%","14.0%","$106.12","35.0%","50.9%","21.2%","0.0","0.3","$12,044.41","2.9%","29.1%","56.8%","1.9","0.9","35.5%","25.7%","54.2%","37.4%","21.2%"
"CGNX","Cognex Corporation","US","NasdaqGS","Electronic Equipment, Instruments and Components","68.9%","44.8%","5.1%","19.1%","$268.30","$9,716.12","$49.43","24.6%","-0.8%","22.9%","-0.4%","2.7%","3.2%","$59.73","-5.0%","61.7%","12.2%","0.0","0.4","$10,048.01","0.2%","6.8%","21.9%","-1.2","1.5","9.6%","1.7%","22.8%","9.8%","-6.5%"
"RMBS","Rambus Inc.","US","NasdaqGS","Semiconductors and Semiconductor Equipment","80.4%","3.2%","18.3%","15.4%","$299.54","$9,191.59","$55.99","39.6%","-0.2%","-1.0%","4.6%","3.0%","1.9%","$92.15","-12.9%","-7.2%","18.3%","0.0","1.8","$9,994.74","0.6%","17.3%","35.9%","-2.5","1.5","19.8%","8.2%","21.6%","28.2%","31.1%"
"JKHY","Jack Henry & Associates, Inc.","US","NasdaqGS","Financial Services","43.9%","11.8%","9.2%","10.1%","$727.61","$11,845.08","$28.93","28.9%","-0.8%","17.1%","2.0%","6.8%","4.2%","$165.08","10.9%","-7.4%","6.2%","0.0","2.5","$11,729.06","2.6%","7.0%","25.3%","0.1","0.7","3.5%","11.6%","8.4%","18.2%","-0.1%"
"AYI","Acuity Inc.","US","NYSE","Electrical Equipment","48.7%","18.7%","9.0%","11.8%","$639.40","$10,551.55","$50.30","13.9%","-1.3%","3.5%","1.8%","6.3%","6.6%","$341.65","4.8%","-8.5%","6.0%","0.0","2.2","$10,159.15","2.7%","4.4%","12.6%","0.5","","29.1%","9.1%","8.7%","12.6%","13.5%"
"NYT","The New York Times Company","US","NYSE","Media","51.0%","24.3%","11.2%","14.1%","$623.02","$9,315.51","$78.29","21.1%","-0.6%","1.1%","1.4%","5.9%","4.3%","$65.30","-12.6%","-6.5%","8.5%","0.0","1.5","$10,531.82","2.2%","8.1%","16.3%","-2.2","1.2","16.7%","31.2%","13.1%","17.6%","6.5%"
"FORM","FormFactor, Inc.","US","NasdaqGS","Semiconductors and Semiconductor Equipment","46.2%","155.0%","20.1%","40.6%","$136.12","$8,723.62","$36.11","15.1%","0.2%","28.7%","7.6%","1.5%","-0.0%","$115.71","1.7%","95.5%","22.1%","0.0","0.6","$9,039.35","0.2%","10.4%","16.6%","-1.7","1.1","55.9%","149.4%","32.3%","15.1%","26.1%"
"FLS","Flowserve Corporation","US","NYSE","Machinery","35.1%","30.0%","11.9%","5.7%","$411.44","$11,582.69","$40.04","8.9%","-1.1%","6.2%","0.9%","4.1%","4.7%","$78.10","15.7%","10.4%","5.0%","0.0","2.1","$9,927.51","2.5%","5.3%","13.4%","2.2","1.3","29.5%","16.7%","13.1%","10.4%","17.7%"
"EAT","Brinker International, Inc.","US","NYSE","Hotels, Restaurants and Leisure","18.6%","30.6%","29.4%","10.2%","$557.50","$11,381.42","$32.20","9.6%","-1.9%","1.3%","0.1%","5.7%","7.3%","$233.10","20.9%","53.8%","5.3%","0.0","1.0","$9,735.42","4.6%","12.0%","10.8%","1.9","1.4","90.6%","68.3%","18.1%","19.6%","34.8%"
"R","Ryder System, Inc.","US","NYSE","Ground Transportation","19.8%","5.0%","3.0%","-0.2%","$1,150.00","$17,738.27","","9.0%","-5.6%","11.7%","1.7%","12.1%","9.2%","$247.85","-9.7%","27.6%","5.1%","0.1","1.5","$9,504.27","6.2%","2.3%","7.9%","3.0","1.0","39.7%","1.5%","16.1%","4.7%","29.7%"
"UHS","Universal Health Services, Inc.","US","NYSE","Health Care Providers and Services","44.6%","29.7%","14.5%","14.5%","$845.40","$15,453.16","$95.39","4.7%","-5.3%","2.9%","1.3%","8.3%","11.8%","$172.87","15.3%","-21.4%","6.0%","0.1","1.9","$10,188.36","10.4%","9.5%","11.4%","1.9","1.3","10.9%","36.6%","8.1%","12.1%","3.0%"
"PODD","Insulet Corporation","US","NasdaqGS","Health Care Equipment and Supplies","71.1%","59.4%","30.8%","31.1%","$293.70","$10,599.55","$77.90","9.6%","-0.2%","6.0%","1.8%","2.9%","4.0%","$146.87","-10.3%","-48.1%","17.6%","0.1","0.9","$10,186.05","3.2%","27.7%","16.9%","0.7","1.4","-9.3%","80.8%","27.4%","19.8%","-12.9%"
"PAYC","Paycom Software, Inc.","US","NYSE","Professional Services","88.1%","26.3%","11.5%","11.6%","$575.10","$10,825.16","$89.70","26.9%","-8.6%","0.1%","3.5%","5.7%","7.9%","$226.72","57.2%","48.8%","7.5%","0.1","0.8","$10,040.36","17.2%","11.2%","30.3%","1.1","0.8","-6.4%","19.8%","12.3%","11.4%","-13.8%"
"PRI","Primerica, Inc.","US","NYSE","Insurance","72.1%","23.1%","11.6%","11.5%","$842.16","$10,371.60","$24.67","24.2%","-4.9%","8.0%","-0.7%","9.2%","6.6%","$297.86","-3.8%","15.1%","5.9%","0.0","1.3","$9,167.34","5.3%","8.0%","31.7%","1.1","0.9","15.3%","22.8%","6.8%","6.4%","16.1%"
"OSK","Oshkosh Corporation","US","NYSE","Machinery","15.9%","-12.2%","7.4%","-10.2%","$1,123.60","$10,128.71","$40.30","10.6%","-1.9%","-2.2%","4.6%","11.9%","8.2%","$152.73","4.7%","15.5%","7.2%","0.0","-40.1","$9,429.51","3.7%","5.8%","7.6%","0.7","1.4","17.9%","12.3%","14.9%","7.6%","8.0%"
"FCFS","FirstCash Holdings, Inc.","US","NasdaqGS","Consumer Finance","57.9%","34.9%","10.8%","16.6%","$605.95","$11,461.41","$21.95","14.7%","-1.3%","12.4%","4.3%","6.8%","4.6%","$205.91","-2.6%","31.3%","14.4%","0.0","0.8","$8,930.69","2.1%","12.0%","16.1%","3.2","0.5","33.0%","20.6%","19.0%","10.4%","21.3%"
"SARO","StandardAero, Inc.","US","NYSE","Aerospace and Defense","15.0%","131.6%","17.6%","13.0%","$218.79","$10,736.49","$17.09","3.5%","","29.6%","0.4%","2.6%","3.3%","$25.23","-7.0%","-14.9%","7.9%","0.0","0.6","$8,349.10","1.2%","13.5%","9.5%","3.0","","","118.1%","19.5%","8.0%",""
"HQY","HealthEquity, Inc.","US","NasdaqGS","Health Care Providers and Services","70.7%","94.8%","21.3%","16.0%","$487.64","$9,436.51","$78.13","36.5%","-0.7%","5.8%","0.7%","5.6%","6.0%","$104.27","6.6%","14.5%","7.7%","0.0","2.2","$8,717.20","4.0%","14.1%","26.0%","1.4","0.2","14.3%","199.2%","15.6%","9.0%","10.4%"
"MTCH","Match Group, Inc.","US","NasdaqGS","Interactive Media and Services","74.9%","39.3%","5.4%","5.8%","$1,141.45","$12,346.81","$240.93","32.5%","-6.2%","3.7%","-0.4%","12.3%","12.3%","$40.35","4.1%","27.1%","1.9%","0.0","0.8","$9,262.38","8.0%","3.0%","31.3%","2.6","1.3","-1.8%","20.1%","11.1%","25.4%","-21.0%"
"LEVI","Levi Strauss & Co.","US","NYSE","Textiles, Apparel and Luxury Goods","61.7%","60.5%","5.5%","7.2%","$559.30","$9,488.18","$77.50","8.5%","-1.0%","13.6%","2.8%","6.8%","6.4%","$21.23","-13.0%","2.0%","6.2%","0.0","1.0","$8,170.38","4.4%","2.6%","11.4%","1.4","1.3","18.2%","14.3%","11.9%","13.4%","-2.2%"
"KNSL","Kinsale Capital Group, Inc.","US","NYSE","Insurance","31.1%","28.6%","39.5%","38.7%","$1,000.77","$8,696.02","$17.88","50.1%","-0.6%","9.3%","15.0%","11.5%","13.5%","$381.15","12.3%","-2.9%","2.8%","0.0","1.9","$8,682.00","2.7%","24.7%","36.3%","0.0","1.0","1.1%","35.7%","6.0%","9.5%","16.0%"
"ZWS","Zurn Elkay Water Solutions Corporation","US","NYSE","Building Products","49.0%","61.4%","15.2%","19.3%","$378.50","$8,282.99","$42.00","21.2%","-1.4%","13.0%","1.6%","4.7%","4.2%","$48.82","3.5%","4.2%","7.8%","0.0","1.5","$8,097.49","1.7%","5.2%","21.3%","0.4","0.8","20.4%","77.1%","12.4%","13.1%","12.1%"
"ATR","AptarGroup, Inc.","US","NYSE","Containers and Packaging","36.1%","-4.1%","6.0%","2.5%","$310.39","$9,714.20","$40.81","7.9%","-1.1%","1.7%","1.5%","3.7%","5.1%","$132.96","3.5%","8.5%","4.7%","0.1","-6.2","$8,453.75","4.0%","5.1%","12.5%","1.5","0.5","3.7%","13.7%","5.3%","9.7%","1.3%"
"EDU","New Oriental Education & Technology Group Inc.","CN","NYSE","Diversified Consumer Services","54.6%","30.7%","24.9%","13.8%","$1,027.08","$4,812.64","$59.93","18.1%","-2.2%","12.6%","4.4%","11.8%","7.9%","$54.91","12.8%","-5.0%","14.3%","0.0","0.8","$8,738.69","5.7%","23.6%","11.4%","-5.4","0.3","2.4%","44.2%","16.0%","8.4%","27.3%"
"ACM","AECOM","US","NYSE","Construction and Engineering","5.7%","-52.0%","-1.4%","-25.9%","$203.45","$10,892.23","$41.86","1.3%","-2.5%","10.9%","-17.8%","2.4%","5.0%","$65.18","-5.5%","-32.4%","2.3%","0.0","-0.9","$8,377.12","7.7%","3.3%","4.7%","2.5","1.1","-8.1%","31.5%","12.2%","8.0%","0.7%"
"AGX","Argan, Inc.","US","NYSE","Construction and Engineering","20.7%","59.4%","40.2%","36.4%","$486.89","$6,278.08","$8.72","46.7%","1.5%","75.5%","13.6%","6.7%","1.2%","$516.58","-14.6%","58.5%","30.2%","0.0","1.8","$7,242.06","0.4%","31.5%","14.9%","-6.1","0.6","136.1%","78.4%","23.8%","25.6%","65.7%"
"SSD","Simpson Manufacturing Co., Inc.","US","NYSE","Building Products","45.8%","16.1%","3.6%","6.3%","$468.37","$7,696.18","$25.82","19.3%","-1.3%","16.3%","1.9%","6.1%","5.2%","$187.88","1.3%","14.1%","3.9%","0.0","1.5","$7,700.20","2.1%","3.9%","19.8%","-0.0","1.4","7.9%","4.6%","11.2%","15.1%","11.6%"
"HXL","Hexcel Corporation","US","NYSE","Aerospace and Defense","25.0%","84.3%","5.6%","12.5%","$255.60","$8,013.82","$16.50","12.9%","-3.6%","35.6%","0.1%","3.6%","3.1%","$94.11","-13.2%","22.4%","11.1%","0.0","1.3","$7,116.92","4.8%","5.1%","13.5%","2.3","1.1","10.8%","4.2%","34.4%","9.3%","11.8%"
"MORN","Morningstar, Inc.","US","NasdaqGS","Capital Markets","62.2%","11.7%","13.2%","11.7%","$497.50","$9,539.83","$67.00","19.4%","-4.2%","19.5%","2.1%","6.1%","6.9%","$217.49","31.3%","3.4%","7.0%","0.1","0.8","$8,158.83","12.0%","10.0%","22.7%","2.0","1.1","1.1%","170.3%","14.7%","12.8%","-3.1%"
"AWI","Armstrong World Industries, Inc.","US","NYSE","Building Products","40.3%","8.1%","13.7%","7.8%","$246.70","$8,028.83","$21.90","14.6%","-1.9%","-6.4%","2.2%","3.3%","5.1%","$178.11","17.8%","-9.5%","8.6%","0.1","1.8","$7,527.43","3.2%","10.3%","19.4%","1.1","1.3","35.5%","15.8%","12.5%","14.8%","12.1%"
"FSS","Federal Signal Corporation","US","NYSE","Machinery","29.2%","29.3%","22.1%","24.5%","$339.20","$7,869.47","$15.00","13.9%","0.0%","33.4%","0.7%","4.6%","4.8%","$121.99","5.3%","9.5%","13.1%","0.0","1.1","$7,446.47","0.2%","16.1%","16.7%","0.8","1.3","27.6%","28.5%","13.1%","16.6%","26.1%"
"FAF","First American Financial Corporation","US","NYSE","Insurance","64.0%","297.4%","9.4%","28.1%","$832.30","$7,537.58","$61.00","10.4%","-0.3%","26.3%","4.4%","11.3%","9.9%","$71.99","0.5%","17.9%","6.9%","0.0","0.6","$7,350.18","1.2%","6.5%","14.4%","0.1","1.3","10.5%","46.6%","9.6%","4.1%","4.3%"
"KEX","Kirby Corporation","US","NYSE","Marine Transportation","33.2%","23.5%","11.8%","10.6%","$477.03","$8,541.37","$18.85","13.7%","-3.9%","3.2%","5.8%","6.5%","5.2%","$139.22","-6.4%","24.4%","7.2%","0.1","1.8","$7,350.82","4.5%","5.1%","14.5%","1.5","0.9","20.1%","30.9%","13.3%","6.8%","21.0%"
"MSA","MSA Safety Incorporated","US","NYSE","Commercial Services and Supplies","47.6%","14.7%","6.7%","8.2%","$354.30","$7,716.71","$18.82","18.2%","-0.6%","5.3%","1.4%","4.9%","5.3%","$188.44","11.2%","16.1%","10.2%","0.0","1.5","$7,269.69","1.7%","5.2%","23.4%","0.9","1.0","3.7%","188.2%","9.3%","15.7%","4.7%"
"VCTR","Victory Capital Holdings, Inc.","US","NasdaqGS","Capital Markets","57.3%","36.9%","26.4%","51.1%","$563.60","$7,897.72","$70.09","36.2%","-2.2%","7.5%","12.8%","8.1%","","$113.08","15.5%","76.4%","15.2%","0.0","0.8","$6,955.50","5.9%","24.2%","46.2%","1.2","1.1","55.0%","18.5%","8.4%","13.8%","30.6%"
"APPF","AppFolio, Inc.","US","NasdaqGM","Software","63.5%","-20.9%","27.7%","19.9%","$270.02","$7,565.10","$74.58","25.9%","-0.2%","9.2%","1.4%","3.5%","4.8%","$218.85","30.4%","-5.0%","17.8%","0.0","1.6","$7,751.01","2.1%","25.0%","17.5%","-1.0","0.8","5.7%","25.7%","24.7%","39.9%","11.7%"
"PLXS","Plexus Corp.","US","NasdaqGS","Electronic Equipment, Instruments and Components","10.0%","15.4%","4.5%","12.7%","$61.87","$6,440.32","$44.62","1.3%","-1.0%","8.8%","6.0%","1.0%","1.0%","$241.91","-7.2%","58.9%","17.5%","0.0","2.1","$6,447.41","1.7%","2.2%","5.0%","-0.0","0.8","35.4%","8.6%","8.1%","9.4%","22.3%"
"BIRK","Birkenstock Holding plc","GB","NYSE","Textiles, Apparel and Luxury Goods","57.5%","11.9%","13.7%","8.3%","$334.64","$7,563.07","","12.9%","","3.4%","0.8%","5.4%","7.4%","$34.55","-18.2%","-17.3%","12.9%","0.0","2.9","$6,146.02","4.3%","16.3%","25.0%","1.9","1.1","","27.7%","15.0%","9.0%",""
"CHE","Chemed Corporation","US","NYSE","Health Care Providers and Services","33.1%","2.2%","4.8%","1.7%","$323.61","$7,216.09","$39.10","12.5%","-4.6%","6.6%","1.2%","4.6%","6.4%","$534.88","6.2%","26.2%","6.7%","0.0","1.5","$6,961.52","9.2%","5.9%","13.7%","0.6","0.5","2.4%","9.9%","11.7%","19.5%","3.2%"
"ROAD","Construction Partners, Inc.","US","NasdaqGS","Construction and Engineering","15.8%","85.7%","47.6%","50.7%","$175.56","$8,221.20","$40.24","5.0%","2.5%","53.4%","5.3%","2.7%","3.4%","$113.19","9.7%","0.9%","20.6%","0.1","1.1","$6,424.16","0.5%","32.9%","9.5%","3.5","0.9","49.4%","61.9%","28.3%","8.9%","28.0%"
"URBN","Urban Outfitters, Inc.","US","NasdaqGS","Specialty Retail","36.1%","9.0%","15.4%","13.8%","$150.39","$6,800.12","$30.78","2.4%","-2.6%","13.3%","1.4%","2.4%","4.9%","$72.65","-1.5%","-3.6%","7.7%","0.1","1.0","$6,221.39","5.2%","9.2%","9.8%","0.8","1.2","26.8%","39.1%","9.1%","13.7%","13.5%"
"HRB","H&R Block, Inc.","US","NYSE","Diversified Consumer Services","44.3%","29.0%","4.1%","4.4%","$756.08","$7,681.67","$30.48","19.2%","-5.7%","-2.8%","2.4%","11.6%","","$53.04","31.2%","24.5%","4.5%","0.0","0.6","$6,538.02","7.8%","4.4%","23.0%","1.1","0.3","13.8%","17.3%","9.4%","26.1%","19.8%"
"LNTH","Lantheus Holdings, Inc.","US","NasdaqGM","Health Care Equipment and Supplies","60.1%","10.1%","9.3%","-3.4%","$387.83","$6,574.56","$78.09","24.9%","-1.6%","42.9%","6.9%","5.9%","6.4%","$100.24","-7.1%","49.0%","3.4%","0.0","-3.1","$6,542.90","3.1%","11.4%","19.5%","0.1","-0.1","14.2%","104.9%","1.7%","17.1%","31.2%"
"WEX","WEX Inc.","US","NYSE","Financial Services","73.2%","26.7%","4.1%","9.3%","$108.50","$5,998.65","$119.90","3.9%","-7.4%","1.3%","1.8%","1.6%","10.0%","$197.85","22.9%","33.3%","4.9%","0.1","0.8","$6,743.05","0.9%","4.2%","25.8%","-0.8","1.0","2.9%","28.4%","12.3%","4.0%","2.1%"
"TAL","TAL Education Group","CN","NYSE","Diversified Consumer Services","56.0%","864.4%","45.2%","37.4%","$638.73","$3,891.97","$43.09","20.0%","-4.6%","186.4%","5.2%","10.0%","8.6%","$11.47","11.1%","-0.2%","21.3%","0.0","0.2","$6,361.85","10.1%","43.9%","12.5%","-5.1","0.1","20.5%","95.1%","2.3%","8.6%","19.1%"
"IBP","Installed Building Products, Inc.","US","NYSE","Household Durables","33.6%","3.4%","4.2%","0.5%","$291.70","$7,264.16","$22.20","9.8%","-2.2%","18.0%","4.6%","4.5%","4.0%","$244.61","10.1%","-8.5%","2.3%","0.0","-3.0","$6,461.46","3.2%","2.4%","12.5%","1.7","1.9","21.3%","3.1%","2.7%","17.9%","16.9%"
"CROX","Crocs, Inc.","US","NasdaqGS","Textiles, Apparel and Luxury Goods","57.5%","180.5%","4.0%","-5.1%","$704.62","$7,420.49","$41.52","17.4%","-8.0%","19.7%","2.7%","11.9%","12.9%","$123.09","-9.0%","41.6%","2.0%","0.0","0.9","$5,901.56","11.0%","1.4%","20.8%","1.6","1.5","7.9%","2.7%","6.5%","17.5%","-2.9%"
"ESNT","Essent Group Ltd.","BM","NYSE","Financial Services","76.0%","4.3%","2.2%","-3.5%","$825.89","$6,580.88","$18.59","62.4%","-5.6%","-7.8%","6.6%","13.4%","","$68.53","4.7%","6.0%","5.6%","0.0","1.0","$6,159.24","9.9%","9.5%","64.5%","0.5","0.9","13.4%","4.7%","6.0%","11.2%","10.2%"
"LEA","Lear Corporation","US","NYSE","Automobile Components","7.7%","24.5%","1.3%","4.1%","$849.40","$8,738.31","$66.20","3.6%","-5.7%","21.8%","1.0%","13.7%","10.2%","$125.43","-12.2%","5.7%","1.9%","0.0","0.7","$6,186.81","7.3%","1.8%","4.6%","1.4","1.3","-1.4%","6.8%","14.8%","10.4%","-2.3%"
"AROC","Archrock, Inc.","US","NYSE","Energy Equipment and Services","67.3%","40.1%","29.3%","19.7%","$291.33","$8,015.13","$24.19","19.4%","3.9%","69.3%","-6.0%","5.1%","4.7%","$32.28","-15.1%","21.2%","4.9%","0.3","-4.0","$5,659.92","1.0%","18.2%","38.3%","2.8","0.9","41.4%","64.2%","9.8%","10.3%","40.0%"
"CRUS","Cirrus Logic, Inc.","US","NasdaqGS","Semiconductors and Semiconductor Equipment","52.8%","28.0%","5.8%","6.0%","$572.10","$4,821.89","$81.59","27.9%","-2.9%","21.9%","-0.1%","9.8%","6.1%","$116.90","-16.2%","-2.3%","3.6%","0.0","-1.6","$5,858.74","4.2%","4.0%","23.0%","-2.0","1.1","13.9%","45.1%","9.8%","26.1%","7.6%"
"FTDR","Frontdoor, Inc.","US","NasdaqGS","Diversified Consumer Services","55.5%","12.2%","14.4%","10.2%","$386.00","$6,202.12","$38.00","18.0%","-5.0%","74.1%","0.2%","6.8%","8.9%","$81.94","11.9%","43.7%","5.6%","0.0","1.4","$5,645.12","5.3%","7.8%","20.1%","1.1","1.3","36.2%","34.2%","10.1%","18.4%","14.5%"
"VAL","Valaris Limited","BM","NYSE","Energy Equipment and Services","24.8%","248.1%","24.4%","-31.7%","-$24.10","$6,801.19","$29.20","-1.1%","-2.1%","-25.5%","8.8%","-0.4%","-0.6%","$89.00","14.0%","70.7%","2.7%","0.2","-0.2","$6,179.79","1.7%","7.6%","12.2%","1.5","1.2","6.2%","103.4%","26.1%","17.4%","28.6%"
"LGND","Ligand Pharmaceuticals Incorporated","US","NasdaqGM","Pharmaceuticals","81.2%","-330.0%","30.2%","118.9%","$131.44","$5,502.99","$53.27","45.2%","4.7%","34.9%","4.8%","2.3%","3.0%","$287.39","-5.9%","51.2%","19.1%","0.0","-2.1","$5,729.29","0.8%","17.3%","34.5%","-1.7","0.9","63.1%","80.6%","18.7%","11.3%","19.9%"
"AMRX","Amneal Pharmaceuticals, Inc.","US","NasdaqGS","Pharmaceuticals","39.8%","4,332.0%","14.8%","16.2%","$83.11","$8,460.74","$35.63","2.7%","27.5%","14.1%","3.3%","1.5%","8.9%","$17.90","-1.1%","41.4%","6.3%","0.0","1.8","$5,716.44","0.8%","10.5%","15.9%","3.9","1.4","67.5%","229.4%","19.4%","17.8%","29.8%"
"MKTX","MarketAxess Holdings Inc.","US","NasdaqGS","Capital Markets","61.7%","42.4%","3.4%","2.8%","$194.30","$5,544.77","$33.40","22.3%","-2.2%","2.4%","0.8%","3.4%","6.4%","$161.90","44.9%","-9.3%","6.3%","0.0","2.3","$5,697.73","6.4%","5.9%","41.1%","-0.4","1.0","-12.2%","8.1%","11.0%","18.0%","-18.4%"
"BCPC","Balchem Corporation","US","NasdaqGS","Chemicals","36.3%","16.5%","11.1%","11.7%","$171.36","$5,829.79","$19.69","15.8%","-0.4%","1.9%","5.8%","3.0%","3.6%","$179.63","11.5%","16.6%","7.4%","0.0","2.6","$5,726.25","1.8%","4.9%","20.4%","0.4","1.0","10.5%","18.3%","8.6%","11.6%","6.3%"
"G","Genpact Limited","BM","NYSE","Professional Services","36.5%","11.6%","7.3%","9.0%","$572.11","$7,099.43","$96.41","10.9%","-2.5%","3.8%","0.8%","9.2%","12.1%","$36.93","22.4%","-19.6%","7.1%","0.0","0.9","$6,205.51","4.8%","6.0%","15.0%","1.0","0.8","2.3%","15.5%","10.3%","14.5%","-5.2%"
"CSW","CSW Industrials, Inc.","US","NYSE","Building Products","42.5%","-13.0%","15.4%","23.9%","$144.28","$6,154.17","$14.98","12.3%","1.6%","-24.3%","2.3%","2.7%","4.5%","$322.62","16.6%","9.4%","11.2%","0.0","2.1","$5,256.60","3.0%","15.4%","18.2%","3.1","0.8","21.6%","5.0%","18.0%","9.5%","19.7%"
"RELY","Remitly Global, Inc.","US","NasdaqGS","Financial Services","61.5%","2,119.9%","38.0%","27.9%","$388.00","$4,592.58","$143.28","21.4%","5.3%","147.6%","1.9%","7.4%","5.8%","$24.71","3.7%","86.9%","20.5%","0.0","0.2","$5,230.71","1.8%","31.4%","10.3%","-3.2","0.1","0.4%","34.5%","20.6%","53.2%",""
"GVA","Granite Construction Incorporated","US","NYSE","Construction and Engineering","15.6%","-221.2%","30.8%","22.0%","$471.91","$6,098.10","$48.38","9.5%","-0.1%","1.8%","3.1%","8.8%","6.5%","$122.97","-1.5%","3.6%","15.5%","0.0","-2.0","$5,381.72","1.0%","15.1%","6.0%","1.4","1.3","45.9%","50.3%","6.7%","21.5%","26.9%"
"CPA","Copa Holdings, S.A.","PA","NYSE","Passenger Airlines","37.7%","-0.9%","2.1%","3.6%","$231.63","$6,552.39","$5.69","5.8%","1.2%","-5.7%","-1.5%","4.4%","7.3%","$128.29","-8.9%","5.3%","13.3%","0.3","2.0","$5,250.81","0.9%","5.7%","19.4%","1.2","0.9","15.9%","24.3%","9.3%","10.9%","16.0%"
"PSMT","PriceSmart, Inc.","US","NasdaqGS","Consumer Staples Distribution and Retail","17.6%","9.6%","10.6%","12.2%","$73.74","$5,112.49","$21.15","1.3%","-0.6%","7.3%","2.0%","1.4%","","$169.46","-8.8%","37.4%","11.0%","0.0","2.2","$5,100.67","0.2%","9.7%","4.6%","0.0","","31.0%","11.4%","20.9%","12.5%","16.8%"
"ACIW","ACI Worldwide, Inc.","US","NasdaqGS","Software","49.1%","-7.2%","10.6%","4.5%","$311.41","$5,902.46","$78.21","17.1%","-2.4%","-10.7%","-0.0%","6.0%","6.2%","$51.57","-9.0%","12.9%","7.9%","0.0","0.8","$5,206.26","3.7%","9.9%","19.1%","1.8","1.1","31.7%","48.7%","15.7%","9.1%","10.4%"
"IRDM","Iridium Communications Inc.","US","NasdaqGS","Diversified Telecommunication Services","71.9%","-13.4%","4.8%","3.4%","$288.32","$6,738.76","$49.48","32.6%","-5.4%","-26.9%","2.3%","5.6%","7.4%","$48.45","2.6%","172.8%","6.8%","0.1","-3.9","$5,133.78","1.4%","4.4%","23.8%","3.8","0.6","2.1%","75.9%","15.7%","6.7%","3.3%"
"PEGA","Pegasystems Inc.","US","NasdaqGS","Software","75.6%","53.0%","12.9%","3.7%","$492.50","$5,235.76","$159.13","28.4%","-0.4%","-33.6%","-1.8%","8.9%","7.8%","$33.61","8.9%","-40.0%","8.7%","0.0","1.1","$5,525.65","9.4%","10.4%","11.3%","-1.4","1.1","13.8%","32.8%","20.3%","33.2%","-12.5%"
"EXLS","ExlService Holdings, Inc.","US","NasdaqGS","Professional Services","38.5%","8.7%","14.8%","15.0%","$275.04","$5,823.59","$90.62","12.3%","-2.9%","8.4%","3.6%","4.9%","6.0%","$37.05","35.5%","-10.1%","13.5%","0.0","1.4","$5,617.24","8.0%","13.2%","14.8%","0.5","0.9","9.9%","15.9%","13.0%","20.2%","9.0%"
"PAY","Paymentus Holdings, Inc.","US","NYSE","Financial Services","24.9%","50.1%","27.2%","28.5%","$159.14","$4,471.30","$23.02","11.7%","0.7%","22.9%","4.0%","3.3%","3.2%","$38.42","29.7%","34.9%","19.3%","0.0","1.4","$4,838.60","0.3%","34.6%","7.6%","-3.4","1.5","41.1%","129.0%","23.0%","29.6%","7.5%"
"GOLF","Acushnet Holdings Corp.","US","NYSE","Leisure Products","47.5%","-1.6%","0.9%","6.9%","$183.74","$6,233.58","$32.10","6.8%","-4.3%","81.3%","4.0%","3.5%","3.9%","$89.25","-18.4%","8.7%","3.8%","0.0","0.8","$5,212.65","2.6%","4.4%","12.1%","2.7","0.9","17.3%","5.2%","12.7%","12.3%","13.3%"
"MYRG","MYR Group Inc.","US","NasdaqGS","Construction and Engineering","12.5%","121.2%","11.9%","37.5%","$193.36","$4,880.25","$17.96","4.8%","-2.3%","45.7%","8.7%","3.9%","2.6%","$318.00","-20.5%","40.3%","17.7%","0.0","0.5","$4,951.02","0.1%","6.0%","5.5%","-0.2","1.2","31.6%","26.1%","19.8%","13.7%","26.3%"
"OII","Oceaneering International, Inc.","US","NYSE","Energy Equipment and Services","19.8%","75.1%","16.0%","2.3%","$223.24","$5,414.63","$17.83","7.8%","-0.4%","-8.3%","4.5%","4.3%","2.6%","$52.49","17.6%","111.2%","4.8%","0.0","2.3","$5,224.31","0.7%","8.8%","10.4%","0.5","1.3","35.0%","76.2%","3.4%","24.4%","34.6%"
"KLIC","Kulicke and Soffa Industries, Inc.","SG","NasdaqGS","Semiconductors and Semiconductor Equipment","52.6%","1,887.9%","8.1%","45.1%","$41.13","$3,976.32","$27.17","4.3%","-2.5%","33.3%","6.0%","0.9%","6.8%","$85.13","-21.6%","76.1%","52.3%","0.0","0.0","$4,454.78","0.6%","4.8%","18.5%","-2.5","1.6","20.7%","8.5%","295.0%","25.9%","7.1%"
"LAUR","Laureate Education, Inc.","US","NasdaqGS","Diversified Consumer Services","36.8%","32.2%","11.2%","13.6%","$286.58","$5,746.31","$14.14","15.7%","-4.3%","45.3%","1.4%","5.5%","7.0%","$37.56","4.0%","12.8%","9.9%","0.1","1.7","$5,173.87","6.5%","10.4%","24.4%","1.1","0.7","40.6%","53.9%","14.5%","15.2%","38.9%"
"PSN","Parsons Corporation","US","NYSE","Professional Services","22.0%","-34.8%","9.6%","-3.5%","$308.14","$6,415.14","$120.09","4.9%","0.6%","15.6%","-2.0%","6.3%","7.8%","$46.06","-16.5%","-26.0%","2.8%","0.0","-1.4","$4,919.46","3.0%","9.7%","5.4%","2.9","0.7","-6.3%","8.8%","7.8%","6.2%","5.8%"
"GHC","Graham Holdings Company","US","NYSE","Diversified Consumer Services","29.9%","-20.4%","5.1%","1.0%","$247.96","$5,153.34","$5.72","4.9%","-3.1%","-18.5%","1.5%","5.1%","6.7%","$1,152.50","0.1%","6.0%","5.0%","0.0","0.3","$4,880.75","2.5%","6.4%","10.9%","0.3","0.8","27.1%","40.5%","13.2%","6.5%","14.8%"
"GNTX","Gentex Corporation","US","NasdaqGS","Automobile Components","35.0%","6.8%","11.2%","15.0%","$496.65","$4,741.24","$40.63","18.9%","-3.4%","6.1%","-2.7%","10.0%","7.5%","$23.59","-1.5%","-0.4%","5.2%","0.0","0.8","$4,970.02","4.9%","7.4%","19.6%","-0.4","0.8","-8.0%","6.6%","10.1%","18.3%","-3.8%"
"BOOT","Boot Barn Holdings, Inc.","US","NYSE","Specialty Retail","37.8%","24.2%","13.0%","17.0%","$116.71","$5,519.02","$16.94","5.0%","0.3%","-7.2%","1.7%","2.4%","3.5%","$160.22","7.5%","-14.2%","14.3%","0.1","0.9","$4,852.24","1.5%","11.8%","13.0%","1.7","1.6","20.1%","13.1%","20.2%","11.8%","13.4%"
"INSW","International Seaways, Inc.","US","NYSE","Oil, Gas and Consumable Fuels","72.5%","225.3%","2.0%","97.3%","$269.32","$5,164.80","$7.94","21.4%","0.4%","24.3%","17.6%","5.5%","6.5%","$99.36","9.8%","111.4%","8.0%","0.3","0.0","$4,921.43","0.2%","3.0%","55.4%","0.3","-0.2","44.1%","5.8%","2.0%","27.9%","57.7%"
"ANF","Abercrombie & Fitch Co.","US","NYSE","Specialty Retail","61.7%","2.6%","14.6%","2.5%","$416.05","$5,353.28","$40.53","7.9%","-3.9%","2.7%","-0.7%","8.9%","10.5%","$105.02","14.1%","-15.1%","3.5%","0.0","1.3","$4,666.22","8.5%","12.4%","12.6%","0.8","1.2","36.0%","148.0%","9.6%","21.9%","22.0%"
"BCO","The Brink's Company","US","NYSE","Commercial Services and Supplies","26.4%","16.3%","9.3%","13.6%","$393.60","$7,688.27","$27.30","7.2%","-3.9%","2.7%","0.4%","8.4%","13.5%","$113.12","-8.0%","-2.9%","4.9%","0.0","1.8","$4,659.37","2.8%","5.0%","10.3%","3.3","1.1","17.0%","22.6%","14.5%","6.9%","9.1%"
"ATAT","Atour Lifestyle Holdings Limited","CN","NasdaqGS","Hotels, Restaurants and Leisure","43.7%","43.3%","62.0%","40.2%","$339.33","$4,054.45","$19.36","19.7%","1.6%","10.1%","6.7%","7.2%","6.4%","$34.25","9.7%","-14.1%","24.2%","0.0","0.7","$4,708.02","3.4%","54.7%","24.3%","-1.5","0.8","21.6%","87.6%","19.6%","67.6%",""
"TDW","Tidewater Inc.","US","NYSE","Energy Equipment and Services","48.1%","29.3%","27.0%","-3.8%","$271.18","$4,835.76","$13.74","20.1%","-1.9%","-41.4%","2.9%","5.6%","6.6%","$96.49","23.6%","84.7%","11.5%","0.0","-1.2","$4,800.98","0.1%","19.6%","18.4%","0.1","0.6","16.4%","70.2%","33.7%","24.5%","56.4%"
"CENX","Century Aluminum Company","US","NasdaqGS","Metals and Mining","18.9%","403.5%","580.3%","122.9%","$151.20","$4,564.31","$54.20","5.7%","2.3%","-3.5%","-9.5%","3.5%","15.7%","$43.40","-3.1%","6.0%","27.9%","0.1","0.0","$4,296.31","0.5%","5.1%","14.8%","0.3","2.3","76.5%","78.2%","101.3%","20.7%","30.6%"
"OLLI","Ollie's Bargain Outlet Holdings, Inc.","US","NasdaqGM","Broadline Retail","40.7%","24.3%","17.0%","18.0%","$212.73","$4,979.62","$13.30","7.8%","-0.7%","-1.1%","-0.4%","4.7%","3.6%","$74.75","13.3%","-32.9%","11.5%","0.0","1.2","$4,518.88","2.3%","13.3%","11.4%","1.3","0.4","0.7%","27.7%","15.1%","10.1%","-2.3%"
"INDV","Indivior Pharmaceuticals, Inc.","US","NasdaqGS","Pharmaceuticals","85.7%","227.7%","11.2%","13.6%","-$111.00","$4,745.56","$32.00","-8.3%","-5.1%","21.7%","11.5%","-2.5%","9.1%","$37.78","-6.6%","5.7%","6.3%","0.1","0.2","$4,458.56","6.9%","9.9%","42.6%","0.5","1.1","17.2%","86.0%","16.7%","84.5%","22.7%"
"FHI","Federated Hermes, Inc.","US","NYSE","Capital Markets","69.0%","19.8%","9.3%","19.2%","$366.94","$4,608.90","$30.14","19.0%","-5.3%","14.3%","3.8%","8.2%","8.0%","$63.13","10.5%","20.5%","7.4%","0.0","1.1","$4,493.51","4.6%","7.2%","27.4%","-0.1","0.7","28.5%","21.5%","6.8%","25.4%","17.7%"
"AZZ","AZZ Inc.","US","NYSE","Building Products","23.8%","-23.9%","6.2%","2.9%","$169.19","$4,731.84","$13.53","10.1%","6.3%","9.9%","3.2%","4.0%","4.6%","$139.43","-7.3%","27.1%","7.4%","0.0","1.5","$4,190.08","0.7%","3.6%","16.4%","1.5","","44.9%","39.3%","11.0%","10.5%","23.1%"
"LIVN","LivaNova PLC","GB","NasdaqGS","Health Care Equipment and Supplies","68.3%","-187.5%","11.6%","12.4%","$148.31","$4,144.19","$44.49","10.1%","0.7%","5.6%","2.6%","3.4%","5.5%","$78.21","-2.0%","29.0%","8.4%","0.1","2.0","$4,308.86","0.1%","10.7%","14.6%","-0.6","1.0","12.4%","23.4%","8.3%","18.3%","-1.0%"
"CVSA","Covista Inc.","US","NYSE","Diversified Consumer Services","57.3%","14.0%","11.8%","10.2%","$392.73","$4,857.51","$41.22","20.1%","-6.4%","11.1%","3.0%","9.0%","7.8%","$128.04","10.0%","22.6%","6.7%","0.0","1.8","$4,358.33","6.4%","10.4%","19.9%","1.1","0.7","44.3%","51.0%","14.6%","11.5%","28.3%"
"CHEF","The Chefs' Warehouse, Inc.","US","NasdaqGS","Consumer Staples Distribution and Retail","24.5%","29.6%","14.1%","12.3%","$125.77","$5,251.39","$24.44","2.9%","0.9%","59.9%","3.9%","2.8%","6.7%","$108.84","14.4%","74.5%","9.5%","0.0","1.5","$4,440.25","0.5%","12.9%","4.2%","3.1","1.3","55.6%","58.4%","15.6%","8.8%","30.2%"
"BRC","Brady Corporation","US","NYSE","Commercial Services and Supplies","51.4%","8.5%","9.0%","12.4%","$181.34","$4,187.56","$13.73","11.2%","-1.6%","1.7%","7.2%","4.2%","6.9%","$90.73","-3.3%","15.4%","29.3%","0.0","1.4","$4,274.54","0.6%","7.4%","17.9%","-0.3","0.7","24.4%","9.8%","12.2%","16.7%","13.3%"
"DOCS","Doximity, Inc.","US","NYSE","Health Care Technology","88.1%","-27.9%","14.6%","8.6%","$306.28","$3,945.58","$136.51","46.7%","-2.9%","2.9%","3.2%","6.6%","7.3%","$25.94","22.9%","-40.1%","5.8%","0.0","-2.9","$4,623.70","9.1%","14.5%","30.6%","-3.3","1.4","4.0%","14.6%","6.8%","41.8%","-19.4%"
"CNS","Cohen & Steers, Inc.","US","NYSE","Capital Markets","47.3%","3.3%","2.6%","7.0%","$68.38","$4,112.12","$44.50","11.7%","1.5%","-3.7%","1.1%","1.6%","4.7%","$80.79","0.8%","27.1%","10.3%","0.0","1.7","$4,154.35","0.4%","4.5%","32.9%","-0.7","","12.8%","3.6%","10.1%","27.5%","1.8%"
"SEZL","Sezzle Inc.","US","NasdaqCM","Financial Services","75.0%","54.9%","91.1%","54.2%","$274.61","$3,996.48","$7.18","51.6%","-0.4%","26.0%","10.8%","6.9%","-0.6%","$117.42","-34.5%","80.2%","29.7%","0.0","0.6","$3,954.12","1.7%","56.7%","59.2%","0.1","8.7","105.0%","168.3%","28.1%","100.7%",""
"MAT","Mattel, Inc.","US","NasdaqGS","Leisure Products","47.6%","-11.5%","4.9%","-4.9%","$434.61","$6,427.96","$74.00","7.9%","-6.9%","-4.1%","2.4%","10.3%","6.8%","$14.72","3.7%","-26.5%","5.7%","0.0","-1.5","$4,205.50","16.8%","2.8%","8.7%","3.4","0.7","-11.3%","29.8%","5.2%","9.0%","-7.3%"
"CNK","Cinemark Holdings, Inc.","US","NYSE","Entertainment","49.4%","-4.0%","6.5%","5.1%","$313.00","$6,701.12","$38.30","9.3%","-1.3%","-30.5%","5.4%","7.4%","7.4%","$36.89","17.2%","56.8%","8.4%","0.1","0.2","$4,231.72","2.9%","6.3%","13.4%","3.7","1.1","28.7%","196.5%","32.9%","8.5%","19.2%"
"ITGR","Integer Holdings Corporation","US","NYSE","Health Care Equipment and Supplies","26.1%","59.6%","8.1%","-0.9%","$111.98","$5,599.30","$22.73","6.1%","0.7%","3.6%","3.0%","2.6%","3.3%","$125.21","30.0%","63.1%","2.0%","0.1","-9.2","$4,256.14","2.6%","7.9%","11.4%","3.9","0.8","14.0%","20.1%","6.3%","6.2%","5.0%"
"SKYW","SkyWest, Inc.","US","NasdaqGS","Passenger Airlines","30.9%","2.7%","19.6%","0.8%","$315.17","$5,696.42","$18.73","7.5%","-2.6%","15.4%","-1.2%","8.1%","9.5%","$100.79","5.9%","-0.4%","5.9%","0.2","1.9","$3,913.31","6.3%","13.2%","14.0%","1.9","1.6","35.6%","346.4%","7.6%","6.5%","19.5%"
"ATMU","Atmus Filtration Technologies Inc.","US","NYSE","Machinery","28.8%","15.5%","10.3%","15.9%","$190.40","$4,825.77","$14.20","10.0%","-0.7%","16.4%","4.0%","4.7%","4.1%","$49.37","-3.5%","-5.8%","9.4%","0.0","2.2","$4,028.37","1.5%","5.5%","16.0%","2.3","1.6","31.5%","5.5%","8.6%","22.5%",""
"SRAD","Sportradar Group AG","CH","NasdaqGS","Hotels, Restaurants and Leisure","27.2%","-84.2%","4.6%","29.2%","$481.05","$3,513.09","$66.68","30.4%","-0.1%","-118.8%","-1.0%","12.9%","6.2%","$12.61","-14.2%","-45.9%","14.8%","0.0","-8.4","$3,730.26","7.4%","19.6%","13.3%","-0.4","2.0","3.2%","7.0%","40.8%","7.9%",""
"DORM","Dorman Products, Inc.","US","NasdaqGS","Automobile Components","42.3%","-2.0%","15.1%","6.9%","$214.17","$4,294.76","$21.02","9.9%","-2.0%","2.4%","-6.5%","5.5%","5.8%","$131.37","-4.4%","5.9%","4.3%","0.0","-7.9","$3,898.49","3.2%","5.0%","16.9%","0.9","0.9","16.8%","37.8%","2.0%","14.0%","6.2%"
"GEO","The GEO Group, Inc.","US","NYSE","Commercial Services and Supplies","26.0%","231.9%","1.1%","16.3%","$26.44","$5,647.45","$24.29","0.9%","1.9%","8.7%","1.5%","0.6%","14.1%","$31.72","1.6%","99.1%","11.4%","0.1","-0.5","$4,097.04","4.5%","5.0%","12.6%","3.2","0.7","63.6%","32.1%","43.9%","7.7%","32.9%"
"CSTM","Constellium SE","FR","NYSE","Metals and Mining","16.6%","1,656.2%","31.2%","64.8%","$218.00","$5,363.55","","2.3%","-2.6%","101.6%","1.0%","6.1%","8.3%","$26.53","-6.9%","34.2%","12.8%","0.0","0.0","$3,595.55","3.1%","2.6%","9.5%","1.4","1.6","15.8%","33.5%","31.6%","16.7%","6.4%"
"MWA","Mueller Water Products, Inc.","US","NYSE","Machinery","37.9%","51.0%","14.1%","13.9%","$179.60","$3,881.04","$13.90","12.1%","-0.1%","10.1%","1.1%","4.6%","4.8%","$25.13","1.5%","5.0%","3.6%","0.0","0.9","$3,923.44","0.4%","4.2%","20.9%","-0.1","1.2","23.9%","43.6%","8.8%","20.0%","11.4%"
"COCO","The Vita Coco Company, Inc.","US","NasdaqGS","Beverages","41.1%","69.1%","27.6%","43.6%","$124.44","$3,560.52","$13.91","17.6%","1.3%","62.1%","2.6%","3.3%","2.6%","$65.17","-14.1%","21.9%","25.6%","0.0","0.6","$3,825.10","0.3%","14.9%","19.1%","-1.9","0.4","34.7%","53.1%","20.5%","72.9%",""
"BMI","Badger Meter, Inc.","US","NYSE","Electronic Equipment, Instruments and Components","41.3%","-6.9%","13.8%","1.1%","$150.30","$3,641.83","$10.13","17.1%","-0.4%","-24.0%","0.6%","4.0%","3.0%","$128.13","-12.2%","-27.4%","3.8%","0.0","-4.3","$3,714.08","2.1%","11.8%","18.6%","-0.4","0.9","-6.5%","17.7%","1.7%","15.0%","4.5%"
"OSIS","OSI Systems, Inc.","US","NasdaqGS","Electronic Equipment, Instruments and Components","33.2%","2.8%","11.3%","1.0%","$66.97","$4,294.73","$29.30","3.7%","-0.5%","2.3%","-8.6%","1.8%","4.8%","$218.09","3.7%","-14.7%","7.6%","0.0","2.2","$3,594.75","4.8%","11.8%","12.3%","2.5","1.3","22.8%","18.8%","11.0%","9.4%","17.3%"
"LOPE","Grand Canyon Education, Inc.","US","NasdaqGS","Diversified Consumer Services","53.3%","-0.0%","7.5%","7.6%","$242.56","$3,593.80","$13.58","21.2%","-4.8%","0.5%","0.9%","6.4%","5.7%","$146.27","5.7%","-11.6%","5.9%","0.0","1.4","$3,764.12","9.1%","7.2%","27.8%","-0.5","0.8","8.8%","10.3%","11.2%","39.0%","11.2%"
"IPAR","Interparfums, Inc.","US","NasdaqGS","Personal Care Products","58.9%","4.2%","9.3%","0.1%","$245.89","$3,848.76","$1.47","16.4%","0.1%","12.8%","0.6%","6.7%","6.5%","$114.75","-6.6%","34.3%","3.7%","0.0","-3.3","$3,674.96","0.3%","7.4%","17.3%","-0.2","1.3","-1.6%","4.5%","3.1%","17.9%","11.8%"
"BFAM","Bright Horizons Family Solutions Inc.","US","NYSE","Diversified Consumer Services","25.5%","3.8%","20.5%","11.7%","$235.93","$5,470.06","$30.08","7.8%","-5.6%","2.5%","0.5%","6.6%","7.0%","$73.61","-1.3%","-25.9%","5.6%","0.0","1.9","$3,580.04","18.0%","10.8%","12.5%","4.0","1.4","-7.8%","41.2%","12.3%","6.4%","-12.5%"
"NATL","NCR Atleos Corporation","US","NYSE","Financial Services","25.3%","67.9%","5.4%","7.9%","$159.00","$5,973.12","$34.00","3.6%","","9.7%","-2.8%","4.6%","8.9%","$46.81","-2.4%","25.7%","3.4%","0.0","1.3","$3,459.12","1.7%","2.4%","13.2%","2.9","1.0","","4.4%","17.1%","10.0%",""
"NMIH","NMI Holdings, Inc.","US","NasdaqGM","Financial Services","76.4%","7.8%","9.2%","4.1%","$441.61","$3,768.16","$20.71","60.4%","-2.9%","0.8%","1.5%","12.9%","","$45.39","8.4%","11.8%","5.5%","0.0","1.3","$3,414.14","3.8%","10.4%","73.2%","0.6","0.7","17.4%","12.2%","5.6%","12.5%","15.4%"
"LRN","Stride, Inc.","US","NYSE","Diversified Consumer Services","37.8%","20.0%","13.7%","0.7%","$433.23","$2,971.99","$40.26","17.2%","-0.8%","4.1%","1.4%","12.5%","14.7%","$84.07","-0.7%","30.1%","3.2%","0.0","2.5","$3,460.21","6.5%","11.1%","17.9%","-1.0","0.0","27.4%","34.0%","4.0%","28.3%","19.6%"
"PLMR","Palomar Holdings, Inc.","US","NasdaqGS","Insurance","27.4%","31.0%","48.1%","38.0%","$414.77","$3,624.64","$21.01","38.0%","2.1%","7.1%","-0.0%","12.2%","8.7%","$128.87","-5.1%","-2.2%","35.0%","0.0","0.6","$3,391.56","2.9%","46.2%","24.9%","0.8","0.5","36.0%","48.9%","18.8%","6.6%","8.7%"
"AAMI","Acadian Asset Management Inc.","US","NYSE","Capital Markets","40.9%","17.9%","8.8%","11.6%","-$50.10","$3,458.38","$86.30","-7.5%","-5.1%","3.4%","6.0%","-1.6%","","$90.85","8.2%","91.7%","28.8%","0.0","0.5","$3,224.28","0.7%","18.9%","23.6%","1.1","1.3","63.8%","18.9%","31.0%","20.9%","28.4%"
"PENG","Penguin Solutions, Inc.","US","NasdaqGS","Semiconductors and Semiconductor Equipment","27.9%","-595.8%","4.2%","8.7%","-$69.43","$2,906.29","$33.01","-4.6%","0.8%","23.1%","13.6%","-2.6%","13.7%","$51.14","-12.0%","152.2%","26.7%","0.0","1.0","$2,620.55","2.3%","9.7%","8.2%","0.4","","29.2%","36.2%","17.5%","11.5%","19.1%"
"YETI","YETI Holdings, Inc.","US","NYSE","Leisure Products","59.2%","9.3%","14.4%","7.8%","$255.44","$3,404.72","$44.68","13.2%","-5.6%","4.1%","-0.0%","8.0%","8.5%","$44.00","-13.6%","-1.9%","7.4%","0.0","0.9","$3,211.51","13.0%","6.8%","12.2%","0.7","1.8","-1.7%","44.0%","14.5%","20.4%","-14.7%"
"CXW","CoreCivic, Inc.","US","NYSE","Commercial Services and Supplies","22.6%","31.8%","10.1%","15.6%","$57.32","$4,578.55","$26.25","2.3%","-4.5%","30.6%","10.7%","1.7%","","$33.51","4.5%","76.2%","15.0%","0.1","0.0","$3,313.92","5.7%","10.2%","10.0%","3.3","0.7","48.1%","6.2%","37.0%","6.6%","28.8%"
"HAYW","Hayward Holdings, Inc.","US","NYSE","Building Products","48.0%","20.0%","7.4%","13.5%","$201.86","$3,648.49","$14.67","17.3%","-0.2%","17.3%","4.5%","6.5%","6.3%","$14.72","4.1%","-6.7%","5.4%","0.0","1.7","$3,122.40","2.2%","5.4%","21.3%","1.7","1.1","2.0%","27.3%","10.9%","8.4%","-6.3%"
"EXPO","Exponent, Inc.","US","NasdaqGS","Professional Services","36.4%","11.9%","4.3%","11.3%","$108.56","$3,312.84","$26.11","19.1%","-2.2%","3.6%","0.9%","3.3%","5.9%","$69.38","14.4%","-1.1%","10.5%","0.0","1.5","$3,298.75","6.4%","5.3%","22.5%","0.1","0.8","-6.9%","4.2%","14.6%","21.1%","-8.8%"
"DHT","DHT Holdings, Inc.","BM","NYSE","Oil, Gas and Consumable Fuels","76.7%","151.4%","24.8%","95.3%","$36.25","$3,471.79","$3.93","4.5%","-0.2%","1.5%","7.1%","1.1%","14.4%","$19.80","14.3%","68.7%","19.6%","0.5","0.0","$3,192.46","0.6%","11.9%","60.8%","0.5","-0.1","39.8%","43.4%","25.7%","33.0%","40.6%"
"DXPE","DXP Enterprises, Inc.","US","NasdaqGS","Trading Companies and Distributors","31.8%","8.4%","12.3%","12.8%","$118.66","$3,583.11","$6.18","5.5%","-2.5%","6.9%","6.2%","4.1%","2.0%","$187.58","7.8%","74.1%","10.3%","0.0","1.7","$2,910.71","0.8%","9.1%","8.9%","2.9","1.0","76.5%","22.8%","15.7%","11.2%","43.9%"
"KALU","Kaiser Aluminum Corporation","US","NasdaqGS","Metals and Mining","14.5%","201.4%","28.8%","61.5%","$87.00","$3,458.84","$20.40","2.1%","0.6%","90.5%","16.8%","3.6%","8.2%","$151.15","-7.6%","25.6%","14.9%","0.0","0.1","$2,448.44","0.4%","9.5%","8.1%","2.2","1.5","31.0%","176.2%","31.3%","11.7%","8.3%"
"IMAX","IMAX Corporation","CA","NYSE","Entertainment","59.7%","22.0%","9.5%","19.6%","$104.11","$3,109.64","$27.23","25.0%","0.1%","22.9%","9.7%","3.6%","5.2%","$52.74","39.3%","46.4%","7.2%","0.1","2.8","$2,892.37","0.5%","5.8%","22.8%","0.9","0.4","39.2%","107.7%","16.1%","11.1%","28.7%"
"SPSC","SPS Commerce, Inc.","US","NasdaqGS","Software","69.8%","-4.2%","18.4%","12.5%","$198.70","$2,692.63","$61.63","25.7%","-0.6%","13.1%","1.2%","6.9%","8.9%","$79.43","28.1%","-9.6%","5.7%","0.0","2.6","$2,859.49","5.0%","16.2%","15.8%","-0.9","0.6","-22.8%","7.9%","9.0%","9.9%","-9.2%"
"AVPT","AvePoint, Inc.","US","NasdaqGS","Software","73.4%","-806.5%","24.5%","22.5%","$101.01","$2,387.24","$35.39","21.7%","4.5%","13.5%","2.6%","3.6%","4.5%","$13.13","0.9%","-0.7%","21.1%","0.0","1.0","$2,777.85","3.9%","23.0%","9.9%","-7.4","1.1","26.2%","10.2%","23.6%","15.6%","6.9%"
"GRND","Grindr Inc.","US","NYSE","Interactive Media and Services","74.9%","-232.9%","32.6%","33.5%","$154.02","$3,105.12","$62.68","30.2%","-0.0%","-11.9%","4.3%","5.7%","6.7%","$15.66","3.7%","17.7%","20.2%","0.0","2.1","$2,722.03","14.2%","31.9%","30.9%","2.4","0.2","41.9%","98.8%","27.3%","28.7%","9.3%"
"EEFT","Euronet Worldwide, Inc.","US","NasdaqGS","Financial Services","24.0%","-14.1%","-8.7%","4.5%","$268.90","$3,233.36","$60.60","6.1%","-9.0%","8.5%","-2.7%","10.4%","","$69.38","-12.4%","-6.4%","5.2%","0.0","0.9","$2,595.06","19.3%","7.5%","11.5%","0.9","","-6.1%","6.3%","12.6%","6.4%","-12.5%"
"OSW","OneSpaWorld Holdings Limited","BS","NasdaqCM","Diversified Consumer Services","13.4%","16.1%","20.1%","13.5%","$78.23","$2,697.17","$9.45","7.7%","0.7%","5.2%","0.1%","3.0%","7.4%","$26.08","-1.2%","26.4%","8.1%","0.0","2.2","$2,647.09","1.4%","12.2%","9.5%","0.4","1.1","34.0%","68.6%","14.8%","14.6%","22.1%"
"ALRM","Alarm.com Holdings, Inc.","US","NasdaqGS","Software","65.8%","-4.5%","9.6%","8.8%","$187.71","$2,933.10","$30.42","17.7%","-0.5%","12.2%","4.8%","6.7%","9.5%","$57.06","9.3%","11.4%","5.9%","0.0","2.4","$2,801.09","2.6%","7.3%","14.1%","0.5","0.9","-0.0%","21.5%","6.9%","9.3%","-7.0%"
"AEO","American Eagle Outfitters, Inc.","US","NYSE","Specialty Retail","38.2%","56.2%","6.8%","10.9%","$185.03","$4,451.45","$40.91","3.3%","-5.3%","17.8%","0.9%","6.9%","11.3%","$16.00","-7.8%","-39.3%","4.4%","0.0","0.6","$2,681.17","3.4%","4.1%","7.6%","2.7","1.4","3.1%","41.3%","14.7%","9.2%","-10.8%"
"SKWD","Skyward Specialty Insurance Group, Inc.","US","NasdaqGS","Insurance","30.5%","36.0%","37.3%","52.1%","$402.17","$2,697.97","$11.96","23.2%","5.6%","14.9%","3.8%","16.2%","6.9%","$55.86","-7.1%","14.9%","21.9%","0.0","0.5","$2,479.99","0.8%","32.5%","15.9%","0.7","0.5","32.9%","38.2%","16.8%","4.7%",""
"VVX","V2X, Inc.","US","NYSE","Aerospace and Defense","8.5%","32.6%","3.0%","11.3%","$130.45","$3,372.70","$14.16","2.7%","0.2%","16.5%","4.2%","5.3%","10.9%","$79.01","0.2%","42.2%","8.1%","0.0","1.4","$2,476.60","1.4%","8.3%","4.2%","2.9","0.1","16.1%","26.9%","12.3%","7.1%","10.1%"
"UFPT","UFP Technologies, Inc.","US","NasdaqCM","Health Care Equipment and Supplies","28.5%","7.3%","18.9%","6.3%","$61.42","$2,483.95","$10.31","9.7%","0.5%","9.2%","9.1%","2.6%","4.7%","$304.25","24.7%","36.2%","7.7%","0.0","2.9","$2,356.66","0.2%","17.8%","15.2%","1.1","1.1","22.6%","12.8%","8.3%","13.2%","36.0%"
"CALX","Calix, Inc.","US","NYSE","Communications Equipment","56.6%","-278.4%","7.4%","30.3%","$85.42","$2,362.16","$79.87","7.7%","-1.7%","6.7%","1.2%","3.4%","4.4%","$40.38","7.8%","-24.7%","17.4%","0.0","2.0","$2,542.49","7.5%","3.9%","5.5%","-2.3","1.6","0.2%","4.7%","36.2%","7.5%","-2.1%"
"FIGS","FIGS, Inc.","US","NYSE","Textiles, Apparel and Luxury Goods","68.9%","653.9%","9.6%","27.8%","$97.22","$2,155.46","$24.44","13.7%","-0.5%","381.9%","5.6%","4.1%","2.3%","$14.41","40.3%","26.5%","14.1%","0.0","0.5","$2,394.08","1.7%","10.1%","9.6%","-3.0","1.3","30.4%","60.3%","28.5%","24.5%","-17.1%"
"HURN","Huron Consulting Group Inc.","US","NasdaqGS","Professional Services","32.7%","15.9%","14.0%","15.5%","$161.00","$3,253.17","$49.42","9.1%","-5.3%","11.3%","3.7%","6.7%","","$162.45","46.5%","-5.0%","10.8%","0.0","1.4","$2,420.03","10.6%","12.0%","12.1%","3.4","0.2","19.2%","22.3%","13.7%","12.3%","26.9%"
"KMT","Kennametal Inc.","US","NYSE","Machinery","41.3%","268.3%","14.6%","62.2%","-$80.91","$2,981.31","$34.85","-3.4%","-1.5%","24.3%","1.5%","-3.6%","7.0%","$29.78","-12.9%","2.7%","22.0%","0.0","0.8","$2,269.80","0.4%","4.3%","20.3%","1.1","1.5","7.5%","44.7%","38.3%","15.6%","-0.9%"
"RAMP","LiveRamp Holdings, Inc.","US","NYSE","Software","70.8%","1,021.2%","10.8%","8.7%","$200.03","$1,951.03","$78.52","24.0%","-2.8%","12.8%","0.9%","8.7%","9.1%","$37.65","-0.7%","37.3%","9.4%","0.0","0.5","$2,288.93","8.6%","11.0%","12.9%","-2.8","1.2","7.0%","19.9%","26.7%","21.1%","-3.5%"
"MCRI","Monarch Casino & Resort, Inc.","US","NasdaqGS","Hotels, Restaurants and Leisure","68.0%","47.8%","5.5%","6.9%","$154.30","$2,126.49","$8.47","27.5%","-2.2%","36.5%","-0.9%","6.9%","8.5%","$125.65","7.0%","30.8%","3.3%","0.0","0.9","$2,251.96","2.8%","4.3%","26.6%","-0.6","1.4","25.9%","10.7%","8.2%","18.3%","13.5%"
"TILE","Interface, Inc.","US","NasdaqGS","Commercial Services and Supplies","40.5%","52.5%","10.9%","14.6%","$124.03","$2,467.71","$17.11","8.6%","-0.2%","21.5%","1.1%","5.5%","4.6%","$39.08","20.4%","37.5%","5.9%","0.0","0.7","$2,258.84","2.2%","3.8%","13.2%","0.9","1.9","58.8%","210.7%","7.9%","16.5%","24.0%"
"GRC","The Gorman-Rupp Company","US","NYSE","Machinery","31.8%","19.9%","8.6%","7.3%","$100.54","$2,287.59","$4.05","14.3%","0.3%","38.8%","-1.5%","4.9%","4.1%","$77.85","-2.8%","61.7%","5.9%","0.0","1.1","$2,056.04","0.1%","3.6%","15.0%","1.7","1.3","38.8%","41.9%","17.5%","10.8%","19.2%"
"DV","DoubleVerify Holdings, Inc.","US","NYSE","Media","82.4%","12.2%","15.6%","8.1%","$160.55","$1,964.53","$102.65","20.9%","-2.5%","-4.9%","-4.1%","7.8%","9.4%","$13.31","17.7%","22.6%","8.1%","0.1","2.0","$2,062.87","7.7%","15.3%","12.7%","-0.7","1.0","-26.0%","4.4%","21.8%","6.0%","-15.9%"
"PRDO","Perdoceo Education Corporation","US","NasdaqGS","Diversified Consumer Services","79.9%","19.2%","3.8%","10.0%","$217.98","$1,412.27","$12.44","25.4%","-1.6%","9.3%","0.4%","10.7%","5.0%","$32.48","6.5%","11.6%","2.0%","0.0","0.6","$2,032.50","4.9%","5.7%","24.6%","-2.5","0.9","26.3%","13.9%","11.9%","24.7%","24.0%"