"Ticker","Company","Country","Exchange","Industry","Gross Profit Margin","Diluted EPS 1Y Growth","Gross Profit 3Y CAGR","Gross Profit 1Y Growth","Free Cash Flow (M)","Total Enterprise Value (TEV) (M)","Stock-Based Compensation (Cash Flow Statement) (M)","Free Cash Flow Margin","Shares Out Growth 3Y (CAGR)","EPS Normalized Actual vs Estimate (Quarterly)","Revenue Actual vs Estimate (Quarterly)","FCF Yield","Forward FCF Yield","Stock Price","TR 1M Performance","YTD Performance","Revenue Forward 2Y CAGR","CapEx to Revenue","PEG Ratio","Market Cap (M)","Buyback Yield","Revenue 3Y CAGR","Operating Margin","Net Debt / EBITDA","Beta","TR 3Y Performance (CAGR)","Diluted EPS 3Y CAGR","EPS Normalized Forward 2Y CAGR","Return on Invested Capital","TR 5Y Performance (CAGR)"
"BLK","BlackRock, Inc.","US","NYSE","Capital Markets","47.2%","1.2%","15.4%","21.7%","$3,515.00","$192,688.31","$1,461.00","12.9%","1.2%","9.0%","3.0%","1.9%","5.3%","$1,136.39","9.7%","4.7%","16.1%","0.0","1.6","$184,636.31","1.1%","16.3%","35.3%","0.1","1.5","20.5%","6.9%","12.3%","5.2%","7.0%"
"CNM","Core & Main, Inc.","US","NYSE","Trading Companies and Distributors","27.1%","9.2%","4.5%","2.3%","$608.00","$11,378.36","$15.00","8.0%","4.1%","11.7%","0.8%","6.7%","6.0%","$46.55","1.5%","-12.8%","3.5%","0.0","0.8","$9,008.36","2.3%","4.9%","9.5%","2.5","1.0","13.6%","3.5%","13.5%","10.5%","12.3%"
"YOU","Clear Secure, Inc.","US","NYSE","Software","66.7%","-7.7%","27.0%","26.8%","$508.39","$6,126.34","$43.24","50.8%","4.6%","6.7%","3.1%","7.3%","5.7%","$51.29","-7.1%","49.2%","18.2%","0.0","1.0","$6,938.93","0.4%","23.9%","25.1%","-3.1","1.2","35.4%","38.1%","28.3%","14.7%","0.0%"
"HLNE","Hamilton Lane Incorporated","US","NasdaqGS","Capital Markets","60.7%","27.5%","16.7%","22.1%","$366.83","$6,346.70","$51.26","42.7%","3.5%","16.9%","21.4%","6.6%","","$101.03","24.6%","-26.1%","18.3%","0.0","0.5","$5,566.09","0.3%","18.3%","43.6%","0.1","1.3","4.6%","31.2%","9.9%","17.6%","3.7%"
"HGTY","Hagerty, Inc.","US","NYSE","Insurance","56.8%","-18.8%","19.1%","-6.9%","$278.49","$4,312.34","$19.08","19.7%","6.4%","139.6%","12.9%","6.0%","","$13.61","11.0%","2.6%","2.3%","0.0","-1.0","$4,631.85","0.1%","16.6%","13.4%","-3.7","0.9","16.6%","22.5%","26.5%","27.2%","6.5%"
"DRH","DiamondRock Hospitality Company","US","NasdaqGS","Hotel and Resort REITs","29.5%","158.0%","2.8%","8.4%","$163.44","$3,668.19","$8.35","14.4%","-0.8%","64.6%","1.1%","6.4%","3.8%","$12.53","5.5%","37.4%","1.9%","0.1","0.3","$2,572.35","0.7%","2.4%","16.4%","3.6","1.1","20.6%","21.6%","7.5%","6.3%","10.0%"
"GSHD","Goosehead Insurance, Inc.","US","NasdaqGS","Insurance","49.6%","20.0%","27.4%","29.5%","$75.04","$2,541.10","$22.10","18.7%","-0.1%","82.1%","9.9%","3.3%","3.8%","$65.20","31.7%","-9.0%","16.2%","0.0","2.8","$2,268.05","5.9%","18.6%","23.2%","3.3","1.5","0.3%","72.7%","21.1%","23.1%","-10.7%"
"NVDA","NVIDIA Corporation","US","NasdaqGS","Semiconductors and Semiconductor Equipment","74.1%","110.6%","134.5%","80.5%","$119,076.00","$5,384,070.83","$6,840.00","47.0%","-0.7%","5.3%","3.2%","2.2%","3.5%","$223.96","6.2%","18.6%","61.3%","0.0","0.4","$5,424,428.83","1.0%","114.0%","64.0%","-0.2","2.3","74.5%","225.4%","53.5%","107.0%","62.4%"
"AAPL","Apple Inc.","US","NasdaqGS","Technology Hardware, Storage and Peripherals","48.7%","32.6%","10.8%","19.1%","$136,683.00","$4,510,621.42","$13,706.00","29.3%","-2.3%","6.2%","0.4%","3.0%","3.5%","$313.33","-0.6%","15.6%","12.1%","0.0","2.0","$4,572,794.42","1.9%","6.7%","33.2%","-0.4","1.1","21.4%","13.6%","12.2%","41.4%","17.1%"
"MSFT","Microsoft Corporation","US","NasdaqGS","Software","67.9%","31.6%","15.6%","16.3%","$66,987.00","$3,764,668.49","$12,405.00","20.2%","-0.0%","5.2%","2.7%","1.8%","2.0%","$499.99","29.8%","5.7%","18.7%","0.3","2.0","$3,712,698.49","0.5%","16.1%","46.8%","0.3","1.1","16.6%","22.9%","18.5%","21.0%","12.7%"
"AVGO","Broadcom Inc.","US","NasdaqGS","Semiconductors and Semiconductor Equipment","76.3%","124.6%","30.1%","31.0%","$32,762.00","$2,080,381.51","$8,785.00","43.4%","4.9%","1.3%","0.5%","1.6%","3.5%","$427.76","6.9%","23.1%","64.8%","0.0","1.0","$2,035,102.51","0.4%","29.1%","44.2%","1.1","1.2","74.1%","23.4%","63.0%","20.3%","57.7%"
"LLY","Eli Lilly and Company","US","NYSE","Pharmaceuticals","83.4%","94.8%","42.5%","51.0%","$18,190.00","$1,102,052.99","$649.00","22.8%","-0.3%","9.1%","11.1%","1.7%","2.9%","$1,185.71","-0.2%","9.8%","24.2%","0.1","0.8","$1,056,890.99","0.6%","39.2%","49.7%","1.1","0.4","32.5%","60.7%","31.9%","34.7%","35.8%"
"MU","Micron Technology, Inc.","US","NasdaqGS","Semiconductors and Semiconductor Equipment","72.6%","705.7%","241.8%","421.8%","$26,172.00","$967,369.55","$1,204.00","29.0%","1.0%","33.2%","15.7%","2.6%","6.8%","$877.57","-10.4%","178.2%","153.3%","0.3","0.0","$991,121.55","0.1%","70.6%","65.7%","-0.3","1.5","138.8%","155.3%","249.9%","60.9%","63.2%"
"AMD","Advanced Micro Devices, Inc.","US","NasdaqGS","Semiconductors and Semiconductor Equipment","55.7%","124.8%","28.2%","52.5%","$8,403.00","$780,238.14","$1,895.00","20.3%","0.3%","16.0%","2.0%","1.1%","2.9%","$483.36","-13.4%","116.3%","58.9%","0.0","1.5","$789,073.14","0.1%","23.6%","15.8%","-0.9","1.9","63.8%","529.5%","63.0%","9.2%","35.4%"
"V","Visa Inc.","US","NYSE","Financial Services","97.7%","14.7%","11.8%","14.3%","$21,013.00","$675,987.17","$919.00","47.2%","-1.0%","6.8%","2.0%","3.2%","4.2%","$362.50","3.9%","4.6%","12.7%","0.0","2.0","$665,407.17","3.2%","11.8%","66.9%","0.3","0.8","15.5%","14.2%","13.5%","28.0%","9.6%"
"MA","Mastercard Incorporated","US","NYSE","Financial Services","100.0%","22.6%","14.1%","16.0%","$16,702.00","$506,035.80","$615.00","47.6%","-2.4%","12.3%","2.2%","3.4%","3.6%","$562.95","6.9%","-0.0%","13.1%","0.0","1.8","$493,149.80","3.2%","14.1%","59.9%","0.6","0.9","13.0%","19.4%","15.5%","41.7%","9.5%"
"AMAT","Applied Materials, Inc.","US","NasdaqGS","Semiconductors and Semiconductor Equipment","49.0%","29.4%","4.8%","5.1%","$5,343.00","$427,082.29","$690.00","18.4%","-1.9%","7.9%","2.8%","1.2%","2.5%","$539.14","-10.5%","100.5%","23.6%","0.1","1.7","$428,055.29","0.6%","2.9%","30.3%","-0.1","1.7","56.5%","12.0%","22.2%","27.1%","32.5%"
"LRCX","Lam Research Corporation","US","NasdaqGS","Semiconductors and Semiconductor Equipment","50.5%","38.8%","14.3%","30.6%","$4,891.25","$388,141.19","$386.38","21.1%","-2.1%","7.9%","0.8%","1.3%","2.1%","$311.35","-11.1%","68.2%","31.4%","0.0","0.9","$389,598.79","0.9%","10.1%","35.3%","-0.2","1.8","67.2%","20.2%","38.0%","49.0%","39.7%"
"CAT","Caterpillar Inc.","US","NYSE","Machinery","29.7%","18.0%","5.2%","13.3%","$8,994.00","$426,333.59","","12.0%","-3.4%","9.5%","7.0%","2.3%","2.3%","$842.19","-11.4%","40.7%","13.5%","0.1","0.9","$387,133.59","1.9%","4.9%","18.7%","2.4","1.6","45.8%","13.1%","21.2%","14.2%","33.8%"
"KO","The Coca-Cola Company","US","NYSE","Beverages","61.9%","18.0%","6.3%","7.3%","$14,297.00","$404,591.91","$266.00","28.5%","-0.2%","5.9%","1.5%","3.8%","3.5%","$87.05","4.3%","25.9%","1.8%","0.0","2.6","$374,536.91","0.2%","4.3%","31.8%","1.6","0.4","16.0%","11.4%","7.6%","15.8%","12.2%"
"MRK","Merck & Co., Inc.","US","NYSE","Pharmaceuticals","75.9%","-80.4%","5.8%","2.6%","$16,063.00","$364,049.93","$892.00","24.1%","-0.9%","1.5%","1.5%","5.1%","5.9%","$128.58","4.1%","20.8%","4.0%","0.1","-1.5","$317,228.93","1.2%","4.5%","35.3%","1.6","0.3","10.2%","1.3%","4.0%","12.8%","14.9%"
"NFLX","Netflix, Inc.","US","NasdaqGS","Entertainment","49.1%","35.5%","24.0%","17.5%","$11,152.01","$316,241.24","$487.33","23.1%","-2.2%","-6.9%","-0.2%","3.6%","2.9%","$74.14","1.0%","-18.5%","12.3%","0.0","0.6","$308,714.49","3.1%","14.6%","29.7%","0.5","1.7","20.0%","50.0%","23.2%","23.4%","7.5%"
"DELL","Dell Technologies Inc.","US","NYSE","Technology Hardware, Storage and Peripherals","19.2%","95.8%","5.3%","19.8%","$9,442.00","$313,466.05","$722.00","7.0%","-3.9%","10.7%","22.6%","3.2%","4.8%","$453.77","4.5%","255.1%","30.3%","0.0","0.5","$293,200.05","2.1%","11.3%","8.4%","1.4","1.1","104.4%","68.1%","19.6%","14.6%","58.7%"
"GEV","GE Vernova Inc.","US","NYSE","Electrical Equipment","20.6%","742.9%","27.9%","25.8%","$12,438.00","$255,913.47","","30.1%","","20.4%","3.1%","4.7%","1.9%","$990.32","-9.3%","45.7%","17.5%","0.0","-2.8","$263,755.47","2.0%","8.7%","6.6%","-2.3","","","20.9%","21.3%","5.3%",""
"KLAC","KLA Corporation","US","NasdaqGS","Semiconductors and Semiconductor Equipment","61.3%","20.4%","9.9%","12.4%","$3,767.13","$260,089.29","$310.17","27.7%","-1.5%","2.5%","1.5%","1.5%","2.3%","$198.11","-14.4%","55.4%","24.3%","0.0","1.2","$258,839.98","0.9%","9.0%","41.7%","0.2","1.4","60.1%","14.9%","21.6%","45.1%","43.6%"
"ANET","Arista Networks, Inc.","US","NYSE","Communications Equipment","63.0%","23.9%","28.0%","30.0%","$5,155.30","$224,611.95","$502.30","48.9%","0.6%","8.2%","7.2%","2.2%","2.2%","$188.67","0.9%","41.2%","33.9%","0.0","1.6","$237,955.25","0.3%","26.1%","43.1%","-2.9","1.4","62.5%","32.7%","20.2%","46.2%","52.1%"
"APH","Amphenol Corporation","US","NYSE","Electronic Equipment, Instruments and Components","39.0%","59.3%","41.0%","70.4%","$4,713.70","$222,118.84","$157.10","16.2%","1.1%","12.0%","5.3%","2.3%","2.9%","$169.18","6.4%","21.1%","33.9%","0.0","0.7","$208,596.14","0.1%","32.2%","28.1%","1.4","1.2","58.1%","37.4%","27.9%","22.9%","36.9%"
"MRVL","Marvell Technology, Inc.","US","NasdaqGS","Semiconductors and Semiconductor Equipment","51.5%","-609.8%","16.7%","41.9%","$1,665.40","$192,981.23","$656.30","19.1%","0.6%","1.1%","0.4%","0.9%","1.7%","$218.72","-7.2%","144.7%","42.9%","0.0","1.8","$191,547.63","1.2%","14.6%","16.4%","0.5","1.9","55.4%","145.7%","38.2%","6.2%","30.2%"
"TMUS","T-Mobile US, Inc.","US","NasdaqGS","Wireless Telecommunication Services","63.1%","-9.9%","6.3%","8.6%","$18,399.00","$307,668.68","$866.00","20.0%","-3.0%","31.1%","-0.7%","9.7%","9.1%","$177.19","-5.6%","-11.2%","5.7%","0.1","1.5","$190,066.68","6.5%","5.5%","22.1%","3.4","0.4","10.4%","24.1%","13.7%","7.6%","5.3%"
"STX","Seagate Technology Holdings plc","SG","NasdaqGS","Technology Hardware, Storage and Peripherals","45.6%","105.3%","57.9%","73.7%","$3,105.00","$186,401.60","$213.00","25.5%","3.0%","16.6%","3.9%","1.7%","3.6%","$812.76","-10.7%","182.7%","43.2%","0.0","0.5","$184,207.60","0.1%","18.2%","34.7%","0.5","1.6","135.4%","75.8%","77.6%","70.4%","59.1%"
"DIS","The Walt Disney Company","US","NYSE","Entertainment","37.6%","-24.1%","8.9%","4.5%","$8,293.00","$228,812.72","$1,519.00","8.4%","-1.9%","3.4%","-0.6%","4.6%","7.9%","$104.91","9.7%","-6.2%","5.9%","0.1","1.4","$181,146.72","4.6%","4.0%","15.6%","1.9","1.5","5.7%","57.8%","11.2%","5.9%","-9.4%"
"SNDK","Sandisk Corporation","US","NasdaqGS","Technology Hardware, Storage and Peripherals","71.5%","-751.7%","222.9%","554.2%","$11,494.00","$175,857.29","$232.00","56.8%","","75.0%","6.8%","6.4%","16.1%","$1,212.21","-36.7%","340.4%","69.6%","0.0","0.1","$180,619.29","2.8%","49.3%","61.6%","-0.5","","","70.9%","539.7%","84.2%",""
"T","AT&T Inc.","US","NYSE","Diversified Telecommunication Services","59.7%","72.1%","2.0%","2.7%","$17,654.00","$329,199.25","","13.9%","-1.4%","3.4%","-0.8%","10.8%","10.0%","$23.79","12.6%","-3.1%","2.5%","0.2","0.8","$163,018.25","4.9%","1.6%","21.8%","3.3","0.6","25.3%","36.5%","9.8%","6.3%","8.4%"
"BKNG","Booking Holdings Inc.","US","NasdaqGS","Hotels, Restaurants and Leisure","87.2%","56.1%","14.0%","13.4%","$9,539.00","$164,525.01","$601.00","33.8%","-5.6%","5.7%","2.3%","5.9%","7.2%","$214.42","20.2%","0.7%","9.0%","0.0","1.6","$161,111.01","6.5%","13.4%","34.9%","0.3","1.3","18.5%","24.8%","16.1%","41.2%","19.5%"
"CRM","Salesforce, Inc.","US","NYSE","Software","77.6%","34.8%","11.9%","11.4%","$14,661.00","$188,565.06","$3,552.00","34.2%","-5.6%","24.9%","0.7%","9.3%","10.7%","$192.74","18.0%","-24.0%","10.3%","0.0","1.7","$157,854.06","23.3%","10.0%","21.9%","2.4","1.3","-2.6%","183.2%","9.2%","7.4%","-4.6%"
"UBER","Uber Technologies, Inc.","US","NYSE","Ground Transportation","40.8%","-22.1%","26.1%","25.3%","$10,116.00","$159,059.86","$1,939.00","18.3%","-0.0%","-9.6%","-0.5%","6.6%","6.8%","$75.02","0.6%","-9.5%","13.5%","0.0","-0.5","$153,232.86","4.4%","16.4%","12.1%","0.6","1.2","19.0%","183.5%","32.4%","18.6%","11.5%"
"WDC","Western Digital Corporation","US","NasdaqGS","Technology Hardware, Storage and Peripherals","48.9%","372.4%","65.5%","70.9%","$3,511.00","$149,168.45","$204.00","27.2%","2.5%","10.5%","1.3%","2.3%","4.4%","$434.30","-25.5%","131.4%","42.3%","0.0","0.2","$149,695.45","1.7%","27.4%","35.6%","-0.1","1.9","139.7%","65.3%","72.1%","42.2%","54.6%"
"GLW","Corning Incorporated","US","NYSE","Electronic Equipment, Instruments and Components","36.4%","130.9%","12.6%","24.0%","$2,395.00","$150,156.82","$419.00","14.1%","0.3%","1.2%","2.3%","1.7%","1.4%","$165.68","-13.2%","82.7%","18.1%","0.1","2.6","$142,714.82","0.2%","8.4%","15.6%","1.7","1.1","76.0%","43.1%","26.4%","9.2%","35.8%"
"ISRG","Intuitive Surgical, Inc.","US","NasdaqGS","Health Care Equipment and Supplies","66.7%","21.6%","18.3%","20.8%","$3,222.60","$128,738.35","$826.20","29.2%","0.2%","18.7%","2.4%","2.4%","2.4%","$378.81","-6.9%","-32.6%","14.7%","0.0","2.1","$133,825.25","2.7%","18.3%","31.3%","-1.2","1.7","7.5%","29.8%","14.9%","20.2%","2.7%"
"NEM","Newmont Corporation","US","NYSE","Metals and Mining","68.0%","42.3%","65.0%","52.9%","$9,733.00","$115,069.78","$99.00","37.8%","9.8%","33.5%","-3.0%","8.2%","8.6%","$112.98","18.6%","11.6%","13.1%","0.1","0.4","$118,723.78","3.7%","32.0%","55.2%","-0.2","0.4","44.8%","102.2%","28.2%","18.8%","17.6%"
"FTNT","Fortinet, Inc.","US","NasdaqGS","Software","80.2%","12.8%","16.6%","17.2%","$3,117.00","$113,621.85","$296.10","41.4%","-2.2%","9.0%","8.4%","2.7%","3.8%","$159.64","1.4%","105.0%","15.1%","0.0","2.3","$117,130.05","2.5%","14.7%","32.4%","-1.4","1.1","38.2%","28.5%","9.5%","23.5%","21.6%"
"APP","AppLovin Corporation","US","NasdaqGS","Media","88.5%","85.0%","52.9%","64.6%","$4,527.59","$116,518.57","$282.38","66.3%","-1.3%","11.9%","-0.9%","3.9%","3.2%","$346.80","-31.6%","-43.9%","38.3%","0.0","0.4","$116,056.80","2.2%","33.3%","77.4%","0.1","2.5","110.8%","522.7%","38.2%","116.5%","43.5%"
"HWM","Howmet Aerospace Inc.","US","NYSE","Aerospace and Defense","36.0%","35.6%","24.6%","30.8%","$1,791.00","$116,515.14","$91.00","19.6%","-1.1%","8.7%","4.8%","1.6%","1.6%","$281.88","4.1%","33.1%","17.3%","0.0","1.5","$112,414.14","0.9%","13.7%","27.3%","1.5","1.3","78.8%","54.5%","22.1%","20.1%","54.8%"
"ADP","Automatic Data Processing, Inc.","US","NasdaqGS","Professional Services","48.7%","9.6%","7.9%","7.3%","$5,244.60","$108,931.33","$242.60","23.9%","-1.2%","2.3%","0.6%","4.9%","7.9%","$271.32","12.2%","7.3%","5.8%","0.0","2.4","$107,785.33","1.9%","6.8%","26.5%","0.2","0.9","5.1%","10.0%","9.6%","8.7%","6.9%"
"ACN","Accenture plc","IE","NYSE","IT Services","32.0%","-0.5%","4.5%","6.6%","$12,581.69","$107,364.82","$2,084.07","17.2%","-1.0%","3.3%","-0.2%","11.7%","8.8%","$175.72","29.9%","-32.4%","4.9%","0.0","1.9","$107,530.47","4.0%","4.8%","15.8%","-0.1","1.3","-15.4%","3.7%","7.4%","18.8%","-9.6%"
"TT","Trane Technologies plc","IE","NYSE","Building Products","35.4%","4.7%","13.5%","4.5%","$3,546.50","$109,440.08","$90.80","16.0%","-1.2%","1.6%","2.5%","3.3%","3.1%","$482.31","0.5%","21.2%","10.1%","0.0","2.1","$106,119.38","1.3%","9.7%","17.8%","0.8","1.2","35.1%","17.6%","13.6%","18.8%","21.8%"
"GD","General Dynamics Corporation","US","NYSE","Aerospace and Defense","15.4%","10.1%","8.6%","8.9%","$6,436.00","$111,058.39","$214.00","11.7%","-0.3%","1.3%","4.1%","6.1%","5.4%","$392.05","4.5%","14.2%","5.5%","0.0","2.4","$105,912.39","0.3%","10.3%","10.4%","0.8","0.4","22.7%","10.4%","8.0%","9.2%","17.0%"
"ADBE","Adobe Inc.","US","NasdaqGS","Software","89.4%","11.9%","11.7%","11.7%","$10,280.00","$106,871.98","$2,029.00","40.8%","-4.5%","3.2%","2.6%","9.8%","9.7%","$265.21","18.6%","-20.4%","10.3%","0.0","0.9","$105,420.98","8.7%","11.0%","36.7%","0.1","1.5","-19.9%","18.6%","12.3%","25.7%","-15.7%"
"PWR","Quanta Services, Inc.","US","NYSE","Construction and Engineering","15.5%","35.6%","24.2%","29.8%","$2,287.79","$107,210.42","$225.74","7.0%","1.2%","4.7%","11.2%","2.3%","1.9%","$671.86","2.0%","52.8%","25.6%","0.0","1.4","$101,009.71","0.2%","21.5%","6.1%","2.0","1.1","50.0%","30.7%","19.6%","8.2%","48.4%"
"SPOT","Spotify Technology S.A.","SE","NYSE","Entertainment","32.8%","314.4%","23.8%","12.7%","$3,730.73","$92,906.14","$312.89","18.0%","1.8%","18.0%","-0.3%","3.7%","4.1%","$488.14","1.7%","-15.1%","13.9%","0.0","1.6","$100,353.87","1.1%","13.4%","14.6%","-2.4","1.7","53.1%","46.8%","23.4%","43.3%","17.8%"
"FCX","Freeport-McMoRan Inc.","US","NYSE","Metals and Mining","38.3%","54.6%","6.2%","-1.5%","$1,762.00","$118,367.54","$150.00","6.8%","0.1%","21.9%","4.2%","1.8%","3.9%","$69.62","13.4%","34.1%","17.1%","0.2","0.5","$99,975.54","0.2%","5.7%","27.3%","0.7","1.5","19.6%","11.6%","44.7%","9.9%","14.3%"
"CEG","Constellation Energy Corporation","US","NasdaqGS","Electric Utilities","22.1%","7.8%","46.6%","27.2%","$295.00","$119,972.02","","0.9%","3.3%","2.4%","-1.6%","0.3%","3.8%","$269.89","7.4%","-26.3%","17.3%","0.1","1.0","$95,624.02","2.1%","5.8%","15.0%","3.0","1.1","37.7%","63.7%","20.8%","4.5%",""
"MAR","Marriott International, Inc.","US","NasdaqGS","Hotels, Restaurants and Leisure","79.2%","8.9%","6.8%","9.6%","$2,782.00","$109,599.80","$249.00","37.7%","-4.4%","-1.5%","-1.7%","3.0%","3.2%","$353.91","-5.9%","12.9%","6.1%","0.1","2.2","$92,287.80","4.0%","7.3%","58.6%","3.6","1.2","20.5%","2.9%","14.1%","11.5%","21.7%"
"AEM","Agnico Eagle Mines Limited","CA","NYSE","Metals and Mining","74.5%","98.7%","46.6%","64.6%","$4,563.53","$87,390.60","$95.39","31.4%","0.8%","1.9%","-0.7%","5.0%","6.7%","$178.82","21.8%","4.9%","15.6%","0.2","0.3","$90,548.16","1.1%","33.8%","60.0%","-0.3","0.6","57.7%","31.7%","29.6%","18.8%","28.3%"
"HCA","HCA Healthcare, Inc.","US","NYSE","Health Care Providers and Services","42.6%","25.9%","11.5%","11.7%","$5,997.00","$143,348.06","$375.00","7.7%","-7.3%","0.3%","2.5%","6.7%","7.1%","$413.36","1.7%","-12.1%","3.9%","0.1","2.9","$89,493.06","9.7%","8.0%","15.5%","3.2","1.4","16.5%","13.7%","8.4%","18.9%","12.4%"
"INTU","Intuit Inc.","US","NasdaqGS","Software","80.8%","33.6%","14.7%","15.8%","$7,755.00","$89,087.91","$2,039.00","37.1%","-0.8%","12.7%","0.3%","8.7%","6.4%","$325.25","18.3%","-48.3%","12.4%","0.0","1.1","$88,967.91","5.4%","14.1%","27.5%","0.0","1.3","-12.8%","27.4%","14.6%","14.6%","-8.7%"
"CMI","Cummins Inc.","US","NYSE","Machinery","25.8%","-8.0%","5.4%","2.2%","$3,367.00","$94,112.72","","9.7%","-0.9%","14.3%","1.3%","3.8%","3.3%","$644.26","-4.7%","23.4%","10.2%","0.0","1.3","$88,691.72","0.5%","2.5%","11.3%","0.9","1.1","42.6%","3.1%","15.2%","11.6%","25.4%"
"RCL","Royal Caribbean Cruises Ltd.","US","NYSE","Hotels, Restaurants and Leisure","50.3%","20.4%","25.6%","11.8%","-$416.00","$108,451.67","$151.00","-2.2%","1.4%","0.1%","0.1%","-0.5%","3.2%","$320.00","12.1%","13.0%","8.2%","0.4","1.4","$85,584.67","2.4%","15.9%","27.4%","3.3","1.9","47.1%","319.1%","12.8%","10.6%","32.5%"
"MCO","Moody's Corporation","US","NYSE","Capital Markets","75.0%","34.0%","16.5%","15.0%","$2,967.00","$89,002.22","$232.00","36.4%","-1.9%","2.6%","4.9%","3.6%","3.6%","$477.75","-2.0%","-4.3%","7.3%","0.0","2.2","$82,737.22","3.9%","13.9%","46.2%","1.5","1.5","13.0%","26.6%","11.5%","22.3%","5.6%"
"ROST","Ross Stores, Inc.","US","NasdaqGS","Specialty Retail","32.7%","13.1%","10.7%","17.2%","$2,632.33","$82,465.12","$195.18","11.1%","-2.0%","5.1%","6.4%","3.2%","2.9%","$255.23","14.5%","39.7%","8.5%","0.0","2.0","$81,872.95","1.5%","8.0%","12.2%","0.2","1.0","32.3%","16.7%","10.9%","24.6%","16.5%"
"EPD","Enterprise Products Partners L.P.","US","NYSE","Oil, Gas and Consumable Fuels","13.3%","7.8%","5.7%","8.0%","$2,199.00","$116,726.81","","4.3%","-0.1%","-0.8%","29.0%","2.6%","7.2%","$37.75","2.8%","17.4%","9.8%","0.1","1.2","$81,672.81","0.4%","3.8%","12.9%","3.3","0.6","20.3%","5.3%","8.1%","10.4%","18.8%"
"NOC","Northrop Grumman Corporation","US","NYSE","Aerospace and Defense","20.1%","16.0%","3.9%","9.9%","$3,646.00","$95,517.38","$128.00","8.5%","-2.1%","1.3%","0.7%","4.5%","3.5%","$571.58","5.9%","-2.4%","5.8%","0.0","1.8","$81,200.38","1.1%","4.2%","13.4%","2.0","0.0","11.8%","1.4%","7.1%","11.2%","11.3%"
"REGN","Regeneron Pharmaceuticals, Inc.","US","NasdaqGS","Biotechnology","44.5%","1.9%","0.5%","2.6%","$3,760.40","$63,205.96","$986.70","24.2%","-2.0%","6.4%","12.2%","4.8%","6.8%","$784.36","18.0%","1.0%","13.1%","0.1","1.0","$78,322.26","4.0%","7.0%","26.9%","-3.2","0.4","-0.4%","2.3%","10.5%","12.2%","5.0%"
"MSI","Motorola Solutions, Inc.","US","NYSE","Communications Equipment","52.1%","2.2%","10.1%","11.6%","$2,677.00","$86,301.62","$357.00","21.9%","-0.3%","5.4%","4.4%","3.5%","3.9%","$467.55","10.6%","22.7%","9.0%","0.0","2.5","$77,376.62","1.3%","8.2%","26.2%","2.4","1.0","19.7%","13.0%","9.0%","17.8%","16.7%"
"AON","Aon plc","IE","NYSE","Insurance","48.2%","52.0%","12.0%","8.5%","$3,248.00","$90,893.54","$370.00","18.5%","1.5%","2.2%","-0.6%","4.3%","5.8%","$358.30","0.6%","4.1%","5.2%","0.0","1.7","$76,004.54","2.2%","10.9%","28.5%","2.5","0.8","5.1%","12.3%","11.9%","7.7%","6.9%"
"ORLY","O'Reilly Automotive, Inc.","US","NasdaqGS","Specialty Retail","51.6%","12.9%","7.3%","9.0%","$2,156.26","$84,916.42","$33.82","11.6%","-3.6%","3.6%","0.6%","2.8%","2.6%","$93.53","8.4%","3.5%","6.8%","0.1","2.9","$75,662.10","4.4%","6.9%","19.6%","2.2","0.6","14.4%","9.5%","9.7%","25.1%","18.5%"
"URI","United Rentals, Inc.","US","NYSE","Trading Companies and Distributors","38.5%","7.7%","5.0%","4.1%","$2,031.00","$87,651.06","$143.00","12.1%","-3.0%","8.6%","4.7%","2.8%","4.5%","$1,162.84","6.1%","37.6%","9.4%","0.2","1.7","$72,378.06","2.9%","8.5%","25.2%","3.3","1.7","35.3%","8.2%","13.1%","11.3%","27.9%"
"BSX","Boston Scientific Corporation","US","NYSE","Health Care Equipment and Supplies","69.2%","46.9%","16.2%","14.4%","$3,625.00","$83,788.51","$320.00","17.3%","-0.3%","1.6%","1.4%","5.1%","4.1%","$49.31","10.1%","-47.9%","5.5%","0.0","2.5","$71,461.51","2.5%","16.1%","20.5%","2.1","0.7","-1.0%","60.3%","10.9%","10.4%","2.9%"
"HPE","Hewlett Packard Enterprise Company","US","NYSE","Technology Hardware, Storage and Peripherals","33.8%","2.8%","9.2%","36.4%","$3,989.00","$86,547.11","$807.00","10.3%","0.8%","10.8%","9.4%","5.7%","3.9%","$53.22","9.6%","120.2%","20.8%","0.1","0.7","$70,474.11","0.6%","9.4%","6.0%","2.8","1.3","48.4%","10.8%","18.4%","5.8%","32.9%"
"SE","Sea Limited","SG","NYSE","Broadline Retail","44.3%","78.6%","27.1%","41.4%","$4,672.69","$62,646.09","$625.00","18.5%","2.6%","-5.5%","10.9%","6.7%","8.7%","$113.43","2.1%","-13.7%","25.9%","0.0","2.0","$69,474.12","0.2%","26.0%","8.4%","-2.8","1.6","25.6%","13.1%","25.6%","8.7%","-17.5%"
"LITE","Lumentum Holdings Inc.","US","NasdaqGS","Communications Equipment","40.8%","-182.0%","10.7%","132.9%","$114.00","$69,396.63","$169.40","4.6%","4.2%","18.6%","-0.2%","0.2%","1.9%","$890.17","11.0%","130.5%","86.0%","0.1","0.6","$69,255.23","0.2%","11.0%","10.2%","0.3","1.5","161.7%","112.8%","181.8%","9.3%","62.1%"
"CRH","CRH plc","IE","NYSE","Construction Materials","36.2%","18.7%","7.4%","7.0%","$2,766.00","$85,135.79","$150.00","7.2%","-2.4%","-1.8%","1.1%","4.1%","4.2%","$100.48","-4.0%","-20.5%","5.9%","0.1","1.0","$66,847.79","1.7%","4.5%","14.1%","2.2","1.2","22.4%","12.8%","8.3%","8.7%","15.5%"
"TEL","TE Connectivity plc","IE","NYSE","Electronic Equipment, Instruments and Components","36.1%","111.5%","10.9%","20.3%","$3,315.00","$67,356.40","$174.00","17.2%","-2.7%","1.1%","3.0%","5.3%","5.1%","$216.33","8.0%","-7.2%","12.0%","0.1","0.7","$62,630.40","2.6%","5.7%","20.4%","0.9","1.2","19.0%","16.3%","20.0%","15.5%","9.4%"
"GWW","W.W. Grainger, Inc.","US","NYSE","Trading Companies and Distributors","39.4%","-0.6%","5.6%","8.2%","$1,510.00","$62,763.81","$68.00","8.0%","-2.0%","-0.2%","1.3%","2.5%","2.9%","$1,277.55","-7.1%","27.3%","8.3%","0.0","1.9","$60,173.81","1.7%","5.6%","15.7%","0.7","1.1","22.6%","4.1%","10.9%","32.4%","24.8%"
"GRMN","Garmin Ltd.","CH","NYSE","Household Durables","60.1%","19.7%","17.7%","15.7%","$1,599.84","$55,812.91","$172.52","20.9%","0.2%","13.1%","4.4%","2.7%","3.3%","$310.89","27.9%","53.6%","11.2%","0.0","1.8","$59,955.92","0.3%","16.0%","27.6%","-1.8","1.0","46.9%","23.3%","9.1%","23.9%","15.9%"
"MPLX","MPLX LP","US","NYSE","Oil, Gas and Consumable Fuels","55.7%","10.4%","2.5%","3.9%","$3,894.00","$84,571.08","","33.2%","0.4%","1.8%","5.4%","6.5%","6.1%","$58.85","5.2%","9.2%","3.1%","0.2","-44.1","$59,717.08","0.6%","3.3%","39.0%","4.0","0.5","29.2%","5.6%","6.7%","11.6%","26.5%"
"FIX","Comfort Systems USA, Inc.","US","NYSE","Construction and Engineering","25.7%","109.0%","50.8%","66.7%","$2,159.81","$58,003.78","$38.23","19.2%","-0.5%","54.4%","9.2%","3.6%","2.0%","$1,694.55","-3.5%","68.8%","30.1%","0.0","0.6","$59,540.27","0.2%","33.6%","16.5%","-0.8","1.6","113.4%","81.7%","34.7%","28.5%","86.3%"
"TER","Teradyne, Inc.","US","NasdaqGS","Semiconductors and Semiconductor Equipment","59.2%","152.5%","16.7%","58.2%","$799.93","$58,920.78","$73.93","17.9%","0.5%","20.9%","9.1%","1.3%","1.6%","$379.31","5.5%","82.7%","39.7%","0.1","0.4","$59,301.61","0.8%","16.0%","30.7%","-0.3","1.8","53.5%","29.1%","54.2%","34.8%","25.9%"
"CIEN","Ciena Corporation","US","NYSE","Communications Equipment","43.0%","311.9%","11.7%","34.0%","$832.66","$58,552.65","$201.06","15.0%","-1.8%","15.5%","4.6%","1.4%","1.4%","$412.39","-10.5%","67.6%","29.6%","0.0","0.9","$58,375.01","0.9%","11.4%","11.2%","0.2","1.2","115.0%","31.0%","78.9%","14.9%","48.9%"
"LHX","L3Harris Technologies, Inc.","US","NYSE","Aerospace and Defense","25.5%","10.6%","6.7%","6.2%","$2,808.00","$63,828.14","$338.00","12.2%","-0.5%","3.6%","1.0%","5.3%","5.6%","$286.67","-1.4%","-5.8%","7.4%","0.0","2.5","$53,382.14","1.6%","8.4%","12.9%","2.3","0.7","17.8%","33.1%","12.2%","6.4%","6.4%"
"NDAQ","Nasdaq, Inc.","US","NasdaqGS","Capital Markets","100.0%","31.9%","15.6%","14.2%","$1,951.00","$61,640.67","$171.00","34.8%","4.4%","2.8%","2.8%","3.7%","5.0%","$94.59","7.4%","-2.1%","10.4%","0.1","1.5","$52,873.67","2.6%","15.6%","48.1%","2.6","1.0","24.2%","15.4%","12.7%","7.7%","10.0%"
"ADSK","Autodesk, Inc.","US","NasdaqGS","Software","92.4%","46.8%","14.0%","18.8%","$2,729.00","$52,007.06","$713.00","36.4%","-0.4%","7.8%","2.2%","5.2%","5.5%","$249.08","19.5%","-13.1%","12.1%","0.0","1.7","$52,592.06","3.1%","13.7%","27.2%","-0.3","1.5","6.2%","21.0%","16.3%","13.0%","-5.6%"
"EBAY","eBay Inc.","US","NasdaqGS","Broadline Retail","72.1%","7.3%","6.3%","14.2%","$2,428.00","$53,662.10","$644.00","20.2%","-5.8%","5.0%","3.9%","4.9%","6.7%","$111.98","-4.5%","28.6%","9.2%","0.1","2.2","$49,831.10","4.6%","6.5%","21.9%","1.2","1.3","39.8%","25.2%","10.0%","14.4%","12.7%"
"WAB","Westinghouse Air Brake Technologies Corporation","US","NYSE","Machinery","35.7%","10.8%","16.1%","20.7%","$1,714.00","$55,595.88","$94.00","14.3%","-1.9%","7.6%","3.4%","3.5%","3.4%","$291.81","11.7%","34.9%","9.5%","0.0","1.9","$49,289.88","1.2%","10.1%","17.9%","2.4","1.0","37.6%","25.6%","16.3%","8.8%","27.9%"
"VST","Vistra Corp.","US","NYSE","Independent Power and Renewable Electricity Producers","38.3%","-5.3%","11.1%","-2.2%","$2,255.00","$69,636.24","$134.00","11.7%","-2.9%","-0.2%","-27.2%","4.8%","7.3%","$140.59","-11.5%","-14.9%","18.5%","0.1","0.3","$47,238.24","2.5%","4.9%","19.8%","3.0","1.4","67.9%","17.8%","53.4%","7.9%","52.9%"
"FLEX","Flex Ltd.","US","NasdaqGS","Electronic Equipment, Instruments and Components","9.5%","13.6%","12.5%","19.7%","$826.00","$47,917.05","$142.00","2.8%","-6.1%","10.5%","4.6%","1.8%","2.6%","$121.35","-10.6%","90.6%","26.9%","0.0","1.1","$44,827.05","1.6%","1.4%","5.4%","1.5","1.2","65.4%","14.4%","17.7%","10.3%","46.4%"
"PAYX","Paychex, Inc.","US","NasdaqGS","Professional Services","74.3%","6.8%","10.8%","20.0%","$2,321.80","$46,182.77","$96.10","35.7%","-0.5%","2.3%","-0.0%","5.4%","5.8%","$120.04","12.8%","10.5%","5.4%","0.0","2.9","$42,696.17","1.4%","9.2%","39.5%","1.2","0.9","2.3%","4.4%","8.8%","14.3%","3.9%"
"UAL","United Airlines Holdings, Inc.","US","NasdaqGS","Passenger Airlines","31.8%","7.1%","5.5%","-0.4%","$2,544.00","$59,084.07","","4.0%","-0.3%","10.0%","0.6%","6.0%","5.1%","$129.56","2.8%","14.6%","9.8%","0.1","-4.9","$42,053.07","0.2%","7.3%","7.0%","2.4","1.3","34.8%","10.1%","15.2%","4.3%","22.2%"
"CMG","Chipotle Mexican Grill, Inc.","US","NYSE","Hotels, Restaurants and Leisure","39.4%","-4.5%","9.2%","5.2%","$1,568.99","$46,234.40","$98.91","12.6%","-2.8%","1.4%","0.5%","3.8%","3.3%","$32.79","-7.0%","-12.5%","10.0%","0.1","-17.4","$41,493.06","6.9%","10.2%","15.3%","2.1","1.0","-3.9%","10.3%","7.9%","17.5%","-2.6%"
"MSCI","MSCI Inc.","US","NYSE","Capital Markets","83.0%","21.0%","12.7%","12.7%","$1,597.93","$47,133.96","$121.24","47.9%","-2.8%","2.1%","-0.4%","3.9%","3.6%","$563.17","-6.9%","-0.4%","10.4%","0.0","2.2","$40,942.46","6.6%","12.4%","55.7%","3.2","1.3","2.2%","17.0%","14.0%","29.7%","-1.0%"
"SYY","Sysco Corporation","US","NYSE","Consumer Staples Distribution and Retail","18.5%","-1.9%","3.9%","4.5%","$1,938.00","$53,517.44","$118.00","2.3%","-1.8%","-0.4%","1.1%","4.8%","6.3%","$84.29","0.5%","16.1%","4.2%","0.0","2.2","$40,336.44","0.2%","3.5%","4.2%","2.9","0.6","8.3%","1.8%","5.7%","16.0%","4.2%"
"HIG","The Hartford Insurance Group, Inc.","US","NYSE","Insurance","37.9%","40.6%","13.3%","20.9%","$5,789.00","$43,403.54","","19.7%","-4.0%","-8.8%","0.4%","14.9%","","$143.28","3.2%","4.5%","2.5%","0.0","-2.0","$38,810.54","4.5%","7.5%","18.0%","0.8","0.6","27.5%","35.5%","3.7%","5.2%","18.9%"
"EXPE","Expedia Group, Inc.","US","NasdaqGS","Hotels, Restaurants and Leisure","90.4%","95.2%","10.3%","13.0%","$4,459.00","$37,112.61","$412.00","28.4%","-5.8%","12.2%","3.4%","12.0%","11.1%","$310.68","14.7%","9.8%","8.4%","0.0","0.7","$37,287.61","5.0%","8.6%","17.4%","-0.5","1.4","41.3%","42.2%","20.8%","7.8%","16.2%"
"VMC","Vulcan Materials Company","US","NYSE","Construction Materials","27.5%","18.5%","8.9%","6.7%","$1,027.20","$41,661.57","$54.80","12.7%","-0.8%","22.3%","1.0%","2.8%","3.1%","$284.69","-3.6%","-2.7%","4.3%","0.1","2.3","$36,889.77","2.3%","2.3%","19.9%","2.0","1.1","9.1%","16.0%","15.9%","7.9%","9.6%"
"TWLO","Twilio Inc.","US","NYSE","IT Services","48.6%","5,608.6%","11.7%","14.5%","$1,049.81","$35,463.82","$590.31","18.8%","-5.3%","8.2%","4.8%","2.8%","4.9%","$241.28","12.5%","74.4%","14.4%","0.0","1.6","$37,054.63","2.2%","11.2%","6.1%","-3.2","1.3","58.6%","3.1%","14.3%","30.6%","-8.0%"
"EME","EMCOR Group, Inc.","US","NYSE","Construction and Engineering","19.4%","33.4%","26.3%","18.5%","$1,171.38","$35,658.03","$22.51","6.3%","-2.2%","15.8%","9.4%","3.3%","3.4%","$816.90","4.5%","27.9%","14.6%","0.0","0.9","$36,033.38","1.2%","16.7%","9.6%","-0.2","1.2","55.4%","47.3%","12.2%","21.2%","47.1%"
"MLM","Martin Marietta Materials, Inc.","US","NYSE","Construction Materials","28.2%","125.1%","3.5%","6.7%","$810.00","$39,185.32","$50.00","12.1%","-0.9%","-7.2%","1.2%","2.5%","3.2%","$548.57","-5.0%","-13.5%","12.7%","0.1","-18.2","$32,950.32","0.7%","1.1%","21.5%","2.9","1.2","6.8%","38.7%","11.2%","6.0%","8.4%"
"GEHC","GE HealthCare Technologies Inc.","US","NasdaqGS","Health Care Equipment and Supplies","39.5%","-11.1%","3.7%","1.3%","$1,579.00","$41,122.52","$154.00","7.4%","-0.2%","-5.7%","0.7%","4.9%","5.5%","$71.77","11.0%","-13.3%","5.0%","0.0","2.2","$32,417.52","1.2%","3.8%","14.0%","2.4","1.2","-0.1%","6.2%","8.6%","7.8%",""
"WTW","Willis Towers Watson Public Limited Company","GB","NasdaqGS","Insurance","42.5%","1,127.7%","1.4%","1.5%","$1,689.00","$37,546.10","$194.00","16.7%","-4.0%","2.4%","2.4%","5.3%","6.6%","$344.82","19.0%","5.7%","6.6%","0.0","1.3","$32,024.10","5.5%","3.6%","23.7%","1.9","0.6","21.2%","17.9%","14.5%","7.3%","11.1%"
"DXCM","DexCom, Inc.","US","NasdaqGS","Health Care Equipment and Supplies","62.5%","77.4%","14.9%","22.8%","$1,405.00","$31,432.72","$162.40","28.3%","-0.9%","4.5%","1.4%","4.4%","4.6%","$84.75","13.1%","27.4%","11.5%","0.1","1.2","$31,981.32","3.5%","15.8%","22.9%","-0.4","1.5","-9.2%","43.2%","19.7%","29.7%","-7.5%"
"RDDT","Reddit, Inc.","US","NYSE","Interactive Media and Services","91.4%","269.5%","61.2%","67.3%","$1,018.65","$28,345.03","$337.98","36.7%","","16.5%","10.1%","3.3%","4.0%","$161.70","-17.2%","-33.2%","41.6%","0.0","0.4","$31,110.52","1.0%","57.0%","28.2%","-3.5","","","13.6%","36.3%","154.3%",""
"ATI","ATI Inc.","US","NYSE","Aerospace and Defense","23.6%","17.8%","13.0%","15.2%","$526.30","$32,555.56","$28.50","11.2%","1.9%","7.9%","3.5%","1.7%","2.5%","$227.84","21.8%","91.1%","10.9%","0.1","1.2","$31,025.06","1.2%","4.5%","16.0%","1.5","1.1","73.0%","2.0%","25.9%","15.0%","62.7%"
"RMD","ResMed Inc.","US","NYSE","Health Care Equipment and Supplies","61.6%","9.7%","13.4%","12.8%","$1,649.54","$29,928.11","$104.35","29.2%","-0.6%","3.2%","0.2%","5.4%","5.2%","$211.94","4.0%","-13.4%","4.6%","0.0","2.5","$30,571.42","2.1%","10.2%","34.0%","-0.3","0.9","7.2%","19.6%","12.8%","23.4%","-4.2%"
"MTD","Mettler-Toledo International Inc.","CH","NYSE","Life Sciences Tools and Services","60.3%","12.5%","2.0%","7.5%","$863.97","$30,727.47","$22.83","20.9%","-2.9%","4.3%","0.1%","3.0%","3.5%","$1,429.46","10.3%","1.3%","5.0%","0.0","3.0","$28,641.46","2.7%","1.5%","28.9%","1.6","1.4","4.7%","3.8%","9.5%","34.3%","-1.2%"
"DOV","Dover Corporation","US","NYSE","Machinery","40.1%","-49.9%","4.4%","8.7%","$1,171.68","$29,939.05","$40.86","13.9%","-1.3%","0.4%","-0.7%","4.1%","4.6%","$211.13","-2.0%","7.9%","6.0%","0.0","2.3","$28,435.04","2.1%","1.2%","18.0%","0.8","1.3","15.4%","4.8%","9.8%","11.7%","5.5%"
"CRS","Carpenter Technology Corporation","US","NYSE","Aerospace and Defense","30.6%","41.8%","41.5%","24.3%","$362.30","$28,650.99","$26.40","11.6%","0.8%","4.8%","-1.4%","1.3%","1.6%","$570.66","-1.4%","68.7%","10.9%","0.1","2.2","$28,353.59","0.8%","7.0%","22.5%","0.4","1.3","116.5%","109.8%","28.6%","20.1%","74.1%"
"XYL","Xylem Inc.","US","NYSE","Machinery","39.2%","9.5%","16.0%","8.5%","$958.00","$30,117.13","$53.00","10.5%","-1.0%","3.3%","-0.2%","3.4%","3.5%","$120.32","-0.7%","-12.2%","2.8%","0.0","2.5","$28,093.13","4.4%","14.6%","15.5%","0.9","1.2","6.8%","30.9%","9.4%","7.7%","-0.2%"
"FISV","Fiserv, Inc.","US","NasdaqGS","Financial Services","56.2%","-12.6%","3.6%","-9.1%","$3,926.00","$55,298.89","$377.00","18.8%","-4.5%","4.6%","-1.5%","14.1%","11.7%","$52.41","3.9%","-20.1%","1.5%","0.1","-0.6","$27,869.89","5.8%","4.2%","21.4%","3.5","0.8","-25.4%","9.6%","2.2%","4.8%","-14.0%"
"WRB","W. R. Berkley Corporation","US","NYSE","Insurance","43.8%","10.4%","9.8%","4.9%","$3,469.70","$28,330.71","$56.04","23.3%","-1.2%","14.1%","-0.4%","12.5%","","$71.60","-0.8%","3.2%","3.4%","0.0","1.2","$27,824.21","2.3%","8.6%","16.9%","0.2","0.4","22.5%","17.0%","5.5%","5.2%","20.0%"
"CPRT","Copart, Inc.","US","NasdaqGS","Commercial Services and Supplies","47.5%","6.6%","9.2%","7.4%","$1,339.23","$23,370.15","$38.11","28.9%","-1.0%","-8.1%","3.5%","4.9%","4.4%","$29.66","7.8%","-21.5%","1.9%","0.1","-50.8","$27,459.57","5.8%","7.3%","37.8%","-2.1","1.1","-12.0%","10.4%","2.8%","29.7%","-3.7%"
"HUBB","Hubbell Incorporated","US","NYSE","Electrical Equipment","35.3%","9.6%","8.5%","12.2%","$901.40","$32,328.41","$34.20","14.5%","-0.5%","0.2%","1.7%","3.3%","3.5%","$513.99","4.7%","11.0%","13.6%","0.0","2.5","$27,155.41","0.7%","6.3%","20.6%","3.4","1.0","20.9%","13.1%","8.9%","12.6%","22.5%"
"NVT","nVent Electric plc","GB","NYSE","Electrical Equipment","37.0%","3.8%","17.7%","37.9%","$577.70","$28,033.28","$40.50","12.0%","-0.8%","0.3%","16.9%","2.2%","2.8%","$164.69","2.6%","54.2%","27.9%","0.0","0.9","$26,656.38","0.2%","20.7%","17.4%","1.3","1.3","47.2%","10.2%","21.7%","10.7%","39.6%"
"DGX","Quest Diagnostics Incorporated","US","NYSE","Health Care Providers and Services","33.2%","12.8%","6.0%","9.7%","$1,349.00","$32,468.49","$88.00","11.7%","-0.6%","5.6%","2.4%","5.1%","5.5%","$238.35","14.9%","37.1%","6.7%","0.0","1.9","$26,307.49","1.8%","6.8%","14.6%","2.5","0.6","23.6%","11.0%","8.8%","8.9%","12.1%"
"SN","SharkNinja, Inc.","US","NYSE","Household Durables","48.9%","33.9%","29.3%","18.8%","$804.52","$26,267.67","$98.92","11.6%","0.5%","6.8%","6.8%","3.1%","4.4%","$185.52","21.5%","63.0%","14.5%","0.0","1.5","$26,134.49","0.6%","20.6%","13.9%","0.1","1.4","82.5%","44.6%","14.6%","24.1%",""
"CTSH","Cognizant Technology Solutions Corporation","US","NasdaqGS","IT Services","33.4%","-5.8%","1.9%","3.4%","$2,598.00","$27,020.12","$190.00","12.0%","-3.7%","5.0%","0.0%","10.0%","10.3%","$57.67","35.5%","-29.0%","5.0%","0.0","1.4","$25,977.12","9.1%","3.7%","16.3%","0.3","1.0","-5.1%","2.7%","7.9%","13.0%","-3.0%"
"LH","Labcorp Holdings Inc.","US","NYSE","Health Care Providers and Services","28.9%","33.2%","7.1%","9.2%","$1,155.20","$32,582.29","$125.50","8.1%","-2.9%","3.2%","0.5%","4.5%","5.2%","$319.17","15.3%","26.8%","5.3%","0.0","2.3","$25,884.69","2.7%","6.5%","11.3%","2.9","1.0","15.5%","9.2%","8.3%","8.1%","1.1%"
"CPAY","Corpay, Inc.","US","NYSE","Financial Services","79.9%","11.5%","12.6%","23.2%","$1,638.41","$33,503.37","$114.91","32.6%","-4.0%","1.7%","3.0%","6.4%","8.8%","$392.94","11.1%","30.7%","13.0%","0.0","0.9","$25,683.31","6.6%","11.5%","44.3%","2.9","0.8","13.5%","9.8%","18.0%","7.3%","8.3%"
"WST","West Pharmaceutical Services, Inc.","US","NYSE","Life Sciences Tools and Services","36.8%","16.8%","3.8%","17.2%","$436.90","$24,798.65","$32.60","13.1%","-1.6%","27.1%","3.8%","1.8%","2.0%","$354.07","0.2%","28.1%","8.0%","0.1","2.0","$24,917.95","1.7%","5.1%","22.0%","-0.1","1.2","-3.7%","4.4%","14.5%","18.3%","-3.3%"
"ULTA","Ulta Beauty, Inc.","US","NasdaqGS","Specialty Retail","43.2%","4.3%","6.3%","12.5%","$1,130.58","$26,376.55","$36.50","8.9%","-4.8%","-0.4%","1.5%","4.7%","4.7%","$565.15","20.4%","-8.9%","6.1%","0.0","1.7","$24,295.41","4.3%","6.6%","12.4%","1.1","0.9","8.1%","2.8%","11.0%","23.6%","9.3%"
"VLTO","Veralto Corporation","US","NYSE","Commercial Services and Supplies","60.2%","10.9%","6.5%","6.8%","$1,047.00","$25,449.64","$74.00","18.4%","","6.4%","1.3%","4.4%","4.6%","$98.34","6.1%","-0.2%","6.3%","0.0","2.0","$23,974.64","1.8%","4.8%","22.8%","1.1","1.1","","3.1%","8.9%","21.3%",""
"XPO","XPO, Inc.","US","NYSE","Ground Transportation","19.0%","17.3%","13.8%","15.3%","$588.00","$27,466.38","$76.00","6.9%","0.3%","15.3%","3.6%","2.5%","2.4%","$202.58","-2.5%","46.0%","8.1%","0.1","1.3","$23,719.38","1.3%","4.1%","9.9%","2.7","1.8","40.5%","67.8%","24.4%","9.1%","31.5%"
"RL","Ralph Lauren Corporation","US","NYSE","Textiles, Apparel and Luxury Goods","70.3%","26.8%","11.8%","16.7%","$1,043.20","$24,628.86","$114.60","12.5%","-3.0%","7.1%","5.0%","4.4%","4.4%","$395.53","0.2%","9.1%","6.0%","0.0","1.9","$23,566.56","2.7%","9.0%","16.2%","0.7","1.5","50.3%","26.6%","20.8%","24.4%","29.3%"
"STE","STERIS plc","US","NYSE","Health Care Equipment and Supplies","44.4%","25.3%","10.4%","8.5%","$925.60","$24,730.05","$62.60","15.3%","-0.4%","-0.1%","-0.2%","4.0%","3.8%","$237.47","9.9%","-5.0%","6.9%","0.1","3.0","$23,153.35","1.4%","9.8%","19.0%","1.0","1.0","2.5%","89.8%","9.0%","8.8%","2.7%"
"UTHR","United Therapeutics Corporation","US","NasdaqGS","Biotechnology","86.1%","9.0%","12.7%","-0.8%","$1,093.00","$19,307.82","$155.40","34.6%","-3.0%","6.4%","-2.7%","4.7%","3.8%","$538.84","-1.5%","8.5%","4.5%","0.2","-3.1","$23,111.22","9.6%","14.3%","44.5%","-2.5","0.9","31.5%","16.5%","10.5%","27.6%","21.4%"
"BURL","Burlington Stores, Inc.","US","NYSE","Specialty Retail","43.9%","19.1%","12.9%","12.1%","$382.94","$28,074.34","$121.22","3.2%","-1.2%","2.9%","1.9%","1.7%","1.9%","$368.96","12.6%","23.7%","10.0%","0.1","1.8","$22,949.59","1.1%","10.2%","7.5%","4.0","1.8","30.3%","37.1%","17.5%","8.5%","0.9%"
"MTZ","MasTec, Inc.","US","NYSE","Construction and Engineering","12.9%","88.0%","15.6%","26.4%","$244.80","$24,643.22","$37.44","1.5%","0.8%","6.4%","1.5%","1.1%","2.8%","$272.46","-26.9%","19.7%","23.4%","0.0","1.0","$21,600.39","0.2%","13.6%","5.3%","2.2","1.9","42.6%","228.8%","29.2%","8.6%","23.9%"
"EFX","Equifax Inc.","US","NYSE","Professional Services","55.5%","11.1%","7.8%","9.8%","$1,105.00","$26,884.74","$92.30","17.1%","-1.4%","9.7%","0.2%","5.2%","4.5%","$182.56","9.7%","-14.7%","10.0%","0.1","2.7","$21,448.04","6.3%","8.4%","18.3%","2.8","1.6","-2.0%","10.1%","16.0%","7.2%","-6.1%"
"WWD","Woodward, Inc.","US","NasdaqGS","Aerospace and Defense","29.6%","42.3%","25.8%","40.1%","$376.53","$22,336.14","$34.84","9.0%","-0.8%","8.6%","0.0%","1.8%","1.7%","$362.89","-10.7%","16.7%","15.0%","0.0","1.1","$21,427.14","2.5%","14.7%","16.3%","1.1","1.0","42.6%","39.4%","22.6%","13.7%","27.0%"
"THC","Tenet Healthcare Corporation","US","NYSE","Health Care Providers and Services","41.7%","64.5%","7.3%","7.6%","$3,023.00","$36,226.45","$132.00","13.9%","-7.4%","15.6%","3.5%","14.3%","16.4%","$262.13","28.3%","31.4%","2.8%","0.0","0.4","$21,106.45","8.3%","3.1%","18.1%","2.3","1.4","52.6%","77.1%","2.1%","13.1%","32.1%"
"FN","Fabrinet","KY","NYSE","Electronic Equipment, Instruments and Components","12.0%","29.8%","15.7%","29.2%","$45.81","$19,209.12","$34.47","1.1%","-0.4%","3.4%","2.2%","0.2%","2.1%","$562.38","19.4%","17.3%","28.9%","0.0","1.3","$20,149.93","0.3%","18.0%","9.9%","-2.0","1.0","66.7%","21.0%","28.1%","28.6%","43.3%"
"TOST","Toast, Inc.","US","NYSE","Financial Services","26.8%","110.8%","37.8%","30.6%","$576.00","$18,216.44","$231.00","8.5%","2.6%","12.9%","1.9%","2.9%","4.4%","$34.48","17.6%","1.4%","19.8%","0.0","1.2","$19,929.44","2.5%","27.0%","6.4%","-3.5","1.9","14.9%","2.8%","28.4%","33.9%",""
"BR","Broadridge Financial Solutions, Inc.","US","NYSE","Professional Services","31.8%","35.2%","10.0%","11.2%","$1,278.40","$22,101.33","$93.90","17.1%","-1.2%","16.8%","2.4%","6.7%","6.9%","$166.50","12.9%","-24.5%","5.0%","0.0","1.8","$18,984.63","3.1%","7.2%","17.4%","1.7","1.0","-0.7%","21.9%","10.0%","12.9%","1.2%"
"SSNC","SS&C Technologies Holdings, Inc.","US","NasdaqGS","Professional Services","48.1%","9.7%","7.3%","7.3%","$1,751.60","$25,990.14","$268.50","26.7%","-1.8%","2.3%","2.0%","9.4%","9.8%","$79.23","18.9%","-7.6%","6.3%","0.0","1.5","$18,591.64","5.6%","6.8%","23.6%","3.5","1.2","13.8%","12.7%","10.5%","6.5%","1.8%"
"APG","APi Group Corporation","US","NYSE","Construction and Engineering","31.4%","-282.9%","13.3%","15.4%","$676.00","$21,020.73","$46.00","8.0%","6.9%","6.4%","2.3%","3.7%","3.8%","$41.72","0.9%","7.1%","10.6%","0.0","-4.2","$18,029.73","0.6%","7.3%","8.8%","2.8","1.7","30.7%","50.5%","13.4%","7.4%","22.4%"
"ZTO","ZTO Express (Cayman) Inc.","CN","NYSE","Air Freight and Logistics","24.9%","0.5%","8.8%","-4.4%","$1,040.91","$16,755.31","$33.23","13.9%","-2.0%","5.2%","3.8%","5.8%","7.6%","$23.60","-1.0%","10.0%","12.7%","0.1","0.7","$17,905.68","1.0%","12.2%","20.7%","-0.6","-0.2","-0.3%","7.4%","13.3%","10.7%","-0.9%"
"CDE","Coeur Mining, Inc.","US","NYSE","Metals and Mining","56.6%","187.0%","160.6%","163.1%","$1,156.22","$17,536.67","$27.73","36.5%","42.8%","5.0%","-9.0%","6.5%","14.8%","$17.39","8.8%","-0.9%","71.4%","0.1","0.2","$17,875.79","0.9%","61.2%","35.2%","-0.2","1.3","94.6%","72.1%","78.6%","10.1%","21.0%"
"NDSN","Nordson Corporation","US","NasdaqGS","Machinery","55.2%","20.4%","4.4%","7.7%","$713.67","$19,149.30","$20.56","24.6%","-0.8%","-0.1%","1.7%","4.1%","4.3%","$310.11","8.2%","28.7%","6.1%","0.0","2.5","$17,278.69","1.4%","3.7%","26.3%","2.1","1.0","9.9%","1.7%","10.0%","11.1%","8.2%"
"KSPI","Joint Stock Company Kaspi.kz","KZ","NasdaqGS","Consumer Finance","69.2%","-0.4%","32.2%","27.5%","$1,460.50","$16,324.96","","16.2%","0.0%","-8.7%","4.7%","8.5%","15.5%","$90.30","0.7%","16.5%","17.9%","0.0","2.6","$17,159.46","0.6%","45.1%","54.3%","-0.2","-0.1","2.5%","18.0%","10.6%","20.7%","2.8%"
"CDW","CDW Corporation","US","NasdaqGS","Electronic Equipment, Instruments and Components","21.4%","3.5%","2.3%","6.4%","$860.20","$23,046.32","$89.80","3.7%","-2.3%","5.1%","5.9%","5.1%","6.6%","$135.81","-5.9%","2.0%","5.9%","0.0","1.8","$16,978.62","5.0%","1.6%","7.3%","3.0","1.1","-11.2%","1.9%","6.4%","11.8%","-5.4%"
"PR","Permian Resources Corporation","US","NYSE","Oil, Gas and Consumable Fuels","75.8%","2.9%","29.6%","15.5%","$1,076.85","$19,877.90","$68.80","18.8%","37.6%","37.0%","11.2%","6.4%","12.5%","$20.15","5.2%","39.9%","13.7%","0.5","0.3","$16,875.25","0.2%","31.0%","37.8%","0.7","0.7","23.4%","2.7%","19.4%","9.7%","31.7%"
"BALL","Ball Corporation","US","NYSE","Containers and Packaging","18.6%","84.3%","5.0%","6.8%","$827.00","$23,897.43","","5.8%","-5.6%","1.5%","8.5%","4.9%","5.7%","$63.45","2.9%","18.9%","8.7%","0.0","1.4","$16,795.43","2.5%","1.9%","10.0%","3.4","1.1","5.2%","11.6%","12.2%","7.6%","-5.3%"
"STRL","Sterling Infrastructure, Inc.","US","NasdaqGS","Construction and Engineering","23.8%","50.6%","39.4%","72.5%","$482.00","$16,639.35","$27.54","14.0%","-0.2%","17.0%","14.2%","2.9%","2.3%","$547.06","-19.8%","71.4%","40.3%","0.0","0.5","$16,733.75","0.6%","22.6%","18.1%","-0.2","1.5","90.1%","52.9%","21.1%","22.2%","88.7%"
"JLL","Jones Lang LaSalle Incorporated","US","NYSE","Real Estate Management and Development","51.2%","79.7%","9.6%","10.4%","$1,120.30","$19,571.57","$126.80","4.1%","-1.2%","18.3%","0.4%","6.7%","5.3%","$362.38","11.7%","7.9%","9.6%","0.0","0.5","$16,672.27","3.6%","10.1%","4.9%","1.6","1.4","27.7%","48.2%","15.6%","7.5%","7.7%"
"YUMC","Yum China Holdings, Inc.","CN","NYSE","Hotels, Restaurants and Leisure","20.3%","12.6%","6.4%","8.7%","$940.00","$17,671.01","$43.00","7.6%","-6.0%","1.9%","2.8%","5.7%","6.8%","$47.72","10.9%","-0.9%","7.6%","0.1","1.0","$16,490.01","7.9%","6.3%","11.4%","0.3","0.1","-3.7%","15.6%","14.0%","11.6%","-3.4%"
"MEDP","Medpace Holdings, Inc.","US","NasdaqGS","Life Sciences Tools and Services","72.3%","26.8%","22.8%","31.6%","$706.69","$16,128.00","$21.21","25.4%","-3.0%","8.2%","2.7%","4.3%","3.6%","$590.67","9.7%","3.4%","9.4%","0.0","2.3","$16,486.58","1.5%","18.5%","21.0%","-0.6","1.4","30.3%","26.8%","10.2%","24.8%","27.8%"
"TIGO","Millicom International Cellular S.A.","LU","NasdaqGS","Wireless Telecommunication Services","76.5%","-28.7%","11.2%","29.6%","$1,466.00","$27,556.64","$7.00","20.2%","-0.8%","105.0%","2.1%","9.0%","6.9%","$97.10","0.1%","71.7%","24.0%","0.1","0.9","$16,284.64","0.9%","9.4%","23.1%","3.6","0.9","92.7%","383.8%","13.2%","6.3%","30.9%"
"CLH","Clean Harbors, Inc.","US","NYSE","Commercial Services and Supplies","32.3%","16.0%","6.5%","10.2%","$461.72","$18,999.83","$43.40","7.4%","-0.8%","8.6%","5.3%","2.8%","2.9%","$308.17","1.3%","26.6%","6.4%","0.1","1.2","$16,267.45","1.5%","5.3%","11.9%","2.3","1.0","21.3%","3.3%","12.5%","8.8%","24.9%"
"ULS","UL Solutions Inc.","US","NYSE","Professional Services","50.4%","53.2%","8.6%","11.0%","$436.00","$15,857.46","$61.00","13.9%","","18.0%","0.3%","2.8%","2.2%","$78.21","-10.4%","-3.3%","6.2%","0.1","1.9","$15,790.46","0.2%","7.0%","18.9%","0.1","","","18.7%","11.7%","18.6%",""
"BWXT","BWX Technologies, Inc.","US","NYSE","Aerospace and Defense","22.1%","20.2%","11.3%","11.7%","$316.76","$16,977.97","$32.45","9.0%","0.1%","22.2%","-0.2%","2.0%","1.6%","$169.90","-8.7%","-6.6%","14.6%","0.1","2.4","$15,566.57","0.1%","14.7%","10.2%","3.0","0.9","33.7%","16.5%","13.5%","8.9%","26.6%"
"TXT","Textron Inc.","US","NYSE","Aerospace and Defense","17.6%","19.8%","8.6%","7.9%","$759.00","$18,155.79","","5.0%","-4.6%","1.5%","0.5%","4.9%","5.2%","$89.43","-1.6%","2.7%","4.6%","0.0","2.9","$15,380.79","4.4%","5.1%","8.4%","1.7","1.0","4.9%","6.8%","9.4%","6.9%","4.2%"
"LECO","Lincoln Electric Holdings, Inc.","US","NasdaqGS","Machinery","36.1%","12.3%","6.1%","8.0%","$542.40","$16,328.12","$22.53","12.1%","-1.7%","4.2%","4.3%","3.5%","4.1%","$281.96","12.3%","15.7%","8.5%","0.0","2.1","$15,368.44","1.5%","4.2%","17.5%","1.1","1.3","15.7%","6.9%","9.7%","20.6%","16.4%"
"CSL","Carlisle Companies Incorporated","US","NYSE","Building Products","35.3%","-2.8%","3.6%","-2.7%","$866.60","$17,577.39","$33.20","17.0%","-7.3%","8.6%","6.3%","5.6%","5.5%","$387.49","17.4%","18.0%","4.9%","0.0","2.3","$15,352.79","6.9%","1.7%","19.9%","1.8","1.0","11.9%","7.6%","10.1%","15.3%","15.0%"
"TRU","TransUnion","US","NYSE","Professional Services","58.7%","90.1%","8.6%","11.4%","$787.90","$20,307.03","$151.70","16.1%","-0.3%","6.2%","2.0%","5.1%","6.7%","$80.02","6.7%","-4.0%","10.4%","0.1","1.7","$15,331.83","2.7%","9.3%","18.8%","3.2","1.7","1.2%","47.5%","13.9%","7.3%","-7.1%"
"MLI","Mueller Industries, Inc.","US","NYSE","Machinery","28.8%","22.2%","7.7%","16.1%","$666.37","$13,863.30","$28.67","14.3%","-0.9%","28.5%","12.8%","4.4%","5.0%","$68.85","20.8%","17.9%","14.3%","0.0","0.6","$15,228.34","0.5%","8.1%","21.9%","-1.3","1.0","54.1%","10.5%","17.5%","33.0%","46.9%"
"RPM","RPM International Inc.","US","NYSE","Chemicals","41.4%","-3.5%","5.8%","6.8%","$675.20","$17,602.09","$32.85","8.6%","-0.3%","61.8%","2.5%","4.5%","6.1%","$117.36","12.3%","13.1%","4.6%","0.0","2.6","$14,991.73","0.6%","2.7%","12.5%","2.2","","6.2%","11.6%","5.2%","11.7%","8.5%"
"ALLE","Allegion plc","IE","NYSE","Building Products","44.8%","5.8%","8.3%","10.6%","$671.10","$16,267.81","$29.80","15.6%","-1.1%","-5.1%","2.8%","4.7%","5.4%","$168.94","23.6%","5.0%","6.7%","0.0","2.2","$14,366.11","1.0%","5.9%","21.1%","1.8","1.0","16.7%","9.2%","8.3%","18.9%","5.9%"
"GL","Globe Life Inc.","US","NYSE","Insurance","33.9%","20.2%","11.1%","9.6%","$1,232.38","$17,298.97","","19.9%","-6.8%","-1.4%","0.2%","8.7%","5.5%","$183.85","2.6%","32.8%","6.5%","0.0","1.5","$14,128.77","5.0%","5.5%","26.6%","1.9","0.5","18.5%","19.1%","7.0%","4.3%","14.9%"
"WMG","Warner Music Group Corp.","US","NasdaqGS","Entertainment","45.8%","123.6%","5.9%","10.8%","$836.00","$18,337.87","$44.00","11.4%","0.5%","6.9%","3.0%","6.1%","4.8%","$26.39","-9.0%","-13.3%","7.6%","0.0","0.2","$13,804.87","0.6%","7.1%","17.2%","2.6","1.3","-4.9%","15.7%","20.2%","12.3%","-3.5%"
"GGG","Graco Inc.","US","NYSE","Machinery","52.6%","12.8%","2.4%","5.4%","$629.46","$13,074.26","$33.31","27.8%","-1.4%","-11.1%","-2.9%","4.7%","3.5%","$83.54","13.3%","1.1%","5.1%","0.0","2.2","$13,529.62","2.5%","1.2%","27.7%","-0.6","1.1","4.0%","2.8%","7.0%","21.4%","2.8%"
"FIVE","Five Below, Inc.","US","NasdaqGS","Specialty Retail","36.8%","65.8%","18.5%","32.3%","$505.27","$14,397.97","$29.95","9.9%","-0.2%","7.6%","4.5%","3.7%","2.5%","$244.37","29.0%","26.3%","12.4%","0.0","0.8","$13,512.52","0.1%","17.1%","11.0%","1.2","1.2","7.8%","18.4%","16.6%","12.4%","2.3%"
"AVY","Avery Dennison Corporation","US","NYSE","Containers and Packaging","29.0%","2.4%","6.6%","7.4%","$1,063.10","$16,838.64","$25.40","11.5%","-2.0%","1.8%","7.3%","7.9%","6.4%","$177.18","10.2%","-2.9%","4.3%","0.0","2.9","$13,428.14","3.1%","2.9%","12.9%","2.3","1.0","0.5%","9.6%","8.2%","12.4%","-2.3%"
"DTM","DT Midstream, Inc.","US","NYSE","Oil, Gas and Consumable Fuels","75.3%","21.9%","13.0%","17.9%","$480.00","$16,751.89","$26.00","36.6%","1.7%","-6.2%","4.1%","3.6%","2.6%","$131.44","-9.5%","8.6%","6.9%","0.3","2.9","$13,408.89","0.1%","12.4%","49.7%","3.5","0.8","41.0%","6.3%","7.9%","4.9%","30.5%"
"EXEL","Exelixis, Inc.","US","NasdaqGS","Biotechnology","96.5%","53.4%","12.5%","9.1%","$1,172.46","$12,179.17","$112.60","48.1%","-8.0%","16.2%","-1.2%","8.8%","5.9%","$54.07","-4.3%","24.1%","11.4%","0.0","1.1","$13,397.56","8.7%","12.4%","40.7%","-1.2","0.4","36.8%","85.3%","13.4%","54.1%","25.8%"
"DECK","Deckers Outdoor Corporation","US","NYSE","Textiles, Apparel and Luxury Goods","57.8%","8.7%","19.4%","8.2%","$1,117.81","$12,142.03","$46.84","20.2%","-4.6%","20.4%","0.2%","8.4%","7.1%","$97.46","-8.0%","-8.7%","7.4%","0.0","1.9","$13,272.28","9.3%","14.4%","22.7%","-0.9","1.2","1.5%","28.2%","7.7%","71.2%","6.3%"
"WTS","Watts Water Technologies, Inc.","US","NYSE","Machinery","48.9%","23.1%","13.0%","18.0%","$349.40","$12,957.73","$25.20","13.1%","0.0%","12.0%","5.1%","2.7%","3.9%","$392.23","11.3%","40.8%","11.0%","0.0","1.6","$13,093.83","0.2%","10.3%","19.5%","-0.2","1.2","28.8%","12.7%","9.7%","20.0%","20.2%"
"HTHT","H World Group Limited","CN","NasdaqGS","Hotels, Restaurants and Leisure","40.5%","52.7%","57.8%","21.1%","$1,052.77","$15,964.66","$62.19","28.0%","-1.2%","67.0%","1.5%","8.1%","6.7%","$42.37","3.1%","-11.7%","6.0%","0.0","1.0","$13,029.78","0.4%","18.3%","27.9%","2.4","0.1","0.8%","186.8%","16.9%","8.8%","1.7%"
"SMTC","Semtech Corporation","US","NasdaqGS","Semiconductors and Semiconductor Equipment","52.4%","-75.7%","6.7%","14.8%","$173.22","$13,341.44","$77.33","15.9%","13.4%","2.0%","2.6%","1.3%","2.4%","$139.42","2.4%","85.3%","27.6%","0.0","-6.7","$12,987.14","0.3%","11.3%","10.4%","2.3","2.0","75.1%","58.0%","30.5%","16.8%","16.6%"
"CCK","Crown Holdings, Inc.","US","NYSE","Containers and Packaging","21.0%","46.7%","7.4%","3.7%","$1,199.00","$19,090.30","$45.00","9.0%","-3.5%","6.3%","8.7%","9.2%","7.7%","$120.69","8.6%","15.8%","6.3%","0.0","2.2","$12,975.30","6.3%","2.4%","12.4%","2.7","0.8","12.0%","20.5%","6.5%","11.6%","3.8%"
"TYL","Tyler Technologies, Inc.","US","NYSE","Software","47.2%","8.6%","11.8%","13.0%","$714.27","$13,280.53","$156.14","29.4%","-0.9%","2.7%","-0.5%","5.6%","4.7%","$312.45","1.0%","-28.3%","9.7%","0.0","2.6","$12,795.54","7.2%","8.5%","15.5%","1.1","0.9","-7.0%","25.3%","12.1%","5.9%","-8.1%"
"MOG.A","Moog Inc.","US","NYSE","Aerospace and Defense","28.2%","76.0%","12.6%","18.3%","$350.23","$13,873.90","$19.95","8.1%","-0.2%","11.7%","3.5%","2.7%","2.2%","$403.11","-1.0%","61.3%","10.4%","0.0","1.1","$12,795.18","0.5%","10.3%","12.0%","1.7","1.0","53.6%","32.8%","15.6%","11.1%","40.9%"
"HII","Huntington Ingalls Industries, Inc.","US","NYSE","Aerospace and Defense","12.4%","25.7%","4.3%","14.2%","-$85.00","$15,709.00","$52.00","-0.6%","-0.4%","5.0%","8.4%","-0.7%","3.9%","$324.48","13.4%","-7.2%","6.3%","0.0","0.9","$12,786.00","0.3%","6.6%","6.4%","2.5","0.4","15.5%","8.9%","15.0%","6.1%","11.8%"
"SEIC","SEI Investments Company","US","NasdaqGS","Capital Markets","78.4%","6.6%","9.4%","10.3%","$686.80","$12,559.87","$56.34","28.0%","-3.2%","9.3%","0.8%","5.5%","7.6%","$104.70","9.7%","26.1%","10.0%","0.0","1.7","$12,566.01","3.3%","9.1%","28.7%","-0.5","1.0","20.7%","24.2%","8.4%","25.6%","12.5%"
"GNRC","Generac Holdings Inc.","US","NYSE","Electrical Equipment","39.5%","-27.8%","10.4%","-0.4%","$379.25","$13,661.76","$51.03","8.5%","-1.8%","35.5%","-0.4%","3.0%","2.8%","$212.22","-9.3%","50.4%","19.1%","0.0","0.9","$12,522.33","0.2%","3.3%","9.5%","1.8","1.8","25.0%","21.9%","30.4%","7.3%","-12.7%"
"NVMI","Nova Ltd.","IL","NasdaqGS","Semiconductors and Semiconductor Equipment","57.1%","9.2%","20.0%","15.6%","$189.75","$11,588.37","$27.73","20.2%","3.4%","0.7%","1.8%","1.5%","1.6%","$393.02","-17.4%","13.2%","24.3%","0.0","2.1","$12,491.34","0.1%","19.5%","29.1%","-3.0","1.8","49.1%","23.6%","20.4%","16.3%","32.2%"
"EHC","Encompass Health Corporation","US","NYSE","Health Care Providers and Services","43.9%","19.9%","13.2%","13.3%","$413.40","$15,952.36","$58.00","6.7%","-0.5%","12.1%","1.7%","3.3%","3.6%","$125.23","13.7%","17.7%","8.6%","0.1","1.7","$12,354.36","2.3%","10.7%","18.0%","1.9","0.6","22.0%","25.3%","9.0%","14.1%","15.8%"
"DY","Dycom Industries, Inc.","US","NYSE","Construction and Engineering","20.5%","32.8%","21.7%","33.4%","$440.28","$14,702.35","$35.94","7.0%","0.8%","14.0%","17.5%","3.6%","4.6%","$407.99","-4.2%","17.4%","23.6%","0.0","1.0","$12,252.53","0.6%","16.3%","8.0%","3.0","1.4","62.8%","21.6%","19.8%","10.6%","41.8%"
"HALO","Halozyme Therapeutics, Inc.","US","NasdaqGS","Biotechnology","76.3%","-22.5%","34.5%","37.8%","$806.22","$13,651.44","$63.07","48.5%","-4.9%","-110.9%","19.6%","6.9%","14.0%","$103.12","35.3%","46.7%","21.2%","0.0","0.3","$11,703.91","3.0%","29.1%","56.8%","1.9","0.9","32.9%","25.7%","54.2%","37.4%","20.1%"
"GDDY","GoDaddy Inc.","US","NYSE","IT Services","63.8%","20.3%","7.4%","7.1%","$1,702.90","$14,172.71","$301.90","33.4%","-4.8%","3.7%","0.3%","14.8%","15.9%","$91.07","2.4%","-23.2%","5.6%","0.0","0.7","$11,533.81","13.9%","7.1%","25.2%","1.9","0.9","8.4%","48.3%","14.9%","11.2%","4.5%"
"DOCU","DocuSign, Inc.","US","NasdaqGS","Software","79.5%","-70.6%","7.9%","8.6%","$1,120.18","$10,875.48","$618.10","34.1%","-1.9%","6.4%","0.7%","9.7%","11.0%","$60.26","22.5%","-7.1%","8.0%","0.0","2.2","$11,506.32","10.5%","8.3%","10.6%","-1.6","1.0","6.2%","64.3%","14.5%","6.8%","-27.6%"
"CGNX","Cognex Corporation","US","NasdaqGS","Electronic Equipment, Instruments and Components","68.9%","44.8%","5.1%","19.1%","$268.30","$10,920.60","$49.43","24.6%","-0.8%","22.9%","-0.4%","2.4%","2.8%","$66.89","0.1%","81.1%","12.0%","0.0","0.5","$11,252.49","0.2%","6.8%","21.9%","-1.2","1.5","11.4%","1.7%","22.8%","9.8%","-4.1%"
"JKHY","Jack Henry & Associates, Inc.","US","NasdaqGS","Financial Services","44.1%","22.0%","10.2%","13.6%","$727.61","$11,196.38","$28.93","28.9%","-0.8%","17.1%","2.8%","6.6%","4.2%","$155.95","3.7%","-12.6%","6.2%","0.0","2.3","$11,080.37","2.5%","7.5%","26.0%","0.2","0.7","-1.8%","14.4%","8.4%","18.2%","-0.7%"
"GMED","Globus Medical, Inc.","US","NYSE","Health Care Equipment and Supplies","69.0%","51.9%","38.7%","23.1%","$755.59","$10,327.88","$48.96","24.0%","10.2%","11.0%","0.8%","6.8%","4.4%","$82.35","5.4%","-5.7%","7.4%","0.0","0.9","$11,056.47","1.0%","42.1%","23.2%","-0.7","1.1","13.5%","25.0%","11.5%","13.3%","1.5%"
"RMBS","Rambus Inc.","US","NasdaqGS","Semiconductors and Semiconductor Equipment","80.4%","3.2%","18.3%","15.4%","$299.54","$10,207.88","$55.99","39.6%","-0.2%","-1.0%","4.6%","2.7%","1.9%","$101.52","-9.4%","2.3%","18.3%","0.0","2.0","$11,011.02","0.5%","17.3%","35.9%","-2.5","1.5","27.3%","8.2%","21.6%","28.2%","33.0%"
"BSY","Bentley Systems, Incorporated","US","NasdaqGS","Software","81.8%","15.5%","12.9%","13.7%","$498.50","$12,044.08","$97.18","31.1%","-0.3%","3.6%","-0.3%","4.6%","5.3%","$35.21","11.2%","-7.7%","11.7%","0.0","2.6","$10,923.63","2.1%","11.2%","25.2%","2.4","1.2","-9.3%","22.3%","14.1%","8.4%","-11.0%"
"SANM","Sanmina Corporation","US","NasdaqGS","Electronic Equipment, Instruments and Components","9.0%","19.7%","15.7%","65.2%","$594.15","$11,645.49","$88.74","4.7%","-2.2%","31.8%","1.8%","5.5%","-5.4%","$202.73","-2.9%","27.3%","42.1%","0.0","0.4","$10,865.79","2.8%","11.9%","5.5%","0.7","1.0","54.5%","3.0%","46.8%","13.0%","39.6%"
"AYI","Acuity Inc.","US","NYSE","Electrical Equipment","48.7%","18.7%","9.0%","11.8%","$639.40","$11,084.71","$50.30","13.9%","-1.3%","3.5%","1.8%","6.0%","6.6%","$359.58","8.0%","-3.7%","6.0%","0.0","2.4","$10,692.31","2.5%","4.4%","12.6%","0.5","","29.7%","9.1%","8.7%","12.6%","15.3%"
"NYT","The New York Times Company","US","NYSE","Media","51.0%","24.3%","11.2%","14.1%","$623.02","$9,031.65","$78.29","21.1%","-0.6%","1.1%","1.4%","6.1%","4.3%","$63.54","-15.2%","-9.0%","8.5%","0.0","1.6","$10,247.96","2.2%","8.1%","16.3%","-2.2","1.2","14.2%","31.2%","13.1%","17.6%","7.1%"
"UHS","Universal Health Services, Inc.","US","NYSE","Health Care Providers and Services","44.6%","29.7%","14.5%","14.5%","$845.40","$15,492.64","$95.39","4.7%","-5.3%","2.9%","1.3%","8.3%","11.8%","$173.54","11.6%","-21.1%","6.0%","0.1","1.9","$10,227.84","10.3%","9.5%","11.4%","1.9","1.3","10.2%","36.6%","8.1%","12.1%","3.9%"
"FLS","Flowserve Corporation","US","NYSE","Machinery","35.1%","30.0%","11.9%","5.7%","$411.44","$11,817.85","$40.04","8.9%","-1.1%","6.2%","0.9%","4.0%","4.7%","$79.95","13.4%","13.0%","5.0%","0.0","2.1","$10,162.67","2.5%","5.3%","13.4%","2.2","1.3","28.9%","16.7%","13.1%","10.4%","17.4%"
"R","Ryder System, Inc.","US","NYSE","Ground Transportation","19.8%","5.0%","3.0%","-0.2%","$1,150.00","$18,288.17","","9.0%","-5.6%","11.7%","1.7%","11.4%","9.2%","$262.19","-2.5%","35.0%","5.1%","0.1","1.6","$10,054.17","5.9%","2.3%","7.9%","3.0","1.0","40.3%","1.5%","16.1%","4.7%","31.2%"
"PRI","Primerica, Inc.","US","NYSE","Insurance","72.1%","23.1%","11.6%","11.5%","$842.16","$11,095.48","$24.67","24.2%","-4.9%","8.0%","-0.7%","8.5%","6.6%","$321.38","5.5%","24.2%","5.9%","0.0","1.5","$9,891.22","4.9%","8.0%","31.7%","1.1","0.9","16.5%","22.8%","6.8%","6.4%","18.0%"
"PODD","Insulet Corporation","US","NasdaqGS","Health Care Equipment and Supplies","71.1%","59.4%","30.8%","31.1%","$293.70","$10,204.23","$77.90","9.6%","-0.2%","6.0%","1.8%","3.0%","4.0%","$141.17","-12.5%","-50.1%","17.7%","0.1","0.9","$9,790.73","3.3%","27.7%","16.9%","0.7","1.4","-15.5%","80.8%","27.4%","19.8%","-12.8%"
"ACM","AECOM","US","NYSE","Construction and Engineering","7.7%","-16.2%","11.9%","8.5%","$410.25","$12,255.38","$61.48","2.6%","-2.5%","10.9%","-3.6%","4.2%","5.0%","$75.84","11.1%","-21.3%","3.5%","0.0","1.2","$9,747.18","6.7%","5.7%","6.8%","1.8","1.1","-3.6%","13.3%","12.2%","11.8%","4.0%"
"SARO","StandardAero, Inc.","US","NYSE","Aerospace and Defense","15.0%","131.6%","17.6%","13.0%","$218.79","$12,046.93","$17.09","3.5%","","29.6%","0.4%","2.3%","3.3%","$29.19","4.5%","-1.5%","7.8%","0.0","0.7","$9,659.54","1.0%","13.5%","9.5%","3.0","","","118.1%","19.5%","8.0%",""
"EAT","Brinker International, Inc.","US","NYSE","Hotels, Restaurants and Leisure","18.6%","43.3%","30.3%","17.8%","$504.40","$11,349.23","$32.30","8.8%","-1.1%","1.3%","-0.2%","5.2%","7.3%","$225.20","21.6%","48.6%","6.8%","0.0","1.0","$9,658.33","3.6%","12.0%","10.6%","2.0","1.4","80.2%","72.9%","18.1%","19.1%","33.3%"
"OSK","Oshkosh Corporation","US","NYSE","Machinery","15.9%","-12.2%","7.4%","-10.2%","$1,123.60","$10,284.91","$40.30","10.6%","-1.9%","-2.2%","4.6%","11.7%","8.2%","$155.26","6.1%","17.4%","7.2%","0.0","-38.8","$9,585.71","3.6%","5.8%","7.6%","0.7","1.4","16.7%","12.3%","14.9%","7.6%","7.3%"
"PAYC","Paycom Software, Inc.","US","NYSE","Professional Services","88.1%","26.3%","11.5%","11.6%","$575.10","$10,303.48","$89.70","26.9%","-8.6%","0.1%","3.5%","6.0%","7.9%","$214.94","54.5%","41.0%","7.5%","0.1","0.7","$9,518.68","18.2%","11.2%","30.3%","1.1","0.8","-8.9%","19.8%","12.3%","11.4%","-14.1%"
"LEVI","Levi Strauss & Co.","US","NYSE","Textiles, Apparel and Luxury Goods","61.7%","60.5%","5.5%","7.2%","$559.30","$10,712.00","$77.50","8.5%","-1.0%","13.6%","2.8%","6.0%","6.4%","$24.41","1.1%","17.2%","6.2%","0.0","1.2","$9,394.20","3.8%","2.6%","11.4%","1.4","1.3","21.4%","14.3%","11.9%","13.4%","0.4%"
"FORM","FormFactor, Inc.","US","NasdaqGS","Semiconductors and Semiconductor Equipment","46.2%","155.0%","20.1%","40.6%","$136.12","$8,854.86","$36.11","15.1%","0.2%","28.7%","7.6%","1.5%","-0.0%","$117.39","-0.1%","98.3%","22.1%","0.0","0.6","$9,170.59","0.2%","10.4%","16.6%","-1.7","1.1","52.4%","149.4%","32.3%","15.1%","25.3%"
"EDU","New Oriental Education & Technology Group Inc.","CN","NYSE","Diversified Consumer Services","54.6%","30.7%","24.9%","13.8%","$1,027.08","$5,054.54","$59.93","18.1%","-2.2%","12.6%","4.4%","11.4%","7.9%","$56.43","16.2%","-2.4%","14.3%","0.0","0.8","$8,980.59","5.7%","23.6%","11.4%","-5.4","0.3","2.4%","44.2%","16.0%","8.4%","21.6%"
"FCFS","FirstCash Holdings, Inc.","US","NasdaqGS","Consumer Finance","57.9%","34.9%","10.8%","16.6%","$605.95","$11,315.24","$21.95","14.7%","-1.3%","12.4%","4.3%","6.9%","4.6%","$202.54","-7.4%","29.2%","14.4%","0.0","0.8","$8,784.52","2.1%","12.0%","16.1%","3.2","0.5","29.8%","20.6%","19.0%","10.4%","21.3%"
"HQY","HealthEquity, Inc.","US","NasdaqGS","Health Care Providers and Services","70.7%","94.8%","21.3%","16.0%","$487.64","$9,466.61","$78.13","36.5%","-0.7%","5.8%","0.7%","5.6%","6.0%","$104.63","10.8%","14.9%","7.7%","0.0","2.2","$8,747.29","4.0%","14.1%","26.0%","1.4","0.2","16.1%","199.2%","15.6%","9.0%","7.8%"
"ATR","AptarGroup, Inc.","US","NYSE","Containers and Packaging","36.1%","-4.1%","6.0%","2.5%","$310.39","$9,870.61","$40.81","7.9%","-1.1%","1.7%","1.5%","3.6%","5.1%","$135.42","8.3%","10.5%","4.9%","0.1","-6.3","$8,610.16","3.9%","5.1%","12.5%","1.5","0.5","4.8%","13.7%","5.3%","9.7%","2.3%"
"MTCH","Match Group, Inc.","US","NasdaqGS","Interactive Media and Services","74.9%","39.3%","5.4%","5.8%","$1,141.45","$11,637.50","$240.93","32.5%","-6.2%","3.7%","-0.4%","13.3%","12.3%","$37.26","-4.1%","17.4%","1.9%","0.0","0.8","$8,553.07","8.6%","3.0%","31.3%","2.6","1.3","-5.1%","20.1%","11.1%","25.4%","-22.5%"
"ZWS","Zurn Elkay Water Solutions Corporation","US","NYSE","Building Products","49.0%","61.4%","15.2%","19.3%","$378.50","$8,714.23","$42.00","21.2%","-1.4%","13.0%","1.6%","4.4%","4.2%","$51.42","8.6%","9.8%","7.8%","0.0","1.6","$8,528.73","1.6%","5.2%","21.3%","0.4","0.8","21.7%","77.1%","12.4%","13.1%","13.4%"
"KNSL","Kinsale Capital Group, Inc.","US","NYSE","Insurance","31.1%","28.6%","39.5%","38.7%","$1,000.77","$8,527.69","$17.88","50.1%","-0.6%","9.3%","15.0%","11.8%","13.5%","$373.76","9.7%","-4.8%","2.8%","0.0","1.8","$8,513.66","2.8%","24.7%","36.3%","0.0","1.0","0.5%","35.7%","6.0%","9.5%","15.3%"
"AGX","Argan, Inc.","US","NYSE","Construction and Engineering","20.7%","59.4%","40.2%","36.4%","$486.89","$7,410.14","$8.72","46.7%","1.5%","75.5%","13.6%","5.8%","1.2%","$597.33","-5.2%","83.3%","30.4%","0.0","2.0","$8,374.12","0.4%","31.5%","14.9%","-6.1","0.6","149.5%","78.4%","23.8%","25.6%","70.3%"
"SSD","Simpson Manufacturing Co., Inc.","US","NYSE","Building Products","45.8%","16.1%","3.6%","6.3%","$468.37","$8,122.83","$25.82","19.3%","-1.3%","16.3%","1.9%","5.8%","5.2%","$198.29","5.0%","20.4%","3.9%","0.0","1.6","$8,126.85","2.0%","3.9%","19.8%","-0.0","1.4","9.3%","4.6%","11.2%","15.1%","13.0%"
"AWI","Armstrong World Industries, Inc.","US","NYSE","Building Products","40.3%","8.1%","13.7%","7.8%","$246.70","$8,342.00","$21.90","14.6%","-1.9%","-6.4%","2.2%","3.1%","5.1%","$185.52","19.5%","-5.8%","8.6%","0.1","1.8","$7,840.60","3.0%","10.3%","19.4%","1.1","1.3","35.6%","15.8%","12.5%","14.8%","12.4%"
"FSS","Federal Signal Corporation","US","NYSE","Machinery","29.2%","29.3%","22.1%","24.5%","$339.20","$8,249.14","$15.00","13.9%","0.0%","33.4%","0.7%","4.3%","4.8%","$128.21","11.3%","15.0%","13.1%","0.0","1.2","$7,826.14","0.2%","16.1%","16.7%","0.8","1.3","29.8%","28.5%","13.1%","16.6%","27.8%"
"HXL","Hexcel Corporation","US","NYSE","Aerospace and Defense","25.0%","84.3%","5.6%","12.5%","$255.60","$8,718.63","$16.50","12.9%","-3.6%","35.6%","0.1%","3.3%","3.1%","$103.43","4.3%","34.5%","11.1%","0.0","1.4","$7,821.73","4.4%","5.1%","13.5%","2.3","1.1","16.3%","4.2%","34.4%","9.3%","13.7%"
"PATH","UiPath, Inc.","US","NYSE","Software","83.1%","-596.7%","14.5%","15.8%","$375.23","$6,464.97","$267.63","22.4%","-2.6%","18.1%","5.3%","4.8%","7.3%","$15.05","28.9%","-5.2%","9.4%","0.0","2.9","$7,797.71","5.0%","14.9%","6.3%","-10.8","1.1","-0.8%","12.0%","11.6%","15.3%","-25.4%"
"FAF","First American Financial Corporation","US","NYSE","Insurance","64.0%","297.4%","9.4%","28.1%","$832.30","$7,765.26","$61.00","10.4%","-0.3%","26.3%","4.4%","11.0%","9.9%","$74.22","7.1%","21.5%","6.9%","0.0","0.6","$7,577.86","1.2%","6.5%","14.4%","0.1","1.3","9.0%","46.6%","9.6%","4.1%","5.4%"
"MORN","Morningstar, Inc.","US","NasdaqGS","Capital Markets","62.2%","11.7%","13.2%","11.7%","$497.50","$8,908.47","$67.00","19.4%","-4.2%","19.5%","2.1%","6.6%","6.9%","$200.66","21.5%","-4.6%","7.0%","0.1","0.8","$7,527.47","13.0%","10.0%","22.7%","2.0","1.1","-2.2%","170.3%","14.7%","12.8%","-4.5%"
"MSA","MSA Safety Incorporated","US","NYSE","Commercial Services and Supplies","47.6%","14.7%","6.7%","8.2%","$354.30","$7,938.54","$18.82","18.2%","-0.6%","5.3%","1.4%","4.7%","5.3%","$194.19","13.8%","19.7%","10.2%","0.0","1.5","$7,491.52","1.7%","5.2%","23.4%","0.9","1.0","4.7%","188.2%","9.3%","15.7%","5.2%"
"PLXS","Plexus Corp.","US","NasdaqGS","Electronic Equipment, Instruments and Components","10.0%","15.4%","4.5%","12.7%","$61.87","$7,198.30","$44.62","1.3%","-1.0%","8.8%","6.0%","0.9%","0.9%","$270.35","1.2%","77.6%","17.7%","0.0","2.4","$7,205.39","1.5%","2.2%","5.0%","-0.0","0.8","41.1%","8.6%","8.1%","9.4%","25.3%"
"CHE","Chemed Corporation","US","NYSE","Health Care Providers and Services","33.1%","2.2%","4.8%","1.7%","$323.61","$7,448.28","$39.10","12.5%","-4.6%","6.6%","1.2%","4.5%","6.4%","$552.72","13.1%","30.4%","6.7%","0.0","1.5","$7,193.71","8.9%","5.9%","13.7%","0.6","0.5","2.9%","9.9%","11.7%","19.5%","4.1%"
"BIRK","Birkenstock Holding plc","GB","NYSE","Textiles, Apparel and Luxury Goods","57.8%","43.3%","14.8%","9.1%","$361.67","$8,430.37","","14.3%","","3.4%","-0.3%","5.1%","7.4%","$38.45","-15.5%","-7.9%","12.6%","0.0","2.2","$7,071.19","2.9%","17.5%","25.1%","1.9","1.1","","31.9%","15.0%","9.0%",""
"APPF","AppFolio, Inc.","US","NasdaqGM","Software","63.5%","-20.9%","27.7%","19.9%","$270.02","$6,852.86","$74.58","25.9%","-0.2%","9.2%","1.4%","3.8%","4.8%","$198.74","13.2%","-13.7%","17.7%","0.0","1.5","$7,038.77","2.3%","25.0%","17.5%","-1.0","0.8","4.8%","25.7%","24.7%","39.9%","9.0%"
"KEX","Kirby Corporation","US","NYSE","Marine Transportation","33.2%","23.5%","11.8%","10.6%","$477.03","$8,122.66","$18.85","13.7%","-3.9%","3.2%","5.8%","6.9%","5.2%","$131.29","-8.7%","17.3%","7.2%","0.1","1.7","$6,932.11","4.8%","5.1%","14.5%","1.5","0.9","16.9%","30.9%","13.3%","6.8%","18.0%"
"TAL","TAL Education Group","CN","NYSE","Diversified Consumer Services","56.0%","864.4%","45.2%","37.4%","$638.73","$4,396.71","$43.09","20.0%","-4.6%","186.4%","5.2%","9.3%","8.6%","$12.38","20.1%","7.7%","21.3%","0.0","0.2","$6,866.58","9.4%","43.9%","12.5%","-5.1","0.1","20.5%","95.1%","2.3%","8.6%","14.5%"
"ROAD","Construction Partners, Inc.","US","NasdaqGS","Construction and Engineering","15.8%","85.7%","47.6%","50.7%","$175.56","$8,592.95","$40.24","5.0%","2.5%","53.4%","5.3%","2.6%","3.4%","$119.74","26.2%","6.8%","20.8%","0.1","1.2","$6,795.91","0.5%","32.9%","9.5%","3.5","0.9","51.8%","61.9%","28.3%","8.9%","28.8%"
"VCTR","Victory Capital Holdings, Inc.","US","NasdaqGS","Capital Markets","57.3%","36.9%","26.4%","51.1%","$563.60","$7,595.09","$70.09","36.2%","-2.2%","7.5%","12.8%","8.5%","","$108.16","17.3%","68.7%","15.2%","0.0","0.8","$6,652.88","6.1%","24.2%","46.2%","1.2","1.1","53.0%","18.5%","8.4%","13.8%","30.0%"
"LNTH","Lantheus Holdings, Inc.","US","NasdaqGM","Health Care Equipment and Supplies","60.1%","10.1%","9.3%","-3.4%","$387.83","$6,620.91","$78.09","24.9%","-1.6%","42.9%","6.9%","5.9%","6.4%","$100.95","-4.4%","50.1%","3.3%","0.0","-2.1","$6,589.25","3.1%","11.4%","19.5%","0.1","-0.1","14.1%","104.9%","1.7%","17.1%","31.5%"
"URBN","Urban Outfitters, Inc.","US","NasdaqGS","Specialty Retail","36.1%","9.0%","15.4%","13.8%","$150.39","$7,165.78","$30.78","2.4%","-2.6%","13.3%","1.4%","2.3%","4.9%","$76.92","11.8%","2.1%","7.7%","0.1","1.0","$6,587.05","4.9%","9.2%","9.8%","0.8","1.2","28.0%","39.1%","9.1%","13.7%","14.2%"
"CROX","Crocs, Inc.","US","NasdaqGS","Textiles, Apparel and Luxury Goods","57.5%","180.5%","4.0%","-5.1%","$704.62","$8,069.18","$41.52","17.4%","-8.0%","19.7%","2.7%","10.8%","12.9%","$136.62","2.9%","57.1%","2.0%","0.0","1.0","$6,550.26","9.9%","1.4%","20.8%","1.6","1.5","9.9%","2.7%","6.5%","17.5%","-0.7%"
"IBP","Installed Building Products, Inc.","US","NYSE","Household Durables","33.6%","3.4%","4.2%","0.5%","$291.70","$7,249.36","$22.20","9.8%","-2.2%","18.0%","4.6%","4.5%","4.0%","$244.05","8.4%","-8.7%","2.2%","0.0","-3.1","$6,446.66","3.2%","2.4%","12.5%","1.7","1.9","18.3%","3.1%","2.7%","17.9%","16.4%"
"WEX","WEX Inc.","US","NYSE","Financial Services","73.2%","26.7%","4.1%","9.3%","$108.50","$5,568.20","$119.90","3.9%","-7.4%","1.3%","1.8%","1.7%","10.0%","$185.22","17.6%","24.8%","4.9%","0.1","0.8","$6,312.60","1.0%","4.2%","25.8%","-0.8","1.0","-1.7%","28.4%","12.3%","4.0%","1.0%"
"FTDR","Frontdoor, Inc.","US","NasdaqGS","Diversified Consumer Services","55.5%","12.2%","14.4%","10.2%","$386.00","$6,814.58","$38.00","18.0%","-5.0%","74.1%","0.2%","6.2%","8.9%","$90.83","20.6%","59.2%","5.6%","0.0","1.6","$6,257.58","4.8%","7.8%","20.1%","1.1","1.3","38.2%","34.2%","10.1%","18.4%","15.1%"
"CRUS","Cirrus Logic, Inc.","US","NasdaqGS","Semiconductors and Semiconductor Equipment","52.8%","28.0%","5.8%","6.0%","$572.10","$5,223.83","$81.59","27.9%","-2.9%","21.9%","-0.1%","9.1%","6.1%","$124.92","-16.9%","4.4%","3.6%","0.0","-1.7","$6,260.69","3.9%","4.0%","23.0%","-2.0","1.1","14.9%","45.1%","9.8%","26.1%","9.4%"
"ESNT","Essent Group Ltd.","BM","NYSE","Financial Services","77.2%","4.3%","2.7%","-0.7%","$825.89","$6,597.95","$18.59","62.4%","-5.6%","-7.8%","6.6%","13.4%","","$68.72","6.8%","6.3%","4.6%","0.0","1.3","$6,176.31","9.9%","9.5%","65.7%","0.5","0.9","12.0%","4.7%","6.0%","11.4%","10.0%"
"LEA","Lear Corporation","US","NYSE","Automobile Components","7.7%","24.5%","1.3%","4.1%","$849.40","$8,610.55","$66.20","3.6%","-5.7%","21.8%","1.0%","14.0%","10.4%","$122.84","-9.8%","3.6%","2.0%","0.0","0.7","$6,059.05","7.5%","1.8%","4.6%","1.4","1.3","-3.6%","6.8%","14.8%","10.4%","-3.7%"
"HRB","H&R Block, Inc.","US","NYSE","Diversified Consumer Services","44.3%","39.1%","4.3%","4.8%","$760.88","$7,013.81","$29.26","19.5%","-5.9%","-2.8%","2.7%","13.0%","","$46.19","16.7%","8.4%","3.8%","0.0","0.8","$5,855.05","7.1%","3.9%","23.1%","1.1","0.3","12.6%","23.8%","9.4%","26.9%","16.8%"
"CPA","Copa Holdings, S.A.","PA","NYSE","Passenger Airlines","37.7%","-0.9%","2.1%","3.6%","$231.63","$7,118.85","$5.69","5.8%","1.2%","-5.7%","-1.5%","4.0%","7.3%","$142.13","-5.6%","16.7%","12.9%","0.3","2.0","$5,817.27","0.8%","5.7%","19.4%","1.2","0.9","19.1%","24.3%","9.3%","10.9%","17.4%"
"AROC","Archrock, Inc.","US","NYSE","Energy Equipment and Services","67.3%","40.1%","29.3%","19.7%","$291.33","$8,155.40","$24.19","19.4%","3.9%","69.3%","-6.0%","5.0%","4.7%","$33.08","-13.6%","24.2%","4.9%","0.3","-4.1","$5,800.19","1.0%","18.2%","38.3%","2.8","0.9","41.9%","64.2%","9.8%","10.3%","39.0%"
"AMRX","Amneal Pharmaceuticals, Inc.","US","NasdaqGS","Pharmaceuticals","39.8%","4,332.0%","14.8%","16.2%","$83.11","$8,537.38","$35.63","2.7%","27.5%","14.1%","3.3%","1.4%","8.9%","$18.14","6.6%","43.3%","5.9%","0.0","1.8","$5,793.08","0.8%","10.5%","15.9%","3.9","1.4","62.6%","229.4%","19.4%","17.8%","29.0%"
"MKTX","MarketAxess Holdings Inc.","US","NasdaqGS","Capital Markets","61.7%","42.4%","3.4%","2.8%","$270.65","$5,723.79","$30.92","31.1%","-1.9%","2.4%","0.8%","6.1%","6.4%","$162.53","42.7%","-9.0%","6.2%","0.0","2.3","$5,776.23","8.9%","5.9%","41.1%","-0.2","1.0","-10.6%","8.1%","11.0%","17.5%","-18.1%"
"G","Genpact Limited","BM","NYSE","Professional Services","36.5%","11.6%","7.3%","9.0%","$572.11","$6,655.82","$96.41","10.9%","-2.5%","3.8%","0.8%","9.9%","12.1%","$34.29","16.8%","-25.3%","7.1%","0.0","0.8","$5,761.90","5.2%","6.0%","15.0%","1.0","0.8","-1.2%","15.5%","10.3%","14.5%","-6.3%"
"BCPC","Balchem Corporation","US","NasdaqGS","Chemicals","36.3%","16.5%","11.1%","11.7%","$171.36","$5,823.41","$19.69","15.8%","-0.4%","1.9%","5.8%","3.0%","3.6%","$179.43","10.7%","16.5%","7.2%","0.0","2.7","$5,719.87","1.8%","4.9%","20.4%","0.4","1.0","9.5%","18.3%","8.6%","11.6%","7.1%"
"CSW","CSW Industrials, Inc.","US","NYSE","Building Products","42.5%","-13.0%","15.4%","23.9%","$144.28","$6,611.37","$14.98","12.3%","1.6%","-24.3%","2.3%","2.5%","4.5%","$350.68","24.9%","18.9%","11.2%","0.0","2.3","$5,713.80","2.8%","15.4%","18.2%","3.1","0.8","24.1%","5.0%","18.0%","9.5%","22.1%"
"GVA","Granite Construction Incorporated","US","NYSE","Construction and Engineering","15.6%","-221.2%","30.8%","22.0%","$471.91","$6,332.24","$48.38","9.5%","-0.1%","1.8%","3.1%","8.4%","6.5%","$128.32","4.8%","8.1%","15.5%","0.0","-2.0","$5,615.86","0.9%","15.1%","6.0%","1.4","1.3","46.3%","50.3%","6.7%","21.5%","27.6%"
"VAL","Valaris Limited","BM","NYSE","Energy Equipment and Services","24.8%","248.1%","24.4%","-31.7%","-$24.10","$6,091.55","$29.20","-1.1%","-2.1%","-25.5%","8.8%","-0.4%","-0.6%","$78.78","1.6%","51.1%","2.7%","0.2","-0.4","$5,470.15","1.9%","7.6%","12.2%","1.5","1.2","2.6%","103.4%","26.1%","17.4%","23.5%"
"GOLF","Acushnet Holdings Corp.","US","NYSE","Leisure Products","49.1%","-1.6%","2.0%","10.6%","$183.74","$6,469.53","$32.10","6.8%","-4.3%","81.3%","4.0%","3.4%","3.9%","$93.29","-15.7%","13.6%","3.8%","0.0","0.8","$5,448.61","2.4%","4.4%","13.8%","2.4","0.9","20.1%","5.2%","12.7%","13.9%","13.2%"
"ACIW","ACI Worldwide, Inc.","US","NasdaqGS","Software","49.1%","-7.2%","10.6%","4.5%","$311.41","$6,114.46","$78.21","17.1%","-2.4%","-10.7%","-0.0%","5.7%","6.2%","$53.67","-4.9%","17.5%","7.9%","0.0","0.9","$5,418.27","3.5%","9.9%","19.1%","1.8","1.1","31.7%","48.7%","15.7%","9.1%","11.0%"
"PEGA","Pegasystems Inc.","US","NasdaqGS","Software","75.6%","53.0%","12.9%","3.7%","$492.50","$5,092.73","$159.13","28.4%","-0.4%","-33.6%","-1.8%","9.1%","7.8%","$32.74","4.8%","-41.6%","8.7%","0.0","1.1","$5,382.62","9.6%","10.4%","11.3%","-1.4","1.1","11.5%","32.8%","20.3%","33.2%","-12.3%"
"PSMT","PriceSmart, Inc.","US","NasdaqGS","Consumer Staples Distribution and Retail","17.6%","9.6%","10.6%","12.2%","$73.74","$5,340.95","$21.15","1.3%","-0.6%","7.3%","2.0%","1.4%","","$177.05","-9.8%","43.6%","10.8%","0.0","2.2","$5,329.13","0.2%","9.7%","4.6%","0.0","","34.2%","11.4%","20.9%","12.5%","17.5%"
"IRDM","Iridium Communications Inc.","US","NasdaqGS","Diversified Telecommunication Services","71.9%","-13.4%","4.8%","3.4%","$288.32","$6,895.58","$49.48","32.6%","-5.4%","-26.9%","2.2%","5.4%","7.4%","$49.93","-0.3%","181.1%","7.9%","0.1","-4.0","$5,290.60","1.3%","4.4%","23.8%","3.8","0.6","1.4%","75.9%","15.7%","6.7%","3.1%"
"EXLS","ExlService Holdings, Inc.","US","NasdaqGS","Professional Services","38.5%","8.7%","14.8%","15.0%","$275.04","$5,496.10","$90.62","12.3%","-2.9%","8.4%","3.6%","5.2%","6.0%","$34.89","27.8%","-15.3%","13.5%","0.0","1.3","$5,289.76","8.5%","13.2%","14.8%","0.5","0.9","8.2%","15.9%","13.0%","20.2%","8.1%"
"LAUR","Laureate Education, Inc.","US","NasdaqGS","Diversified Consumer Services","36.8%","32.2%","11.2%","13.6%","$286.58","$5,853.75","$14.14","15.7%","-4.3%","45.3%","1.4%","5.4%","7.0%","$38.34","-5.2%","15.1%","9.9%","0.1","1.7","$5,281.31","6.4%","10.4%","24.4%","1.1","0.7","41.4%","53.9%","14.5%","15.2%","40.1%"
"MYRG","MYR Group Inc.","US","NasdaqGS","Construction and Engineering","12.5%","121.2%","11.9%","37.5%","$193.36","$5,182.61","$17.96","4.8%","-2.3%","45.7%","8.7%","3.7%","2.6%","$337.42","-19.5%","48.8%","16.8%","0.0","0.5","$5,253.38","0.1%","6.0%","5.5%","-0.2","1.2","33.7%","26.1%","19.8%","13.7%","27.5%"
"RELY","Remitly Global, Inc.","US","NasdaqGS","Financial Services","61.5%","2,119.9%","38.0%","27.9%","$388.00","$4,531.19","$143.28","21.4%","5.3%","147.6%","1.9%","7.5%","5.8%","$24.42","2.7%","84.7%","20.5%","0.0","0.2","$5,169.32","1.8%","31.4%","10.3%","-3.2","0.1","2.9%","34.5%","20.6%","53.2%",""
"PSN","Parsons Corporation","US","NYSE","Professional Services","22.0%","-34.8%","9.6%","-3.5%","$308.14","$6,574.28","$120.09","4.9%","0.6%","15.6%","-2.0%","6.1%","7.8%","$47.55","-14.5%","-23.6%","2.8%","0.0","-1.4","$5,078.60","2.9%","9.7%","5.4%","2.9","0.7","-4.3%","8.8%","7.8%","6.2%","6.1%"
"GNTX","Gentex Corporation","US","NasdaqGS","Automobile Components","35.0%","6.8%","11.2%","15.0%","$496.65","$4,844.47","$40.63","18.9%","-3.4%","6.1%","-2.7%","9.8%","7.5%","$24.08","-0.5%","1.6%","5.3%","0.0","0.8","$5,073.25","4.8%","7.4%","19.6%","-0.4","0.8","-9.1%","6.6%","10.1%","18.3%","-4.5%"
"CENX","Century Aluminum Company","US","NasdaqGS","Metals and Mining","18.9%","403.5%","580.3%","122.9%","$151.20","$5,339.43","$54.20","5.7%","2.3%","-3.5%","-9.5%","3.0%","15.7%","$51.23","14.7%","25.1%","28.0%","0.1","0.0","$5,071.43","0.4%","5.1%","14.8%","0.3","2.3","84.2%","78.2%","101.3%","20.7%","32.9%"
"GHC","Graham Holdings Company","US","NYSE","Diversified Consumer Services","29.9%","-20.4%","5.1%","1.0%","$247.96","$5,293.98","$5.72","4.9%","-3.1%","-18.5%","1.5%","4.9%","6.7%","$1,185.71","2.5%","9.1%","5.0%","0.0","0.3","$5,021.40","2.4%","6.4%","10.9%","0.3","0.8","27.4%","40.5%","13.2%","6.5%","14.5%"
"ANF","Abercrombie & Fitch Co.","US","NYSE","Specialty Retail","61.7%","2.6%","14.6%","2.5%","$416.05","$5,690.96","$40.53","7.9%","-3.9%","2.7%","-0.7%","8.3%","9.8%","$112.62","21.0%","-9.0%","3.5%","0.0","1.4","$5,003.90","7.9%","12.4%","12.6%","0.8","1.2","41.0%","148.0%","9.6%","21.9%","23.5%"
"BOOT","Boot Barn Holdings, Inc.","US","NYSE","Specialty Retail","38.5%","24.2%","13.6%","18.9%","$116.71","$5,621.39","$16.94","5.0%","0.3%","-7.2%","1.7%","2.4%","3.5%","$163.60","1.5%","-12.3%","14.3%","0.1","0.9","$4,954.60","1.4%","11.8%","13.6%","1.7","1.6","19.5%","13.1%","20.2%","12.4%","13.1%"
"OLLI","Ollie's Bargain Outlet Holdings, Inc.","US","NasdaqGM","Broadline Retail","40.7%","24.3%","17.0%","18.0%","$212.73","$5,396.14","$13.30","7.8%","-0.7%","-1.1%","-0.4%","4.3%","3.3%","$81.64","25.8%","-26.7%","11.6%","0.0","1.3","$4,935.41","2.1%","13.3%","11.4%","1.3","0.4","4.0%","27.7%","15.1%","10.1%","-2.3%"
"DOCS","Doximity, Inc.","US","NYSE","Health Care Technology","88.1%","-27.9%","14.6%","8.6%","$306.28","$4,205.82","$136.51","46.7%","-2.9%","2.9%","3.2%","6.3%","7.3%","$27.40","25.9%","-36.7%","5.7%","0.0","-3.3","$4,883.94","8.6%","14.5%","30.6%","-3.3","1.4","3.2%","14.6%","6.8%","41.8%","-12.4%"
"PAY","Paymentus Holdings, Inc.","US","NYSE","Financial Services","24.9%","50.1%","27.2%","28.5%","$159.14","$4,490.19","$23.02","11.7%","0.7%","22.9%","4.0%","3.3%","3.2%","$38.57","36.6%","35.5%","19.3%","0.0","1.4","$4,857.49","0.3%","34.6%","7.6%","-3.4","1.5","39.1%","129.0%","23.0%","29.6%","5.2%"
"ATAT","Atour Lifestyle Holdings Limited","CN","NasdaqGS","Hotels, Restaurants and Leisure","44.2%","45.7%","72.5%","41.3%","$320.80","$4,215.83","$19.06","20.7%","1.6%","10.1%","4.6%","6.6%","6.4%","$35.31","9.6%","-11.4%","23.6%","0.0","0.8","$4,853.72","2.1%","60.5%","25.0%","-1.6","0.8","21.0%","151.3%","19.6%","62.7%",""
"CVSA","Covista Inc.","US","NYSE","Diversified Consumer Services","57.3%","14.0%","11.8%","10.2%","$392.73","$5,297.97","$41.22","20.1%","-6.4%","11.1%","3.0%","8.2%","7.8%","$140.98","7.7%","34.9%","6.9%","0.0","2.1","$4,798.79","5.8%","10.4%","19.9%","1.1","0.7","47.6%","51.0%","14.6%","11.5%","31.1%"
"KLIC","Kulicke and Soffa Industries, Inc.","SG","NasdaqGS","Semiconductors and Semiconductor Equipment","52.6%","1,887.9%","8.1%","45.1%","$41.13","$4,299.72","$27.17","4.3%","-2.5%","33.3%","6.0%","0.9%","6.4%","$91.31","-19.5%","88.9%","52.3%","0.0","0.0","$4,778.17","0.5%","4.8%","18.5%","-2.5","1.6","22.0%","8.5%","295.0%","25.9%","7.1%"
"OII","Oceaneering International, Inc.","US","NYSE","Energy Equipment and Services","19.8%","75.1%","16.0%","2.3%","$223.24","$4,964.75","$17.83","7.8%","-0.4%","-8.3%","4.5%","4.7%","2.6%","$47.97","13.9%","93.0%","4.6%","0.0","-9.0","$4,774.44","0.8%","8.8%","10.4%","0.5","1.3","31.1%","76.2%","3.4%","24.4%","30.4%"
"BCO","The Brink's Company","US","NYSE","Commercial Services and Supplies","26.4%","16.3%","9.3%","13.6%","$393.60","$7,649.97","$27.30","7.2%","-3.9%","2.7%","0.4%","8.5%","13.5%","$112.19","7.9%","-3.7%","4.9%","0.0","1.8","$4,621.07","2.8%","5.0%","10.3%","3.3","1.1","17.1%","22.6%","14.5%","6.9%","8.8%"
"INDV","Indivior Pharmaceuticals, Inc.","US","NasdaqGS","Pharmaceuticals","85.7%","227.7%","11.2%","13.6%","-$111.00","$4,868.29","$32.00","-8.3%","-5.1%","21.7%","11.5%","-2.4%","9.1%","$38.82","-4.1%","8.6%","4.8%","0.1","0.2","$4,581.29","6.7%","9.9%","42.6%","0.5","1.1","18.8%","86.0%","16.7%","84.5%","27.2%"
"BRC","Brady Corporation","US","NYSE","Commercial Services and Supplies","51.4%","8.5%","9.0%","12.4%","$181.34","$4,483.90","$13.73","11.2%","-1.6%","1.7%","7.2%","4.0%","6.9%","$97.02","7.6%","23.4%","29.3%","0.0","1.5","$4,570.88","0.6%","7.4%","17.9%","-0.3","0.7","26.8%","9.8%","12.2%","16.7%","14.6%"
"AZZ","AZZ Inc.","US","NYSE","Building Products","23.8%","-23.9%","6.2%","2.9%","$169.19","$5,077.13","$13.53","10.1%","6.3%","9.9%","3.2%","3.7%","4.6%","$150.92","3.1%","37.5%","7.4%","0.0","1.6","$4,535.37","0.6%","3.6%","16.4%","1.5","","49.4%","39.3%","11.0%","10.5%","24.5%"
"CHEF","The Chefs' Warehouse, Inc.","US","NasdaqGS","Consumer Staples Distribution and Retail","24.5%","29.6%","14.1%","12.3%","$125.77","$5,306.87","$24.44","2.9%","0.9%","59.9%","3.9%","2.8%","6.7%","$110.20","15.0%","76.6%","9.2%","0.0","1.6","$4,495.73","0.5%","12.9%","4.2%","3.1","1.3","55.0%","58.4%","15.6%","8.8%","29.5%"
"FHI","Federated Hermes, Inc.","US","NYSE","Capital Markets","69.0%","19.8%","9.3%","19.2%","$366.94","$4,611.04","$30.14","19.0%","-5.3%","14.3%","3.8%","8.2%","8.0%","$63.16","6.7%","20.6%","7.1%","0.0","1.4","$4,495.64","4.6%","7.2%","27.4%","-0.1","0.7","29.5%","21.5%","6.8%","25.4%","18.0%"
"SKYW","SkyWest, Inc.","US","NasdaqGS","Passenger Airlines","30.9%","2.7%","19.6%","0.8%","$315.17","$6,125.67","$18.73","7.5%","-2.6%","15.4%","-1.2%","7.3%","9.5%","$111.84","12.2%","10.5%","5.9%","0.2","2.1","$4,342.56","5.7%","13.2%","14.0%","1.9","1.6","38.7%","346.4%","7.6%","6.5%","21.8%"
"CNS","Cohen & Steers, Inc.","US","NYSE","Capital Markets","47.3%","3.3%","2.6%","7.0%","$68.38","$4,256.61","$44.50","11.7%","1.5%","-3.7%","1.1%","1.6%","4.7%","$83.60","8.0%","31.5%","9.5%","0.0","2.0","$4,298.84","0.4%","4.5%","32.9%","-0.7","","11.7%","3.6%","10.1%","27.5%","2.3%"
"CNK","Cinemark Holdings, Inc.","US","NYSE","Entertainment","49.4%","-4.0%","6.5%","5.1%","$313.00","$6,741.27","$38.30","9.3%","-1.3%","-30.5%","5.4%","7.3%","7.4%","$37.24","28.2%","58.3%","8.4%","0.1","0.2","$4,271.87","2.8%","6.3%","13.4%","3.7","1.1","28.7%","196.5%","32.9%","8.5%","20.6%"
"ITGR","Integer Holdings Corporation","US","NYSE","Health Care Equipment and Supplies","26.1%","59.6%","8.1%","-0.9%","$111.98","$5,601.34","$22.73","6.1%","0.7%","3.6%","3.0%","2.6%","3.3%","$125.27","33.7%","63.2%","2.0%","0.1","-8.5","$4,258.18","2.6%","7.9%","11.4%","3.9","0.8","11.7%","20.1%","6.3%","6.2%","6.8%"
"MAT","Mattel, Inc.","US","NasdaqGS","Leisure Products","47.6%","-11.5%","4.9%","-4.9%","$434.61","$6,447.96","$74.00","7.9%","-6.9%","-4.1%","2.4%","10.3%","6.8%","$14.79","11.0%","-26.2%","5.7%","0.0","-1.5","$4,225.50","16.7%","2.8%","8.7%","3.4","0.7","-11.8%","29.8%","5.2%","9.0%","-8.1%"
"LIVN","LivaNova PLC","GB","NasdaqGS","Health Care Equipment and Supplies","68.3%","-187.5%","11.6%","12.4%","$148.31","$4,034.56","$44.49","10.1%","0.7%","5.6%","2.6%","3.5%","5.5%","$76.22","-7.7%","25.7%","8.3%","0.1","2.0","$4,199.23","0.1%","10.7%","14.6%","-0.6","1.0","11.4%","23.4%","8.3%","18.3%","-0.6%"
"DORM","Dorman Products, Inc.","US","NasdaqGS","Automobile Components","42.3%","-2.0%","15.1%","6.9%","$214.17","$4,577.86","$21.02","9.9%","-2.0%","2.4%","-6.5%","5.1%","5.8%","$140.91","1.7%","13.5%","4.5%","0.0","-9.1","$4,181.59","3.0%","5.0%","16.9%","0.9","0.9","18.2%","37.8%","2.0%","14.0%","7.0%"
"ATMU","Atmus Filtration Technologies Inc.","US","NYSE","Machinery","28.8%","15.5%","10.3%","15.9%","$190.40","$4,972.64","$14.20","10.0%","-0.7%","16.4%","4.0%","4.6%","4.1%","$51.17","1.0%","-2.4%","9.3%","0.0","2.9","$4,175.24","1.5%","5.5%","16.0%","2.3","1.6","30.4%","5.5%","8.6%","22.5%",""
"MWA","Mueller Water Products, Inc.","US","NYSE","Machinery","37.9%","51.0%","14.1%","13.9%","$179.60","$4,118.35","$13.90","12.1%","-0.1%","10.1%","1.1%","4.3%","4.8%","$26.65","6.9%","11.3%","3.6%","0.0","0.9","$4,160.75","0.4%","4.2%","20.9%","-0.1","1.2","25.0%","43.6%","8.8%","20.0%","13.3%"
"TDW","Tidewater Inc.","US","NYSE","Energy Equipment and Services","48.1%","29.3%","27.0%","-3.8%","$271.18","$4,156.59","$13.74","20.1%","-1.9%","-41.4%","2.9%","6.6%","6.6%","$82.84","12.9%","58.6%","10.5%","0.0","-1.6","$4,121.81","0.2%","19.6%","18.4%","0.1","0.6","9.6%","70.2%","33.7%","24.5%","47.6%"
"DAVE","Dave Inc.","US","NasdaqGM","Consumer Finance","71.7%","306.3%","61.4%","72.6%","$326.54","$4,069.75","$37.55","50.7%","2.2%","-1.6%","-0.2%","8.1%","9.4%","$317.93","-20.7%","44.9%","26.2%","0.0","2.7","$4,055.36","6.2%","39.6%","36.0%","0.1","3.9","249.5%","20.4%","15.2%","93.1%","0.1%"
"BMI","Badger Meter, Inc.","US","NYSE","Electronic Equipment, Instruments and Components","41.3%","-6.9%","13.8%","1.1%","$150.30","$3,952.86","$10.13","17.1%","-0.4%","-24.0%","0.6%","3.7%","3.0%","$138.86","-3.7%","-21.3%","3.8%","0.0","-4.7","$4,025.11","1.9%","11.8%","18.6%","-0.4","0.9","-4.7%","17.7%","1.7%","15.0%","7.3%"
"CSTM","Constellium SE","FR","NYSE","Metals and Mining","16.6%","1,656.2%","31.2%","64.8%","$218.00","$5,757.94","","2.3%","-2.6%","101.6%","1.0%","5.5%","8.3%","$29.44","0.5%","48.9%","12.8%","0.0","0.0","$3,989.94","2.8%","2.6%","9.5%","1.4","1.6","18.0%","33.5%","31.6%","16.7%","8.5%"
"SEZL","Sezzle Inc.","US","NasdaqCM","Financial Services","75.0%","54.9%","91.1%","54.2%","$274.61","$4,016.68","$7.18","51.6%","-0.4%","26.0%","10.8%","6.9%","-0.6%","$118.02","-34.2%","81.2%","29.7%","0.0","0.6","$3,974.33","1.7%","56.7%","59.2%","0.1","8.7","107.2%","168.3%","28.1%","100.7%",""
"GEO","The GEO Group, Inc.","US","NYSE","Commercial Services and Supplies","26.0%","231.9%","1.1%","16.3%","$26.44","$5,514.41","$24.29","0.9%","1.9%","8.7%","1.5%","0.7%","14.1%","$30.69","0.7%","92.7%","11.4%","0.1","-0.5","$3,964.00","4.6%","5.0%","12.6%","3.2","0.7","60.7%","32.1%","43.9%","7.7%","32.0%"
"YETI","YETI Holdings, Inc.","US","NYSE","Leisure Products","57.0%","-4.6%","12.0%","1.0%","$257.50","$4,051.42","$46.95","13.6%","-4.4%","4.1%","1.5%","6.5%","5.9%","$52.20","6.7%","16.4%","7.4%","0.0","1.6","$3,954.58","7.8%","5.8%","10.8%","0.4","1.8","4.0%","32.3%","14.5%","19.4%","-12.5%"
"IPAR","Interparfums, Inc.","US","NasdaqGS","Personal Care Products","58.9%","4.2%","9.3%","0.1%","$245.89","$4,112.02","$1.47","16.4%","0.1%","12.8%","0.6%","6.2%","6.5%","$122.97","3.1%","43.9%","4.0%","0.0","-3.3","$3,938.21","0.3%","7.4%","17.3%","-0.2","1.3","-0.9%","4.5%","3.1%","17.9%","12.3%"
"LOPE","Grand Canyon Education, Inc.","US","NasdaqGS","Diversified Consumer Services","53.3%","-0.0%","7.5%","7.6%","$242.56","$3,754.90","$13.58","21.2%","-4.8%","0.5%","0.9%","6.2%","5.7%","$152.53","1.0%","-7.8%","5.9%","0.0","1.5","$3,925.21","8.7%","7.2%","27.8%","-0.5","0.8","11.7%","10.3%","11.2%","39.0%","11.3%"
"OSIS","OSI Systems, Inc.","US","NasdaqGS","Electronic Equipment, Instruments and Components","32.8%","6.1%","13.1%","3.5%","$66.97","$4,593.73","$29.30","3.7%","-0.5%","2.3%","0.9%","1.7%","4.8%","$236.23","9.1%","-7.6%","6.4%","0.0","2.4","$3,893.75","4.5%","14.5%","12.5%","2.6","1.3","26.8%","21.8%","11.0%","10.0%","18.9%"
"SRAD","Sportradar Group AG","CH","NasdaqGS","Hotels, Restaurants and Leisure","27.2%","-84.2%","4.6%","29.2%","$481.05","$3,634.38","$66.68","30.4%","-0.2%","-118.8%","-1.0%","12.5%","6.2%","$13.02","-15.7%","-44.2%","14.9%","0.0","-8.6","$3,851.54","7.2%","19.6%","13.3%","-0.4","2.0","1.0%","7.0%","40.8%","7.9%",""
"COCO","The Vita Coco Company, Inc.","US","NasdaqGS","Beverages","41.1%","69.1%","27.6%","43.6%","$124.44","$3,389.14","$13.91","17.6%","1.3%","62.1%","2.6%","3.4%","2.6%","$62.25","-12.8%","16.4%","25.6%","0.0","0.5","$3,653.71","0.3%","14.9%","19.1%","-1.9","0.4","31.7%","53.1%","20.5%","72.9%",""
"BFAM","Bright Horizons Family Solutions Inc.","US","NYSE","Diversified Consumer Services","25.5%","3.8%","20.5%","11.7%","$235.93","$5,458.87","$30.08","7.8%","-5.6%","2.5%","0.5%","6.6%","7.0%","$73.38","0.1%","-26.1%","5.6%","0.0","1.9","$3,568.86","18.1%","10.8%","12.5%","4.0","1.4","-7.8%","41.2%","12.3%","6.4%","-12.7%"
"PLMR","Palomar Holdings, Inc.","US","NasdaqGS","Insurance","27.4%","31.0%","48.1%","38.0%","$414.77","$3,680.70","$21.01","38.0%","2.1%","7.1%","-0.0%","12.0%","8.7%","$131.00","-3.7%","-0.6%","35.4%","0.0","0.6","$3,447.62","2.9%","46.2%","24.9%","0.8","0.5","32.1%","48.9%","18.8%","6.6%","8.7%"
"NATL","NCR Atleos Corporation","US","NYSE","Financial Services","25.3%","67.9%","5.4%","7.9%","$159.00","$5,956.12","$34.00","3.6%","","9.7%","-2.8%","4.6%","8.9%","$46.58","3.7%","25.1%","3.4%","0.0","1.3","$3,442.12","1.7%","2.4%","13.2%","2.9","1.0","","4.4%","17.1%","10.0%",""
"LRN","Stride, Inc.","US","NYSE","Diversified Consumer Services","37.8%","20.0%","13.7%","0.7%","$433.23","$2,907.78","$40.26","17.2%","-0.8%","4.1%","1.4%","12.8%","14.7%","$82.51","-9.3%","27.7%","3.2%","0.0","2.4","$3,396.00","6.6%","11.1%","17.9%","-1.0","0.0","28.3%","34.0%","4.0%","28.3%","21.9%"
"NMIH","NMI Holdings, Inc.","US","NasdaqGM","Financial Services","76.4%","7.8%","9.2%","4.1%","$441.61","$3,711.00","$20.71","60.4%","-2.9%","0.8%","1.5%","13.2%","","$44.63","8.4%","9.9%","5.5%","0.0","1.3","$3,356.97","3.9%","10.4%","73.2%","0.6","0.7","15.3%","12.2%","5.6%","12.5%","14.5%"
"HAYW","Hayward Holdings, Inc.","US","NYSE","Building Products","48.0%","20.0%","7.4%","13.5%","$201.86","$3,881.82","$14.67","17.3%","-0.2%","17.3%","4.5%","6.0%","6.3%","$15.82","-0.6%","0.3%","5.4%","0.0","1.8","$3,355.73","2.1%","5.4%","21.3%","1.7","1.1","3.2%","27.3%","10.9%","8.4%","-6.4%"
"CXW","CoreCivic, Inc.","US","NYSE","Commercial Services and Supplies","22.6%","31.8%","10.1%","15.6%","$57.32","$4,455.92","$26.25","2.3%","-4.5%","30.6%","10.7%","1.8%","","$32.27","1.2%","69.7%","13.8%","0.1","0.0","$3,191.29","6.0%","10.2%","10.0%","3.3","0.7","46.4%","6.2%","37.0%","6.6%","25.1%"
"AAMI","Acadian Asset Management Inc.","US","NYSE","Capital Markets","40.9%","17.9%","8.8%","11.6%","-$50.10","$3,422.89","$86.30","-7.5%","-5.1%","3.4%","6.0%","-1.6%","","$89.85","10.0%","89.6%","28.8%","0.0","0.5","$3,188.79","0.7%","18.9%","23.6%","1.1","1.3","65.4%","18.9%","31.0%","20.9%","27.9%"
"EXPO","Exponent, Inc.","US","NasdaqGS","Professional Services","36.4%","11.9%","4.3%","11.3%","$108.56","$3,189.69","$26.11","19.1%","-2.2%","3.6%","0.9%","3.4%","6.1%","$66.79","7.6%","-4.8%","10.5%","0.0","1.4","$3,175.60","6.7%","5.3%","22.5%","0.1","0.8","-7.1%","4.2%","14.6%","21.1%","-9.1%"
"DHT","DHT Holdings, Inc.","BM","NYSE","Oil, Gas and Consumable Fuels","76.7%","151.4%","24.8%","95.3%","$36.25","$3,304.11","$3.93","4.5%","-0.2%","1.5%","7.1%","1.2%","14.4%","$18.76","5.6%","59.8%","19.2%","0.5","0.0","$3,024.78","0.6%","11.9%","60.8%","0.5","-0.1","36.2%","43.4%","25.7%","33.0%","37.5%"
"AEO","American Eagle Outfitters, Inc.","US","NYSE","Specialty Retail","38.2%","56.2%","6.8%","10.9%","$185.03","$4,781.57","$40.91","3.3%","-5.3%","17.8%","0.9%","6.1%","10.1%","$17.97","6.9%","-31.8%","4.4%","0.0","0.6","$3,011.29","3.0%","4.1%","7.6%","2.7","1.4","7.8%","41.3%","14.7%","9.2%","-10.0%"
"PENG","Penguin Solutions, Inc.","US","NasdaqGS","Semiconductors and Semiconductor Equipment","27.9%","-595.8%","4.2%","8.7%","-$69.43","$3,168.65","$33.01","-4.6%","0.8%","23.1%","13.6%","-2.4%","13.7%","$58.43","-10.3%","177.4%","26.7%","0.0","1.1","$2,882.91","2.1%","9.7%","8.2%","0.4","","28.7%","36.2%","17.5%","11.5%","17.6%"
"KALU","Kaiser Aluminum Corporation","US","NasdaqGS","Metals and Mining","14.5%","201.4%","28.8%","61.5%","$87.00","$4,003.12","$20.40","2.1%","0.6%","90.5%","16.8%","2.9%","8.2%","$184.75","16.0%","53.6%","14.9%","0.0","0.1","$2,992.72","0.3%","9.5%","8.1%","2.2","1.5","39.1%","176.2%","31.3%","11.7%","11.8%"
"DXPE","DXP Enterprises, Inc.","US","NasdaqGS","Trading Companies and Distributors","31.8%","8.4%","12.3%","12.8%","$118.66","$3,657.28","$6.18","5.5%","-2.5%","6.9%","6.2%","4.0%","2.0%","$192.36","18.3%","78.6%","10.3%","0.0","1.8","$2,984.88","0.8%","9.1%","8.9%","2.9","1.0","80.8%","22.8%","15.7%","11.2%","42.8%"
"GRND","Grindr Inc.","US","NYSE","Interactive Media and Services","74.9%","-232.9%","32.6%","33.5%","$154.02","$3,265.04","$62.68","30.2%","-0.0%","-11.9%","4.3%","5.3%","6.7%","$16.58","5.7%","24.6%","20.2%","0.0","2.3","$2,881.95","13.4%","31.9%","30.9%","2.4","0.2","48.6%","98.8%","27.3%","28.7%","10.6%"
"SKWD","Skyward Specialty Insurance Group, Inc.","US","NasdaqGS","Insurance","28.5%","36.0%","34.3%","42.3%","$422.60","$3,044.71","$11.96","27.0%","5.6%","14.9%","3.8%","16.9%","6.9%","$63.67","7.3%","31.0%","21.6%","0.0","0.6","$2,826.72","0.3%","32.5%","15.9%","0.7","0.5","37.0%","38.2%","16.8%","4.7%",""
"ALRM","Alarm.com Holdings, Inc.","US","NasdaqGS","Software","65.8%","-4.5%","9.6%","8.8%","$187.71","$2,956.17","$30.42","17.7%","-0.5%","12.2%","4.8%","6.6%","9.5%","$57.53","11.7%","12.3%","5.9%","0.0","2.6","$2,824.16","2.6%","7.3%","14.1%","0.5","0.9","-2.0%","21.5%","6.9%","9.3%","-7.9%"
"AVPT","AvePoint, Inc.","US","NasdaqGS","Software","73.4%","-806.5%","24.5%","22.5%","$101.01","$2,315.31","$35.39","21.7%","4.5%","13.5%","2.6%","3.7%","4.5%","$12.79","2.8%","-3.3%","21.1%","0.0","1.1","$2,705.92","4.0%","23.0%","9.9%","-7.4","1.1","28.8%","10.2%","23.6%","15.6%","4.7%"
"EEFT","Euronet Worldwide, Inc.","US","NasdaqGS","Financial Services","24.0%","-14.1%","-8.7%","4.5%","$268.90","$3,334.35","$60.60","6.1%","-9.0%","8.5%","-2.7%","10.0%","","$72.08","-6.7%","-2.7%","5.2%","0.0","1.0","$2,696.05","18.6%","7.5%","11.5%","0.9","","-5.5%","6.3%","12.6%","6.4%","-11.2%"
"OSW","OneSpaWorld Holdings Limited","BS","NasdaqCM","Diversified Consumer Services","13.4%","16.1%","20.1%","13.5%","$78.23","$2,710.37","$9.45","7.7%","0.7%","5.2%","0.1%","2.9%","7.4%","$26.21","-0.4%","27.0%","8.1%","0.0","2.2","$2,660.28","1.4%","12.2%","9.5%","0.4","1.1","31.1%","68.6%","14.8%","14.6%","21.5%"
"IMAX","IMAX Corporation","CA","NYSE","Entertainment","59.7%","22.0%","9.5%","19.6%","$104.11","$2,876.56","$27.23","25.0%","0.1%","22.9%","9.7%","3.9%","5.2%","$48.49","26.7%","34.6%","7.2%","0.1","2.6","$2,659.29","0.5%","5.8%","22.8%","0.9","0.4","35.9%","107.7%","16.1%","11.1%","27.2%"
"VVX","V2X, Inc.","US","NYSE","Aerospace and Defense","8.5%","32.6%","3.0%","11.3%","$130.45","$3,541.97","$14.16","2.7%","0.2%","16.5%","4.2%","4.9%","10.2%","$84.41","12.6%","51.9%","8.0%","0.0","1.6","$2,645.86","1.3%","8.3%","4.2%","2.9","0.1","18.3%","26.9%","12.3%","7.1%","12.7%"
"SPSC","SPS Commerce, Inc.","US","NasdaqGS","Software","69.8%","-4.2%","18.4%","12.5%","$198.70","$2,474.83","$61.63","25.7%","-0.6%","13.1%","1.2%","7.5%","8.9%","$73.38","20.6%","-16.5%","5.7%","0.0","2.4","$2,641.69","5.4%","16.2%","15.8%","-0.9","0.6","-24.3%","7.9%","9.0%","9.9%","-8.0%"
"STNE","StoneCo Ltd.","KY","NasdaqGS","Financial Services","73.6%","-383.4%","13.0%","9.2%","$631.66","$3,772.23","$62.02","24.2%","-8.1%","7.1%","1.7%","24.5%","17.8%","$10.60","-5.4%","-27.8%","5.6%","0.0","0.5","$2,578.22","20.0%","12.0%","47.7%","0.9","1.8","-2.1%","493.1%","15.3%","18.5%","-25.5%"
"KMT","Kennametal Inc.","US","NYSE","Machinery","41.2%","268.3%","14.5%","61.8%","-$80.91","$3,190.09","$34.85","-3.4%","-1.5%","24.3%","1.5%","-3.2%","7.0%","$33.13","-1.4%","14.3%","19.4%","0.0","0.6","$2,524.84","0.4%","4.3%","20.4%","1.0","1.5","9.8%","44.7%","38.3%","15.3%","1.2%"
"UFPT","UFP Technologies, Inc.","US","NasdaqCM","Health Care Equipment and Supplies","28.5%","7.3%","18.9%","6.3%","$61.42","$2,559.55","$10.31","9.7%","0.5%","9.2%","9.1%","2.5%","4.7%","$314.01","32.5%","40.6%","7.7%","0.0","3.0","$2,432.26","0.2%","17.8%","15.2%","1.1","1.1","21.6%","12.8%","8.3%","13.2%","37.6%"
"HURN","Huron Consulting Group Inc.","US","NasdaqGS","Professional Services","32.7%","15.9%","14.0%","15.5%","$161.00","$3,252.27","$49.42","9.1%","-3.2%","11.3%","3.7%","6.7%","","$152.05","43.6%","-11.1%","10.8%","0.0","1.3","$2,419.13","10.6%","12.0%","12.1%","3.4","0.2","15.9%","22.3%","13.7%","12.3%","26.5%"
"CALX","Calix, Inc.","US","NYSE","Communications Equipment","56.6%","-278.4%","7.4%","30.3%","$85.42","$2,211.05","$79.87","7.7%","-1.7%","6.7%","1.2%","3.6%","4.4%","$37.98","-6.0%","-29.1%","17.4%","0.0","1.9","$2,391.37","8.0%","3.9%","5.5%","-2.3","1.6","-2.7%","4.7%","36.2%","7.5%","-3.3%"
"FIGS","FIGS, Inc.","US","NYSE","Textiles, Apparel and Luxury Goods","68.9%","653.9%","9.6%","27.8%","$97.22","$2,130.54","$24.44","13.7%","-0.5%","381.9%","5.6%","4.1%","2.3%","$14.26","42.0%","25.2%","14.1%","0.0","0.5","$2,369.16","1.7%","10.1%","9.6%","-3.0","1.3","28.4%","60.3%","28.5%","24.5%","-18.6%"
"RAMP","LiveRamp Holdings, Inc.","US","NYSE","Software","70.8%","1,021.2%","10.8%","8.7%","$200.03","$1,960.75","$78.52","24.0%","-2.8%","12.8%","0.9%","8.7%","9.1%","$37.81","-0.2%","37.9%","9.4%","0.0","0.6","$2,298.66","8.6%","11.0%","12.9%","-2.8","1.2","5.7%","19.9%","26.7%","21.1%","-4.4%"
"MCRI","Monarch Casino & Resort, Inc.","US","NasdaqGS","Hotels, Restaurants and Leisure","68.0%","47.8%","5.5%","6.9%","$154.30","$2,103.91","$8.47","27.5%","-2.2%","36.5%","-0.9%","6.9%","8.5%","$124.39","0.4%","29.5%","3.3%","0.0","0.9","$2,229.38","2.9%","4.3%","26.6%","-0.6","1.4","23.7%","10.7%","8.2%","18.3%","13.6%"
"TILE","Interface, Inc.","US","NasdaqGS","Commercial Services and Supplies","40.5%","52.5%","10.9%","14.6%","$124.03","$2,420.39","$17.11","8.6%","-0.0%","21.5%","1.1%","5.6%","4.5%","$38.29","15.1%","34.7%","5.7%","0.0","1.5","$2,222.97","2.2%","3.8%","13.2%","0.9","1.9","55.6%","210.7%","7.9%","16.5%","23.2%"
"GRC","The Gorman-Rupp Company","US","NYSE","Machinery","31.8%","19.9%","8.6%","7.3%","$100.54","$2,444.46","$4.05","14.3%","0.3%","38.8%","-1.5%","4.5%","4.1%","$83.79","5.4%","74.1%","5.9%","0.0","1.1","$2,212.91","0.1%","3.6%","15.0%","1.7","1.3","39.7%","41.9%","17.5%","10.8%","21.4%"
"BLBD","Blue Bird Corporation","US","NasdaqGM","Machinery","20.6%","143.2%","57.8%","19.9%","$153.14","$2,176.97","$7.44","9.5%","-0.5%","24.8%","3.6%","7.0%","2.5%","$68.76","-11.1%","47.0%","17.1%","0.0","0.9","$2,178.04","1.1%","14.0%","11.8%","-0.0","1.4","51.0%","147.0%","6.8%","31.2%","23.4%"
"PRDO","Perdoceo Education Corporation","US","NasdaqGS","Diversified Consumer Services","79.9%","19.2%","3.8%","10.0%","$217.98","$1,498.00","$12.44","25.4%","-1.6%","9.3%","0.4%","10.3%","5.0%","$33.85","-5.2%","16.3%","2.0%","0.0","0.6","$2,118.23","4.7%","5.7%","24.6%","-2.5","0.9","26.8%","13.9%","11.9%","24.7%","24.5%"
"DV","DoubleVerify Holdings, Inc.","US","NYSE","Media","82.4%","12.2%","15.6%","8.1%","$160.55","$1,949.03","$102.65","20.9%","-2.5%","-4.9%","-4.1%","7.8%","9.4%","$13.21","13.2%","21.6%","8.2%","0.1","2.0","$2,047.38","7.8%","15.3%","12.7%","-0.7","1.0","-25.8%","4.4%","21.8%","6.0%","-17.0%"